ISO-10303-21;
HEADER;
/* Generated by software containing ST-Developer
 * from STEP Tools, Inc. (www.steptools.com) 
 */

FILE_DESCRIPTION(
/* description */ (''),
/* implementation_level */ '2;1');

FILE_NAME(
/* name */ 
'\\\\sinsdv020.ap.infineon.com\\DES_S_PS_ACD\\Working Folder\\PG-TFLGA
-13-1\\PG-TFLGA-13-1_Z8B00181875_05_3D.stp',
/* time_stamp */ '2018-10-30T15:45:46+05:00',
/* author */ ('janartha'),
/* organization */ (''),
/* preprocessor_version */ 'ST-DEVELOPER v16.13',
/* originating_system */ 'AutoCAD Mechanical',
/* authorisation */ '');

FILE_SCHEMA (('AUTOMOTIVE_DESIGN { 1 0 10303 214 3 1 1 }'));
ENDSEC;

DATA;
#10=MECHANICAL_DESIGN_GEOMETRIC_PRESENTATION_REPRESENTATION('',(#75,#76,
#77,#78,#80,#79,#81,#89,#88,#91,#90,#92,#94,#93,#82,#83,#84,#85,#86,#87,
#95,#96,#97,#98,#99,#102,#100,#101,#103),#11631);
#11=PRESENTATION_LAYER_ASSIGNMENT('0','0',(#104,#105,#106,#107,#108,#109,
#110,#111,#112,#113,#114,#115,#116,#117,#118,#119,#120,#121,#122,#123,#124,
#125,#126,#127,#128,#129));
#12=PRESENTATION_LAYER_ASSIGNMENT('2','3D_Mold',(#130));
#13=PRESENTATION_LAYER_ASSIGNMENT('4','3D_Pin1',(#131));
#14=PRESENTATION_LAYER_ASSIGNMENT('7','3D_Iden',(#132));
#15=ITEM_DEFINED_TRANSFORMATION($,$,#6923,#7587);
#16=ITEM_DEFINED_TRANSFORMATION($,$,#7415,#7588);
#17=ITEM_DEFINED_TRANSFORMATION($,$,#7458,#7589);
#18=ITEM_DEFINED_TRANSFORMATION($,$,#7495,#7590);
#19=(
REPRESENTATION_RELATIONSHIP($,$,#11650,#11649)
REPRESENTATION_RELATIONSHIP_WITH_TRANSFORMATION(#15)
SHAPE_REPRESENTATION_RELATIONSHIP()
);
#20=(
REPRESENTATION_RELATIONSHIP($,$,#11651,#11649)
REPRESENTATION_RELATIONSHIP_WITH_TRANSFORMATION(#16)
SHAPE_REPRESENTATION_RELATIONSHIP()
);
#21=(
REPRESENTATION_RELATIONSHIP($,$,#11652,#11649)
REPRESENTATION_RELATIONSHIP_WITH_TRANSFORMATION(#17)
SHAPE_REPRESENTATION_RELATIONSHIP()
);
#22=(
REPRESENTATION_RELATIONSHIP($,$,#11653,#11649)
REPRESENTATION_RELATIONSHIP_WITH_TRANSFORMATION(#18)
SHAPE_REPRESENTATION_RELATIONSHIP()
);
#23=CONTEXT_DEPENDENT_SHAPE_REPRESENTATION(#19,#11645);
#24=CONTEXT_DEPENDENT_SHAPE_REPRESENTATION(#20,#11646);
#25=CONTEXT_DEPENDENT_SHAPE_REPRESENTATION(#21,#11647);
#26=CONTEXT_DEPENDENT_SHAPE_REPRESENTATION(#22,#11648);
#27=NEXT_ASSEMBLY_USAGE_OCCURRENCE('65D','65D','65D',#11655,#11656,
'65D');
#28=NEXT_ASSEMBLY_USAGE_OCCURRENCE('65E','65E','65E',#11655,#11657,
'65E');
#29=NEXT_ASSEMBLY_USAGE_OCCURRENCE('65F','65F','65F',#11655,#11658,
'65F');
#30=NEXT_ASSEMBLY_USAGE_OCCURRENCE('661','661','661',#11655,#11659,
'661');
#31=SHAPE_REPRESENTATION_RELATIONSHIP('SRR','None',#11650,#36);
#32=SHAPE_REPRESENTATION_RELATIONSHIP('SRR','None',#11651,#37);
#33=SHAPE_REPRESENTATION_RELATIONSHIP('SRR','None',#11652,#38);
#34=SHAPE_REPRESENTATION_RELATIONSHIP('SRR','None',#11653,#39);
#35=SHAPE_REPRESENTATION_RELATIONSHIP('SRR','None',#11649,#40);
#36=ADVANCED_BREP_SHAPE_REPRESENTATION('',(#104,#105,#106,#107,#108,#109,
#110,#111,#112,#113,#114,#115),#11627);
#37=ADVANCED_BREP_SHAPE_REPRESENTATION('',(#116,#117,#118,#119,#120,#121,
#122),#11628);
#38=ADVANCED_BREP_SHAPE_REPRESENTATION('',(#123,#124,#125,#126,#127,#128),
#11629);
#39=ADVANCED_BREP_SHAPE_REPRESENTATION('',(#129),#11630);
#40=ADVANCED_BREP_SHAPE_REPRESENTATION('',(#130,#131,#132),#11626);
#41=FACE_BOUND('',#832,.T.);
#42=FACE_BOUND('',#836,.T.);
#43=FACE_BOUND('',#918,.T.);
#44=FACE_BOUND('',#920,.T.);
#45=FACE_BOUND('',#978,.T.);
#46=FACE_BOUND('',#980,.T.);
#47=FACE_BOUND('',#1124,.T.);
#48=FACE_BOUND('',#1125,.T.);
#49=FACE_BOUND('',#1126,.T.);
#50=FACE_BOUND('',#1127,.T.);
#51=FACE_BOUND('',#1128,.T.);
#52=FACE_BOUND('',#1129,.T.);
#53=FACE_BOUND('',#1130,.T.);
#54=FACE_BOUND('',#1131,.T.);
#55=FACE_BOUND('',#1132,.T.);
#56=FACE_BOUND('',#1133,.T.);
#57=FACE_BOUND('',#1134,.T.);
#58=FACE_BOUND('',#1135,.T.);
#59=FACE_BOUND('',#1136,.T.);
#60=FACE_BOUND('',#1138,.T.);
#61=FACE_BOUND('',#1139,.T.);
#62=FACE_BOUND('',#1140,.T.);
#63=FACE_BOUND('',#1141,.T.);
#64=FACE_BOUND('',#1142,.T.);
#65=FACE_BOUND('',#1143,.T.);
#66=FACE_BOUND('',#1144,.T.);
#67=FACE_BOUND('',#1145,.T.);
#68=FACE_BOUND('',#1146,.T.);
#69=FACE_BOUND('',#1147,.T.);
#70=FACE_BOUND('',#1148,.T.);
#71=FACE_BOUND('',#1149,.T.);
#72=FACE_BOUND('',#1150,.T.);
#73=FACE_BOUND('',#1159,.T.);
#74=FACE_BOUND('',#1161,.T.);
#75=STYLED_ITEM('',(#11679),#104);
#76=STYLED_ITEM('',(#11679),#105);
#77=STYLED_ITEM('',(#11679),#106);
#78=STYLED_ITEM('',(#11679),#107);
#79=STYLED_ITEM('',(#11679),#108);
#80=STYLED_ITEM('',(#11679),#109);
#81=STYLED_ITEM('',(#11679),#110);
#82=STYLED_ITEM('',(#11679),#111);
#83=STYLED_ITEM('',(#11679),#112);
#84=STYLED_ITEM('',(#11679),#113);
#85=STYLED_ITEM('',(#11679),#114);
#86=STYLED_ITEM('',(#11679),#115);
#87=STYLED_ITEM('',(#11680),#116);
#88=STYLED_ITEM('',(#11680),#117);
#89=STYLED_ITEM('',(#11680),#118);
#90=STYLED_ITEM('',(#11680),#119);
#91=STYLED_ITEM('',(#11680),#120);
#92=STYLED_ITEM('',(#11680),#121);
#93=STYLED_ITEM('',(#11680),#122);
#94=STYLED_ITEM('',(#11680),#123);
#95=STYLED_ITEM('',(#11680),#124);
#96=STYLED_ITEM('',(#11680),#125);
#97=STYLED_ITEM('',(#11680),#126);
#98=STYLED_ITEM('',(#11680),#127);
#99=STYLED_ITEM('',(#11680),#128);
#100=STYLED_ITEM('',(#11681),#129);
#101=STYLED_ITEM('',(#11682),#130);
#102=STYLED_ITEM('',(#11683),#131);
#103=STYLED_ITEM('',(#11684),#132);
#104=MANIFOLD_SOLID_BREP('625',#6893);
#105=MANIFOLD_SOLID_BREP('626',#6894);
#106=MANIFOLD_SOLID_BREP('627',#6895);
#107=MANIFOLD_SOLID_BREP('628',#6896);
#108=MANIFOLD_SOLID_BREP('629',#6897);
#109=MANIFOLD_SOLID_BREP('62A',#6898);
#110=MANIFOLD_SOLID_BREP('62B',#6899);
#111=MANIFOLD_SOLID_BREP('62C',#6900);
#112=MANIFOLD_SOLID_BREP('62D',#6901);
#113=MANIFOLD_SOLID_BREP('62E',#6902);
#114=MANIFOLD_SOLID_BREP('62F',#6903);
#115=MANIFOLD_SOLID_BREP('630',#6904);
#116=MANIFOLD_SOLID_BREP('634',#6905);
#117=MANIFOLD_SOLID_BREP('635',#6906);
#118=MANIFOLD_SOLID_BREP('636',#6907);
#119=MANIFOLD_SOLID_BREP('637',#6908);
#120=MANIFOLD_SOLID_BREP('638',#6909);
#121=MANIFOLD_SOLID_BREP('639',#6910);
#122=MANIFOLD_SOLID_BREP('63A',#6911);
#123=MANIFOLD_SOLID_BREP('63E',#6912);
#124=MANIFOLD_SOLID_BREP('63F',#6913);
#125=MANIFOLD_SOLID_BREP('640',#6914);
#126=MANIFOLD_SOLID_BREP('641',#6915);
#127=MANIFOLD_SOLID_BREP('642',#6916);
#128=MANIFOLD_SOLID_BREP('643',#6917);
#129=MANIFOLD_SOLID_BREP('64B',#6918);
#130=MANIFOLD_SOLID_BREP('DD4',#6919);
#131=MANIFOLD_SOLID_BREP('E6B',#6920);
#132=MANIFOLD_SOLID_BREP('EA6',#6921);
#133=PLANE('',#6927);
#134=PLANE('',#6973);
#135=PLANE('',#6980);
#136=PLANE('',#6981);
#137=PLANE('',#6982);
#138=PLANE('',#6983);
#139=PLANE('',#6984);
#140=PLANE('',#6985);
#141=PLANE('',#6986);
#142=PLANE('',#6999);
#143=PLANE('',#7000);
#144=PLANE('',#7001);
#145=PLANE('',#7005);
#146=PLANE('',#7006);
#147=PLANE('',#7007);
#148=PLANE('',#7008);
#149=PLANE('',#7009);
#150=PLANE('',#7010);
#151=PLANE('',#7011);
#152=PLANE('',#7024);
#153=PLANE('',#7025);
#154=PLANE('',#7026);
#155=PLANE('',#7030);
#156=PLANE('',#7031);
#157=PLANE('',#7041);
#158=PLANE('',#7054);
#159=PLANE('',#7055);
#160=PLANE('',#7056);
#161=PLANE('',#7057);
#162=PLANE('',#7058);
#163=PLANE('',#7059);
#164=PLANE('',#7060);
#165=PLANE('',#7061);
#166=PLANE('',#7062);
#167=PLANE('',#7063);
#168=PLANE('',#7064);
#169=PLANE('',#7065);
#170=PLANE('',#7066);
#171=PLANE('',#7070);
#172=PLANE('',#7071);
#173=PLANE('',#7075);
#174=PLANE('',#7076);
#175=PLANE('',#7077);
#176=PLANE('',#7078);
#177=PLANE('',#7079);
#178=PLANE('',#7080);
#179=PLANE('',#7081);
#180=PLANE('',#7082);
#181=PLANE('',#7083);
#182=PLANE('',#7084);
#183=PLANE('',#7085);
#184=PLANE('',#7086);
#185=PLANE('',#7087);
#186=PLANE('',#7088);
#187=PLANE('',#7089);
#188=PLANE('',#7090);
#189=PLANE('',#7091);
#190=PLANE('',#7092);
#191=PLANE('',#7093);
#192=PLANE('',#7094);
#193=PLANE('',#7095);
#194=PLANE('',#7096);
#195=PLANE('',#7097);
#196=PLANE('',#7098);
#197=PLANE('',#7099);
#198=PLANE('',#7112);
#199=PLANE('',#7113);
#200=PLANE('',#7114);
#201=PLANE('',#7118);
#202=PLANE('',#7119);
#203=PLANE('',#7123);
#204=PLANE('',#7124);
#205=PLANE('',#7164);
#206=PLANE('',#7165);
#207=PLANE('',#7193);
#208=PLANE('',#7194);
#209=PLANE('',#7243);
#210=PLANE('',#7244);
#211=PLANE('',#7413);
#212=PLANE('',#7414);
#213=PLANE('',#7416);
#214=PLANE('',#7417);
#215=PLANE('',#7418);
#216=PLANE('',#7419);
#217=PLANE('',#7420);
#218=PLANE('',#7421);
#219=PLANE('',#7422);
#220=PLANE('',#7423);
#221=PLANE('',#7424);
#222=PLANE('',#7425);
#223=PLANE('',#7426);
#224=PLANE('',#7427);
#225=PLANE('',#7428);
#226=PLANE('',#7429);
#227=PLANE('',#7430);
#228=PLANE('',#7431);
#229=PLANE('',#7432);
#230=PLANE('',#7433);
#231=PLANE('',#7434);
#232=PLANE('',#7435);
#233=PLANE('',#7436);
#234=PLANE('',#7437);
#235=PLANE('',#7438);
#236=PLANE('',#7439);
#237=PLANE('',#7440);
#238=PLANE('',#7441);
#239=PLANE('',#7442);
#240=PLANE('',#7443);
#241=PLANE('',#7444);
#242=PLANE('',#7445);
#243=PLANE('',#7446);
#244=PLANE('',#7447);
#245=PLANE('',#7448);
#246=PLANE('',#7449);
#247=PLANE('',#7450);
#248=PLANE('',#7451);
#249=PLANE('',#7452);
#250=PLANE('',#7453);
#251=PLANE('',#7454);
#252=PLANE('',#7455);
#253=PLANE('',#7456);
#254=PLANE('',#7457);
#255=PLANE('',#7459);
#256=PLANE('',#7460);
#257=PLANE('',#7461);
#258=PLANE('',#7462);
#259=PLANE('',#7463);
#260=PLANE('',#7464);
#261=PLANE('',#7465);
#262=PLANE('',#7466);
#263=PLANE('',#7467);
#264=PLANE('',#7468);
#265=PLANE('',#7469);
#266=PLANE('',#7470);
#267=PLANE('',#7471);
#268=PLANE('',#7472);
#269=PLANE('',#7473);
#270=PLANE('',#7474);
#271=PLANE('',#7475);
#272=PLANE('',#7476);
#273=PLANE('',#7477);
#274=PLANE('',#7478);
#275=PLANE('',#7479);
#276=PLANE('',#7480);
#277=PLANE('',#7481);
#278=PLANE('',#7482);
#279=PLANE('',#7483);
#280=PLANE('',#7484);
#281=PLANE('',#7485);
#282=PLANE('',#7486);
#283=PLANE('',#7487);
#284=PLANE('',#7488);
#285=PLANE('',#7489);
#286=PLANE('',#7490);
#287=PLANE('',#7491);
#288=PLANE('',#7492);
#289=PLANE('',#7493);
#290=PLANE('',#7494);
#291=PLANE('',#7496);
#292=PLANE('',#7497);
#293=PLANE('',#7498);
#294=PLANE('',#7499);
#295=PLANE('',#7500);
#296=PLANE('',#7501);
#297=PLANE('',#7502);
#298=PLANE('',#7503);
#299=PLANE('',#7504);
#300=PLANE('',#7505);
#301=PLANE('',#7506);
#302=PLANE('',#7507);
#303=PLANE('',#7508);
#304=PLANE('',#7509);
#305=PLANE('',#7510);
#306=PLANE('',#7511);
#307=PLANE('',#7512);
#308=PLANE('',#7513);
#309=PLANE('',#7514);
#310=PLANE('',#7515);
#311=PLANE('',#7516);
#312=PLANE('',#7517);
#313=PLANE('',#7518);
#314=PLANE('',#7519);
#315=PLANE('',#7520);
#316=PLANE('',#7521);
#317=PLANE('',#7522);
#318=PLANE('',#7523);
#319=PLANE('',#7524);
#320=PLANE('',#7525);
#321=PLANE('',#7526);
#322=PLANE('',#7527);
#323=PLANE('',#7528);
#324=PLANE('',#7529);
#325=PLANE('',#7530);
#326=PLANE('',#7531);
#327=PLANE('',#7532);
#328=PLANE('',#7533);
#329=PLANE('',#7534);
#330=PLANE('',#7535);
#331=PLANE('',#7536);
#332=PLANE('',#7537);
#333=PLANE('',#7538);
#334=PLANE('',#7539);
#335=PLANE('',#7540);
#336=PLANE('',#7541);
#337=PLANE('',#7542);
#338=PLANE('',#7543);
#339=PLANE('',#7544);
#340=PLANE('',#7545);
#341=PLANE('',#7546);
#342=PLANE('',#7547);
#343=PLANE('',#7548);
#344=PLANE('',#7549);
#345=PLANE('',#7550);
#346=PLANE('',#7551);
#347=PLANE('',#7552);
#348=PLANE('',#7553);
#349=PLANE('',#7554);
#350=PLANE('',#7555);
#351=PLANE('',#7556);
#352=PLANE('',#7557);
#353=PLANE('',#7558);
#354=PLANE('',#7559);
#355=PLANE('',#7560);
#356=PLANE('',#7561);
#357=PLANE('',#7565);
#358=PLANE('',#7566);
#359=PLANE('',#7567);
#360=PLANE('',#7568);
#361=PLANE('',#7569);
#362=PLANE('',#7570);
#363=PLANE('',#7571);
#364=PLANE('',#7575);
#365=PLANE('',#7576);
#366=PLANE('',#7577);
#367=PLANE('',#7578);
#368=PLANE('',#7579);
#369=PLANE('',#7580);
#370=PLANE('',#7581);
#371=PLANE('',#7582);
#372=PLANE('',#7583);
#373=PLANE('',#7584);
#374=PLANE('',#7585);
#375=PLANE('',#7586);
#376=FACE_OUTER_BOUND('',#758,.T.);
#377=FACE_OUTER_BOUND('',#759,.T.);
#378=FACE_OUTER_BOUND('',#760,.T.);
#379=FACE_OUTER_BOUND('',#761,.T.);
#380=FACE_OUTER_BOUND('',#762,.T.);
#381=FACE_OUTER_BOUND('',#763,.T.);
#382=FACE_OUTER_BOUND('',#764,.T.);
#383=FACE_OUTER_BOUND('',#765,.T.);
#384=FACE_OUTER_BOUND('',#766,.T.);
#385=FACE_OUTER_BOUND('',#767,.T.);
#386=FACE_OUTER_BOUND('',#768,.T.);
#387=FACE_OUTER_BOUND('',#769,.T.);
#388=FACE_OUTER_BOUND('',#770,.T.);
#389=FACE_OUTER_BOUND('',#771,.T.);
#390=FACE_OUTER_BOUND('',#772,.T.);
#391=FACE_OUTER_BOUND('',#773,.T.);
#392=FACE_OUTER_BOUND('',#774,.T.);
#393=FACE_OUTER_BOUND('',#775,.T.);
#394=FACE_OUTER_BOUND('',#776,.T.);
#395=FACE_OUTER_BOUND('',#777,.T.);
#396=FACE_OUTER_BOUND('',#778,.T.);
#397=FACE_OUTER_BOUND('',#779,.T.);
#398=FACE_OUTER_BOUND('',#780,.T.);
#399=FACE_OUTER_BOUND('',#781,.T.);
#400=FACE_OUTER_BOUND('',#782,.T.);
#401=FACE_OUTER_BOUND('',#783,.T.);
#402=FACE_OUTER_BOUND('',#784,.T.);
#403=FACE_OUTER_BOUND('',#785,.T.);
#404=FACE_OUTER_BOUND('',#786,.T.);
#405=FACE_OUTER_BOUND('',#787,.T.);
#406=FACE_OUTER_BOUND('',#788,.T.);
#407=FACE_OUTER_BOUND('',#789,.T.);
#408=FACE_OUTER_BOUND('',#790,.T.);
#409=FACE_OUTER_BOUND('',#791,.T.);
#410=FACE_OUTER_BOUND('',#792,.T.);
#411=FACE_OUTER_BOUND('',#793,.T.);
#412=FACE_OUTER_BOUND('',#794,.T.);
#413=FACE_OUTER_BOUND('',#795,.T.);
#414=FACE_OUTER_BOUND('',#796,.T.);
#415=FACE_OUTER_BOUND('',#797,.T.);
#416=FACE_OUTER_BOUND('',#798,.T.);
#417=FACE_OUTER_BOUND('',#799,.T.);
#418=FACE_OUTER_BOUND('',#800,.T.);
#419=FACE_OUTER_BOUND('',#801,.T.);
#420=FACE_OUTER_BOUND('',#802,.T.);
#421=FACE_OUTER_BOUND('',#803,.T.);
#422=FACE_OUTER_BOUND('',#804,.T.);
#423=FACE_OUTER_BOUND('',#805,.T.);
#424=FACE_OUTER_BOUND('',#806,.T.);
#425=FACE_OUTER_BOUND('',#807,.T.);
#426=FACE_OUTER_BOUND('',#808,.T.);
#427=FACE_OUTER_BOUND('',#809,.T.);
#428=FACE_OUTER_BOUND('',#810,.T.);
#429=FACE_OUTER_BOUND('',#811,.T.);
#430=FACE_OUTER_BOUND('',#812,.T.);
#431=FACE_OUTER_BOUND('',#813,.T.);
#432=FACE_OUTER_BOUND('',#814,.T.);
#433=FACE_OUTER_BOUND('',#815,.T.);
#434=FACE_OUTER_BOUND('',#816,.T.);
#435=FACE_OUTER_BOUND('',#817,.T.);
#436=FACE_OUTER_BOUND('',#818,.T.);
#437=FACE_OUTER_BOUND('',#819,.T.);
#438=FACE_OUTER_BOUND('',#820,.T.);
#439=FACE_OUTER_BOUND('',#821,.T.);
#440=FACE_OUTER_BOUND('',#822,.T.);
#441=FACE_OUTER_BOUND('',#823,.T.);
#442=FACE_OUTER_BOUND('',#824,.T.);
#443=FACE_OUTER_BOUND('',#825,.T.);
#444=FACE_OUTER_BOUND('',#826,.T.);
#445=FACE_OUTER_BOUND('',#827,.T.);
#446=FACE_OUTER_BOUND('',#828,.T.);
#447=FACE_OUTER_BOUND('',#829,.T.);
#448=FACE_OUTER_BOUND('',#830,.T.);
#449=FACE_OUTER_BOUND('',#831,.T.);
#450=FACE_OUTER_BOUND('',#833,.T.);
#451=FACE_OUTER_BOUND('',#834,.T.);
#452=FACE_OUTER_BOUND('',#835,.T.);
#453=FACE_OUTER_BOUND('',#837,.T.);
#454=FACE_OUTER_BOUND('',#838,.T.);
#455=FACE_OUTER_BOUND('',#839,.T.);
#456=FACE_OUTER_BOUND('',#840,.T.);
#457=FACE_OUTER_BOUND('',#841,.T.);
#458=FACE_OUTER_BOUND('',#842,.T.);
#459=FACE_OUTER_BOUND('',#843,.T.);
#460=FACE_OUTER_BOUND('',#844,.T.);
#461=FACE_OUTER_BOUND('',#845,.T.);
#462=FACE_OUTER_BOUND('',#846,.T.);
#463=FACE_OUTER_BOUND('',#847,.T.);
#464=FACE_OUTER_BOUND('',#848,.T.);
#465=FACE_OUTER_BOUND('',#849,.T.);
#466=FACE_OUTER_BOUND('',#850,.T.);
#467=FACE_OUTER_BOUND('',#851,.T.);
#468=FACE_OUTER_BOUND('',#852,.T.);
#469=FACE_OUTER_BOUND('',#853,.T.);
#470=FACE_OUTER_BOUND('',#854,.T.);
#471=FACE_OUTER_BOUND('',#855,.T.);
#472=FACE_OUTER_BOUND('',#856,.T.);
#473=FACE_OUTER_BOUND('',#857,.T.);
#474=FACE_OUTER_BOUND('',#858,.T.);
#475=FACE_OUTER_BOUND('',#859,.T.);
#476=FACE_OUTER_BOUND('',#860,.T.);
#477=FACE_OUTER_BOUND('',#861,.T.);
#478=FACE_OUTER_BOUND('',#862,.T.);
#479=FACE_OUTER_BOUND('',#863,.T.);
#480=FACE_OUTER_BOUND('',#864,.T.);
#481=FACE_OUTER_BOUND('',#865,.T.);
#482=FACE_OUTER_BOUND('',#866,.T.);
#483=FACE_OUTER_BOUND('',#867,.T.);
#484=FACE_OUTER_BOUND('',#868,.T.);
#485=FACE_OUTER_BOUND('',#869,.T.);
#486=FACE_OUTER_BOUND('',#870,.T.);
#487=FACE_OUTER_BOUND('',#871,.T.);
#488=FACE_OUTER_BOUND('',#872,.T.);
#489=FACE_OUTER_BOUND('',#873,.T.);
#490=FACE_OUTER_BOUND('',#874,.T.);
#491=FACE_OUTER_BOUND('',#875,.T.);
#492=FACE_OUTER_BOUND('',#876,.T.);
#493=FACE_OUTER_BOUND('',#877,.T.);
#494=FACE_OUTER_BOUND('',#878,.T.);
#495=FACE_OUTER_BOUND('',#879,.T.);
#496=FACE_OUTER_BOUND('',#880,.T.);
#497=FACE_OUTER_BOUND('',#881,.T.);
#498=FACE_OUTER_BOUND('',#882,.T.);
#499=FACE_OUTER_BOUND('',#883,.T.);
#500=FACE_OUTER_BOUND('',#884,.T.);
#501=FACE_OUTER_BOUND('',#885,.T.);
#502=FACE_OUTER_BOUND('',#886,.T.);
#503=FACE_OUTER_BOUND('',#887,.T.);
#504=FACE_OUTER_BOUND('',#888,.T.);
#505=FACE_OUTER_BOUND('',#889,.T.);
#506=FACE_OUTER_BOUND('',#890,.T.);
#507=FACE_OUTER_BOUND('',#891,.T.);
#508=FACE_OUTER_BOUND('',#892,.T.);
#509=FACE_OUTER_BOUND('',#893,.T.);
#510=FACE_OUTER_BOUND('',#894,.T.);
#511=FACE_OUTER_BOUND('',#895,.T.);
#512=FACE_OUTER_BOUND('',#896,.T.);
#513=FACE_OUTER_BOUND('',#897,.T.);
#514=FACE_OUTER_BOUND('',#898,.T.);
#515=FACE_OUTER_BOUND('',#899,.T.);
#516=FACE_OUTER_BOUND('',#900,.T.);
#517=FACE_OUTER_BOUND('',#901,.T.);
#518=FACE_OUTER_BOUND('',#902,.T.);
#519=FACE_OUTER_BOUND('',#903,.T.);
#520=FACE_OUTER_BOUND('',#904,.T.);
#521=FACE_OUTER_BOUND('',#905,.T.);
#522=FACE_OUTER_BOUND('',#906,.T.);
#523=FACE_OUTER_BOUND('',#907,.T.);
#524=FACE_OUTER_BOUND('',#908,.T.);
#525=FACE_OUTER_BOUND('',#909,.T.);
#526=FACE_OUTER_BOUND('',#910,.T.);
#527=FACE_OUTER_BOUND('',#911,.T.);
#528=FACE_OUTER_BOUND('',#912,.T.);
#529=FACE_OUTER_BOUND('',#913,.T.);
#530=FACE_OUTER_BOUND('',#914,.T.);
#531=FACE_OUTER_BOUND('',#915,.T.);
#532=FACE_OUTER_BOUND('',#916,.T.);
#533=FACE_OUTER_BOUND('',#917,.T.);
#534=FACE_OUTER_BOUND('',#919,.T.);
#535=FACE_OUTER_BOUND('',#921,.T.);
#536=FACE_OUTER_BOUND('',#922,.T.);
#537=FACE_OUTER_BOUND('',#923,.T.);
#538=FACE_OUTER_BOUND('',#924,.T.);
#539=FACE_OUTER_BOUND('',#925,.T.);
#540=FACE_OUTER_BOUND('',#926,.T.);
#541=FACE_OUTER_BOUND('',#927,.T.);
#542=FACE_OUTER_BOUND('',#928,.T.);
#543=FACE_OUTER_BOUND('',#929,.T.);
#544=FACE_OUTER_BOUND('',#930,.T.);
#545=FACE_OUTER_BOUND('',#931,.T.);
#546=FACE_OUTER_BOUND('',#932,.T.);
#547=FACE_OUTER_BOUND('',#933,.T.);
#548=FACE_OUTER_BOUND('',#934,.T.);
#549=FACE_OUTER_BOUND('',#935,.T.);
#550=FACE_OUTER_BOUND('',#936,.T.);
#551=FACE_OUTER_BOUND('',#937,.T.);
#552=FACE_OUTER_BOUND('',#938,.T.);
#553=FACE_OUTER_BOUND('',#939,.T.);
#554=FACE_OUTER_BOUND('',#940,.T.);
#555=FACE_OUTER_BOUND('',#941,.T.);
#556=FACE_OUTER_BOUND('',#942,.T.);
#557=FACE_OUTER_BOUND('',#943,.T.);
#558=FACE_OUTER_BOUND('',#944,.T.);
#559=FACE_OUTER_BOUND('',#945,.T.);
#560=FACE_OUTER_BOUND('',#946,.T.);
#561=FACE_OUTER_BOUND('',#947,.T.);
#562=FACE_OUTER_BOUND('',#948,.T.);
#563=FACE_OUTER_BOUND('',#949,.T.);
#564=FACE_OUTER_BOUND('',#950,.T.);
#565=FACE_OUTER_BOUND('',#951,.T.);
#566=FACE_OUTER_BOUND('',#952,.T.);
#567=FACE_OUTER_BOUND('',#953,.T.);
#568=FACE_OUTER_BOUND('',#954,.T.);
#569=FACE_OUTER_BOUND('',#955,.T.);
#570=FACE_OUTER_BOUND('',#956,.T.);
#571=FACE_OUTER_BOUND('',#957,.T.);
#572=FACE_OUTER_BOUND('',#958,.T.);
#573=FACE_OUTER_BOUND('',#959,.T.);
#574=FACE_OUTER_BOUND('',#960,.T.);
#575=FACE_OUTER_BOUND('',#961,.T.);
#576=FACE_OUTER_BOUND('',#962,.T.);
#577=FACE_OUTER_BOUND('',#963,.T.);
#578=FACE_OUTER_BOUND('',#964,.T.);
#579=FACE_OUTER_BOUND('',#965,.T.);
#580=FACE_OUTER_BOUND('',#966,.T.);
#581=FACE_OUTER_BOUND('',#967,.T.);
#582=FACE_OUTER_BOUND('',#968,.T.);
#583=FACE_OUTER_BOUND('',#969,.T.);
#584=FACE_OUTER_BOUND('',#970,.T.);
#585=FACE_OUTER_BOUND('',#971,.T.);
#586=FACE_OUTER_BOUND('',#972,.T.);
#587=FACE_OUTER_BOUND('',#973,.T.);
#588=FACE_OUTER_BOUND('',#974,.T.);
#589=FACE_OUTER_BOUND('',#975,.T.);
#590=FACE_OUTER_BOUND('',#976,.T.);
#591=FACE_OUTER_BOUND('',#977,.T.);
#592=FACE_OUTER_BOUND('',#979,.T.);
#593=FACE_OUTER_BOUND('',#981,.T.);
#594=FACE_OUTER_BOUND('',#982,.T.);
#595=FACE_OUTER_BOUND('',#983,.T.);
#596=FACE_OUTER_BOUND('',#984,.T.);
#597=FACE_OUTER_BOUND('',#985,.T.);
#598=FACE_OUTER_BOUND('',#986,.T.);
#599=FACE_OUTER_BOUND('',#987,.T.);
#600=FACE_OUTER_BOUND('',#988,.T.);
#601=FACE_OUTER_BOUND('',#989,.T.);
#602=FACE_OUTER_BOUND('',#990,.T.);
#603=FACE_OUTER_BOUND('',#991,.T.);
#604=FACE_OUTER_BOUND('',#992,.T.);
#605=FACE_OUTER_BOUND('',#993,.T.);
#606=FACE_OUTER_BOUND('',#994,.T.);
#607=FACE_OUTER_BOUND('',#995,.T.);
#608=FACE_OUTER_BOUND('',#996,.T.);
#609=FACE_OUTER_BOUND('',#997,.T.);
#610=FACE_OUTER_BOUND('',#998,.T.);
#611=FACE_OUTER_BOUND('',#999,.T.);
#612=FACE_OUTER_BOUND('',#1000,.T.);
#613=FACE_OUTER_BOUND('',#1001,.T.);
#614=FACE_OUTER_BOUND('',#1002,.T.);
#615=FACE_OUTER_BOUND('',#1003,.T.);
#616=FACE_OUTER_BOUND('',#1004,.T.);
#617=FACE_OUTER_BOUND('',#1005,.T.);
#618=FACE_OUTER_BOUND('',#1006,.T.);
#619=FACE_OUTER_BOUND('',#1007,.T.);
#620=FACE_OUTER_BOUND('',#1008,.T.);
#621=FACE_OUTER_BOUND('',#1009,.T.);
#622=FACE_OUTER_BOUND('',#1010,.T.);
#623=FACE_OUTER_BOUND('',#1011,.T.);
#624=FACE_OUTER_BOUND('',#1012,.T.);
#625=FACE_OUTER_BOUND('',#1013,.T.);
#626=FACE_OUTER_BOUND('',#1014,.T.);
#627=FACE_OUTER_BOUND('',#1015,.T.);
#628=FACE_OUTER_BOUND('',#1016,.T.);
#629=FACE_OUTER_BOUND('',#1017,.T.);
#630=FACE_OUTER_BOUND('',#1018,.T.);
#631=FACE_OUTER_BOUND('',#1019,.T.);
#632=FACE_OUTER_BOUND('',#1020,.T.);
#633=FACE_OUTER_BOUND('',#1021,.T.);
#634=FACE_OUTER_BOUND('',#1022,.T.);
#635=FACE_OUTER_BOUND('',#1023,.T.);
#636=FACE_OUTER_BOUND('',#1024,.T.);
#637=FACE_OUTER_BOUND('',#1025,.T.);
#638=FACE_OUTER_BOUND('',#1026,.T.);
#639=FACE_OUTER_BOUND('',#1027,.T.);
#640=FACE_OUTER_BOUND('',#1028,.T.);
#641=FACE_OUTER_BOUND('',#1029,.T.);
#642=FACE_OUTER_BOUND('',#1030,.T.);
#643=FACE_OUTER_BOUND('',#1031,.T.);
#644=FACE_OUTER_BOUND('',#1032,.T.);
#645=FACE_OUTER_BOUND('',#1033,.T.);
#646=FACE_OUTER_BOUND('',#1034,.T.);
#647=FACE_OUTER_BOUND('',#1035,.T.);
#648=FACE_OUTER_BOUND('',#1036,.T.);
#649=FACE_OUTER_BOUND('',#1037,.T.);
#650=FACE_OUTER_BOUND('',#1038,.T.);
#651=FACE_OUTER_BOUND('',#1039,.T.);
#652=FACE_OUTER_BOUND('',#1040,.T.);
#653=FACE_OUTER_BOUND('',#1041,.T.);
#654=FACE_OUTER_BOUND('',#1042,.T.);
#655=FACE_OUTER_BOUND('',#1043,.T.);
#656=FACE_OUTER_BOUND('',#1044,.T.);
#657=FACE_OUTER_BOUND('',#1045,.T.);
#658=FACE_OUTER_BOUND('',#1046,.T.);
#659=FACE_OUTER_BOUND('',#1047,.T.);
#660=FACE_OUTER_BOUND('',#1048,.T.);
#661=FACE_OUTER_BOUND('',#1049,.T.);
#662=FACE_OUTER_BOUND('',#1050,.T.);
#663=FACE_OUTER_BOUND('',#1051,.T.);
#664=FACE_OUTER_BOUND('',#1052,.T.);
#665=FACE_OUTER_BOUND('',#1053,.T.);
#666=FACE_OUTER_BOUND('',#1054,.T.);
#667=FACE_OUTER_BOUND('',#1055,.T.);
#668=FACE_OUTER_BOUND('',#1056,.T.);
#669=FACE_OUTER_BOUND('',#1057,.T.);
#670=FACE_OUTER_BOUND('',#1058,.T.);
#671=FACE_OUTER_BOUND('',#1059,.T.);
#672=FACE_OUTER_BOUND('',#1060,.T.);
#673=FACE_OUTER_BOUND('',#1061,.T.);
#674=FACE_OUTER_BOUND('',#1062,.T.);
#675=FACE_OUTER_BOUND('',#1063,.T.);
#676=FACE_OUTER_BOUND('',#1064,.T.);
#677=FACE_OUTER_BOUND('',#1065,.T.);
#678=FACE_OUTER_BOUND('',#1066,.T.);
#679=FACE_OUTER_BOUND('',#1067,.T.);
#680=FACE_OUTER_BOUND('',#1068,.T.);
#681=FACE_OUTER_BOUND('',#1069,.T.);
#682=FACE_OUTER_BOUND('',#1070,.T.);
#683=FACE_OUTER_BOUND('',#1071,.T.);
#684=FACE_OUTER_BOUND('',#1072,.T.);
#685=FACE_OUTER_BOUND('',#1073,.T.);
#686=FACE_OUTER_BOUND('',#1074,.T.);
#687=FACE_OUTER_BOUND('',#1075,.T.);
#688=FACE_OUTER_BOUND('',#1076,.T.);
#689=FACE_OUTER_BOUND('',#1077,.T.);
#690=FACE_OUTER_BOUND('',#1078,.T.);
#691=FACE_OUTER_BOUND('',#1079,.T.);
#692=FACE_OUTER_BOUND('',#1080,.T.);
#693=FACE_OUTER_BOUND('',#1081,.T.);
#694=FACE_OUTER_BOUND('',#1082,.T.);
#695=FACE_OUTER_BOUND('',#1083,.T.);
#696=FACE_OUTER_BOUND('',#1084,.T.);
#697=FACE_OUTER_BOUND('',#1085,.T.);
#698=FACE_OUTER_BOUND('',#1086,.T.);
#699=FACE_OUTER_BOUND('',#1087,.T.);
#700=FACE_OUTER_BOUND('',#1088,.T.);
#701=FACE_OUTER_BOUND('',#1089,.T.);
#702=FACE_OUTER_BOUND('',#1090,.T.);
#703=FACE_OUTER_BOUND('',#1091,.T.);
#704=FACE_OUTER_BOUND('',#1092,.T.);
#705=FACE_OUTER_BOUND('',#1093,.T.);
#706=FACE_OUTER_BOUND('',#1094,.T.);
#707=FACE_OUTER_BOUND('',#1095,.T.);
#708=FACE_OUTER_BOUND('',#1096,.T.);
#709=FACE_OUTER_BOUND('',#1097,.T.);
#710=FACE_OUTER_BOUND('',#1098,.T.);
#711=FACE_OUTER_BOUND('',#1099,.T.);
#712=FACE_OUTER_BOUND('',#1100,.T.);
#713=FACE_OUTER_BOUND('',#1101,.T.);
#714=FACE_OUTER_BOUND('',#1102,.T.);
#715=FACE_OUTER_BOUND('',#1103,.T.);
#716=FACE_OUTER_BOUND('',#1104,.T.);
#717=FACE_OUTER_BOUND('',#1105,.T.);
#718=FACE_OUTER_BOUND('',#1106,.T.);
#719=FACE_OUTER_BOUND('',#1107,.T.);
#720=FACE_OUTER_BOUND('',#1108,.T.);
#721=FACE_OUTER_BOUND('',#1109,.T.);
#722=FACE_OUTER_BOUND('',#1110,.T.);
#723=FACE_OUTER_BOUND('',#1111,.T.);
#724=FACE_OUTER_BOUND('',#1112,.T.);
#725=FACE_OUTER_BOUND('',#1113,.T.);
#726=FACE_OUTER_BOUND('',#1114,.T.);
#727=FACE_OUTER_BOUND('',#1115,.T.);
#728=FACE_OUTER_BOUND('',#1116,.T.);
#729=FACE_OUTER_BOUND('',#1117,.T.);
#730=FACE_OUTER_BOUND('',#1118,.T.);
#731=FACE_OUTER_BOUND('',#1119,.T.);
#732=FACE_OUTER_BOUND('',#1120,.T.);
#733=FACE_OUTER_BOUND('',#1121,.T.);
#734=FACE_OUTER_BOUND('',#1122,.T.);
#735=FACE_OUTER_BOUND('',#1123,.T.);
#736=FACE_OUTER_BOUND('',#1137,.T.);
#737=FACE_OUTER_BOUND('',#1151,.T.);
#738=FACE_OUTER_BOUND('',#1152,.T.);
#739=FACE_OUTER_BOUND('',#1153,.T.);
#740=FACE_OUTER_BOUND('',#1154,.T.);
#741=FACE_OUTER_BOUND('',#1155,.T.);
#742=FACE_OUTER_BOUND('',#1156,.T.);
#743=FACE_OUTER_BOUND('',#1157,.T.);
#744=FACE_OUTER_BOUND('',#1158,.T.);
#745=FACE_OUTER_BOUND('',#1160,.T.);
#746=FACE_OUTER_BOUND('',#1162,.T.);
#747=FACE_OUTER_BOUND('',#1163,.T.);
#748=FACE_OUTER_BOUND('',#1164,.T.);
#749=FACE_OUTER_BOUND('',#1165,.T.);
#750=FACE_OUTER_BOUND('',#1166,.T.);
#751=FACE_OUTER_BOUND('',#1167,.T.);
#752=FACE_OUTER_BOUND('',#1168,.T.);
#753=FACE_OUTER_BOUND('',#1169,.T.);
#754=FACE_OUTER_BOUND('',#1170,.T.);
#755=FACE_OUTER_BOUND('',#1171,.T.);
#756=FACE_OUTER_BOUND('',#1172,.T.);
#757=FACE_OUTER_BOUND('',#1173,.T.);
#758=EDGE_LOOP('',(#4440,#4441,#4442,#4443));
#759=EDGE_LOOP('',(#4444,#4445,#4446,#4447));
#760=EDGE_LOOP('',(#4448,#4449,#4450,#4451));
#761=EDGE_LOOP('',(#4452,#4453,#4454,#4455));
#762=EDGE_LOOP('',(#4456,#4457,#4458,#4459));
#763=EDGE_LOOP('',(#4460,#4461,#4462,#4463));
#764=EDGE_LOOP('',(#4464,#4465,#4466,#4467));
#765=EDGE_LOOP('',(#4468,#4469,#4470,#4471));
#766=EDGE_LOOP('',(#4472,#4473,#4474,#4475));
#767=EDGE_LOOP('',(#4476,#4477,#4478,#4479));
#768=EDGE_LOOP('',(#4480,#4481,#4482,#4483));
#769=EDGE_LOOP('',(#4484,#4485,#4486,#4487));
#770=EDGE_LOOP('',(#4488,#4489,#4490,#4491));
#771=EDGE_LOOP('',(#4492,#4493,#4494,#4495));
#772=EDGE_LOOP('',(#4496,#4497,#4498,#4499));
#773=EDGE_LOOP('',(#4500,#4501,#4502,#4503));
#774=EDGE_LOOP('',(#4504,#4505,#4506,#4507));
#775=EDGE_LOOP('',(#4508,#4509,#4510,#4511));
#776=EDGE_LOOP('',(#4512,#4513,#4514,#4515));
#777=EDGE_LOOP('',(#4516,#4517,#4518,#4519));
#778=EDGE_LOOP('',(#4520,#4521,#4522,#4523,#4524,#4525,#4526,#4527,#4528,
#4529,#4530,#4531,#4532,#4533,#4534,#4535,#4536,#4537,#4538,#4539));
#779=EDGE_LOOP('',(#4540,#4541,#4542,#4543,#4544,#4545,#4546,#4547,#4548,
#4549,#4550,#4551,#4552,#4553,#4554,#4555,#4556,#4557,#4558,#4559));
#780=EDGE_LOOP('',(#4560,#4561,#4562,#4563));
#781=EDGE_LOOP('',(#4564,#4565,#4566,#4567));
#782=EDGE_LOOP('',(#4568,#4569,#4570,#4571));
#783=EDGE_LOOP('',(#4572,#4573,#4574,#4575));
#784=EDGE_LOOP('',(#4576,#4577,#4578,#4579));
#785=EDGE_LOOP('',(#4580,#4581,#4582,#4583));
#786=EDGE_LOOP('',(#4584,#4585,#4586,#4587));
#787=EDGE_LOOP('',(#4588,#4589,#4590,#4591));
#788=EDGE_LOOP('',(#4592,#4593,#4594,#4595));
#789=EDGE_LOOP('',(#4596,#4597,#4598,#4599));
#790=EDGE_LOOP('',(#4600,#4601,#4602,#4603));
#791=EDGE_LOOP('',(#4604,#4605,#4606,#4607));
#792=EDGE_LOOP('',(#4608,#4609,#4610,#4611));
#793=EDGE_LOOP('',(#4612,#4613,#4614,#4615,#4616,#4617,#4618,#4619,#4620,
#4621,#4622,#4623,#4624));
#794=EDGE_LOOP('',(#4625,#4626,#4627,#4628,#4629,#4630,#4631,#4632,#4633,
#4634,#4635,#4636,#4637));
#795=EDGE_LOOP('',(#4638,#4639,#4640,#4641));
#796=EDGE_LOOP('',(#4642,#4643,#4644,#4645));
#797=EDGE_LOOP('',(#4646,#4647,#4648,#4649));
#798=EDGE_LOOP('',(#4650,#4651,#4652,#4653));
#799=EDGE_LOOP('',(#4654,#4655,#4656,#4657));
#800=EDGE_LOOP('',(#4658,#4659,#4660,#4661));
#801=EDGE_LOOP('',(#4662,#4663,#4664,#4665));
#802=EDGE_LOOP('',(#4666,#4667,#4668,#4669));
#803=EDGE_LOOP('',(#4670,#4671,#4672,#4673));
#804=EDGE_LOOP('',(#4674,#4675,#4676,#4677));
#805=EDGE_LOOP('',(#4678,#4679,#4680,#4681));
#806=EDGE_LOOP('',(#4682,#4683,#4684,#4685));
#807=EDGE_LOOP('',(#4686,#4687,#4688,#4689));
#808=EDGE_LOOP('',(#4690,#4691,#4692,#4693,#4694,#4695,#4696,#4697,#4698,
#4699,#4700,#4701,#4702));
#809=EDGE_LOOP('',(#4703,#4704,#4705,#4706,#4707,#4708,#4709,#4710,#4711,
#4712,#4713,#4714,#4715));
#810=EDGE_LOOP('',(#4716,#4717,#4718,#4719));
#811=EDGE_LOOP('',(#4720,#4721,#4722,#4723));
#812=EDGE_LOOP('',(#4724,#4725,#4726,#4727));
#813=EDGE_LOOP('',(#4728,#4729,#4730,#4731));
#814=EDGE_LOOP('',(#4732,#4733,#4734,#4735));
#815=EDGE_LOOP('',(#4736,#4737,#4738,#4739));
#816=EDGE_LOOP('',(#4740,#4741,#4742,#4743));
#817=EDGE_LOOP('',(#4744,#4745,#4746,#4747));
#818=EDGE_LOOP('',(#4748,#4749,#4750,#4751));
#819=EDGE_LOOP('',(#4752,#4753,#4754,#4755));
#820=EDGE_LOOP('',(#4756,#4757,#4758,#4759));
#821=EDGE_LOOP('',(#4760,#4761,#4762,#4763));
#822=EDGE_LOOP('',(#4764,#4765,#4766,#4767));
#823=EDGE_LOOP('',(#4768,#4769,#4770,#4771));
#824=EDGE_LOOP('',(#4772,#4773,#4774,#4775));
#825=EDGE_LOOP('',(#4776,#4777,#4778,#4779));
#826=EDGE_LOOP('',(#4780,#4781,#4782,#4783));
#827=EDGE_LOOP('',(#4784,#4785,#4786,#4787));
#828=EDGE_LOOP('',(#4788,#4789,#4790,#4791));
#829=EDGE_LOOP('',(#4792,#4793,#4794,#4795,#4796,#4797,#4798,#4799,#4800,
#4801,#4802,#4803,#4804,#4805,#4806,#4807,#4808,#4809,#4810));
#830=EDGE_LOOP('',(#4811,#4812,#4813,#4814,#4815,#4816,#4817,#4818,#4819,
#4820,#4821,#4822,#4823,#4824,#4825,#4826,#4827,#4828,#4829));
#831=EDGE_LOOP('',(#4830));
#832=EDGE_LOOP('',(#4831));
#833=EDGE_LOOP('',(#4832));
#834=EDGE_LOOP('',(#4833));
#835=EDGE_LOOP('',(#4834));
#836=EDGE_LOOP('',(#4835));
#837=EDGE_LOOP('',(#4836));
#838=EDGE_LOOP('',(#4837));
#839=EDGE_LOOP('',(#4838,#4839,#4840,#4841));
#840=EDGE_LOOP('',(#4842,#4843,#4844,#4845));
#841=EDGE_LOOP('',(#4846,#4847,#4848,#4849));
#842=EDGE_LOOP('',(#4850,#4851,#4852,#4853));
#843=EDGE_LOOP('',(#4854,#4855,#4856,#4857));
#844=EDGE_LOOP('',(#4858,#4859,#4860,#4861));
#845=EDGE_LOOP('',(#4862,#4863,#4864,#4865));
#846=EDGE_LOOP('',(#4866,#4867,#4868,#4869));
#847=EDGE_LOOP('',(#4870,#4871,#4872,#4873));
#848=EDGE_LOOP('',(#4874,#4875,#4876,#4877));
#849=EDGE_LOOP('',(#4878,#4879,#4880,#4881));
#850=EDGE_LOOP('',(#4882,#4883,#4884,#4885));
#851=EDGE_LOOP('',(#4886,#4887,#4888,#4889));
#852=EDGE_LOOP('',(#4890,#4891,#4892,#4893));
#853=EDGE_LOOP('',(#4894,#4895,#4896,#4897));
#854=EDGE_LOOP('',(#4898,#4899,#4900,#4901));
#855=EDGE_LOOP('',(#4902,#4903,#4904,#4905));
#856=EDGE_LOOP('',(#4906,#4907,#4908,#4909));
#857=EDGE_LOOP('',(#4910,#4911,#4912,#4913));
#858=EDGE_LOOP('',(#4914,#4915,#4916,#4917));
#859=EDGE_LOOP('',(#4918,#4919,#4920,#4921));
#860=EDGE_LOOP('',(#4922,#4923,#4924,#4925));
#861=EDGE_LOOP('',(#4926,#4927,#4928,#4929));
#862=EDGE_LOOP('',(#4930,#4931,#4932,#4933));
#863=EDGE_LOOP('',(#4934,#4935,#4936,#4937));
#864=EDGE_LOOP('',(#4938,#4939,#4940,#4941));
#865=EDGE_LOOP('',(#4942,#4943,#4944,#4945));
#866=EDGE_LOOP('',(#4946,#4947,#4948,#4949));
#867=EDGE_LOOP('',(#4950,#4951,#4952,#4953));
#868=EDGE_LOOP('',(#4954,#4955,#4956,#4957));
#869=EDGE_LOOP('',(#4958,#4959,#4960,#4961));
#870=EDGE_LOOP('',(#4962,#4963,#4964,#4965,#4966,#4967,#4968,#4969,#4970,
#4971,#4972,#4973,#4974));
#871=EDGE_LOOP('',(#4975,#4976,#4977,#4978,#4979,#4980,#4981,#4982,#4983,
#4984,#4985,#4986,#4987));
#872=EDGE_LOOP('',(#4988,#4989,#4990,#4991));
#873=EDGE_LOOP('',(#4992,#4993,#4994,#4995));
#874=EDGE_LOOP('',(#4996,#4997,#4998,#4999));
#875=EDGE_LOOP('',(#5000,#5001,#5002,#5003));
#876=EDGE_LOOP('',(#5004,#5005,#5006,#5007));
#877=EDGE_LOOP('',(#5008,#5009,#5010,#5011));
#878=EDGE_LOOP('',(#5012,#5013,#5014,#5015));
#879=EDGE_LOOP('',(#5016,#5017,#5018,#5019));
#880=EDGE_LOOP('',(#5020,#5021,#5022,#5023));
#881=EDGE_LOOP('',(#5024,#5025,#5026,#5027));
#882=EDGE_LOOP('',(#5028,#5029,#5030,#5031));
#883=EDGE_LOOP('',(#5032,#5033,#5034,#5035));
#884=EDGE_LOOP('',(#5036,#5037,#5038,#5039));
#885=EDGE_LOOP('',(#5040,#5041,#5042,#5043));
#886=EDGE_LOOP('',(#5044,#5045,#5046,#5047));
#887=EDGE_LOOP('',(#5048,#5049,#5050,#5051));
#888=EDGE_LOOP('',(#5052,#5053,#5054,#5055));
#889=EDGE_LOOP('',(#5056,#5057,#5058,#5059));
#890=EDGE_LOOP('',(#5060,#5061,#5062,#5063));
#891=EDGE_LOOP('',(#5064,#5065,#5066,#5067));
#892=EDGE_LOOP('',(#5068,#5069,#5070,#5071));
#893=EDGE_LOOP('',(#5072,#5073,#5074,#5075));
#894=EDGE_LOOP('',(#5076,#5077,#5078,#5079));
#895=EDGE_LOOP('',(#5080,#5081,#5082,#5083));
#896=EDGE_LOOP('',(#5084,#5085,#5086,#5087));
#897=EDGE_LOOP('',(#5088,#5089,#5090,#5091));
#898=EDGE_LOOP('',(#5092,#5093,#5094,#5095));
#899=EDGE_LOOP('',(#5096,#5097,#5098,#5099));
#900=EDGE_LOOP('',(#5100,#5101,#5102,#5103));
#901=EDGE_LOOP('',(#5104,#5105,#5106,#5107));
#902=EDGE_LOOP('',(#5108,#5109,#5110,#5111));
#903=EDGE_LOOP('',(#5112,#5113,#5114,#5115));
#904=EDGE_LOOP('',(#5116,#5117,#5118,#5119));
#905=EDGE_LOOP('',(#5120,#5121,#5122,#5123));
#906=EDGE_LOOP('',(#5124,#5125,#5126,#5127));
#907=EDGE_LOOP('',(#5128,#5129,#5130,#5131));
#908=EDGE_LOOP('',(#5132,#5133,#5134,#5135));
#909=EDGE_LOOP('',(#5136,#5137,#5138,#5139));
#910=EDGE_LOOP('',(#5140,#5141,#5142,#5143));
#911=EDGE_LOOP('',(#5144,#5145,#5146,#5147));
#912=EDGE_LOOP('',(#5148,#5149,#5150,#5151));
#913=EDGE_LOOP('',(#5152,#5153,#5154,#5155));
#914=EDGE_LOOP('',(#5156,#5157,#5158,#5159));
#915=EDGE_LOOP('',(#5160,#5161,#5162,#5163));
#916=EDGE_LOOP('',(#5164,#5165,#5166,#5167));
#917=EDGE_LOOP('',(#5168,#5169,#5170,#5171,#5172,#5173,#5174,#5175,#5176,
#5177,#5178,#5179,#5180,#5181,#5182,#5183,#5184,#5185,#5186,#5187,#5188,
#5189,#5190,#5191,#5192,#5193,#5194,#5195,#5196,#5197,#5198,#5199,#5200,
#5201,#5202,#5203));
#918=EDGE_LOOP('',(#5204,#5205,#5206,#5207,#5208,#5209,#5210,#5211,#5212));
#919=EDGE_LOOP('',(#5213,#5214,#5215,#5216,#5217,#5218,#5219,#5220,#5221,
#5222,#5223,#5224,#5225,#5226,#5227,#5228,#5229,#5230,#5231,#5232,#5233,
#5234,#5235,#5236,#5237,#5238,#5239,#5240,#5241,#5242,#5243,#5244,#5245,
#5246,#5247,#5248));
#920=EDGE_LOOP('',(#5249,#5250,#5251,#5252,#5253,#5254,#5255,#5256,#5257));
#921=EDGE_LOOP('',(#5258,#5259,#5260,#5261));
#922=EDGE_LOOP('',(#5262,#5263,#5264,#5265));
#923=EDGE_LOOP('',(#5266,#5267,#5268,#5269));
#924=EDGE_LOOP('',(#5270,#5271,#5272,#5273));
#925=EDGE_LOOP('',(#5274,#5275,#5276,#5277));
#926=EDGE_LOOP('',(#5278,#5279,#5280,#5281));
#927=EDGE_LOOP('',(#5282,#5283,#5284,#5285));
#928=EDGE_LOOP('',(#5286,#5287,#5288,#5289));
#929=EDGE_LOOP('',(#5290,#5291,#5292,#5293));
#930=EDGE_LOOP('',(#5294,#5295,#5296,#5297));
#931=EDGE_LOOP('',(#5298,#5299,#5300,#5301));
#932=EDGE_LOOP('',(#5302,#5303,#5304,#5305));
#933=EDGE_LOOP('',(#5306,#5307,#5308,#5309));
#934=EDGE_LOOP('',(#5310,#5311,#5312,#5313));
#935=EDGE_LOOP('',(#5314,#5315,#5316,#5317));
#936=EDGE_LOOP('',(#5318,#5319,#5320,#5321));
#937=EDGE_LOOP('',(#5322,#5323,#5324,#5325));
#938=EDGE_LOOP('',(#5326,#5327,#5328,#5329));
#939=EDGE_LOOP('',(#5330,#5331,#5332,#5333));
#940=EDGE_LOOP('',(#5334,#5335,#5336,#5337));
#941=EDGE_LOOP('',(#5338,#5339,#5340,#5341));
#942=EDGE_LOOP('',(#5342,#5343,#5344,#5345));
#943=EDGE_LOOP('',(#5346,#5347,#5348,#5349));
#944=EDGE_LOOP('',(#5350,#5351,#5352,#5353));
#945=EDGE_LOOP('',(#5354,#5355,#5356,#5357));
#946=EDGE_LOOP('',(#5358,#5359,#5360,#5361));
#947=EDGE_LOOP('',(#5362,#5363,#5364,#5365));
#948=EDGE_LOOP('',(#5366,#5367,#5368,#5369));
#949=EDGE_LOOP('',(#5370,#5371,#5372,#5373));
#950=EDGE_LOOP('',(#5374,#5375,#5376,#5377));
#951=EDGE_LOOP('',(#5378,#5379,#5380,#5381));
#952=EDGE_LOOP('',(#5382,#5383,#5384,#5385));
#953=EDGE_LOOP('',(#5386,#5387,#5388,#5389));
#954=EDGE_LOOP('',(#5390,#5391,#5392,#5393));
#955=EDGE_LOOP('',(#5394,#5395,#5396,#5397));
#956=EDGE_LOOP('',(#5398,#5399,#5400,#5401));
#957=EDGE_LOOP('',(#5402,#5403,#5404,#5405));
#958=EDGE_LOOP('',(#5406,#5407,#5408,#5409));
#959=EDGE_LOOP('',(#5410,#5411,#5412,#5413));
#960=EDGE_LOOP('',(#5414,#5415,#5416,#5417));
#961=EDGE_LOOP('',(#5418,#5419,#5420,#5421));
#962=EDGE_LOOP('',(#5422,#5423,#5424,#5425));
#963=EDGE_LOOP('',(#5426,#5427,#5428,#5429));
#964=EDGE_LOOP('',(#5430,#5431,#5432,#5433));
#965=EDGE_LOOP('',(#5434,#5435,#5436,#5437));
#966=EDGE_LOOP('',(#5438,#5439,#5440,#5441));
#967=EDGE_LOOP('',(#5442,#5443,#5444,#5445));
#968=EDGE_LOOP('',(#5446,#5447,#5448,#5449));
#969=EDGE_LOOP('',(#5450,#5451,#5452,#5453));
#970=EDGE_LOOP('',(#5454,#5455,#5456,#5457));
#971=EDGE_LOOP('',(#5458,#5459,#5460,#5461));
#972=EDGE_LOOP('',(#5462,#5463,#5464,#5465));
#973=EDGE_LOOP('',(#5466,#5467,#5468,#5469));
#974=EDGE_LOOP('',(#5470,#5471,#5472,#5473));
#975=EDGE_LOOP('',(#5474,#5475,#5476,#5477));
#976=EDGE_LOOP('',(#5478,#5479,#5480,#5481));
#977=EDGE_LOOP('',(#5482,#5483,#5484,#5485,#5486,#5487,#5488,#5489,#5490,
#5491,#5492,#5493,#5494,#5495,#5496,#5497,#5498,#5499,#5500,#5501));
#978=EDGE_LOOP('',(#5502,#5503,#5504,#5505,#5506,#5507,#5508,#5509,#5510,
#5511,#5512,#5513,#5514,#5515,#5516,#5517,#5518,#5519,#5520,#5521,#5522,
#5523,#5524,#5525,#5526,#5527,#5528,#5529,#5530,#5531,#5532,#5533,#5534,
#5535,#5536,#5537));
#979=EDGE_LOOP('',(#5538,#5539,#5540,#5541,#5542,#5543,#5544,#5545,#5546,
#5547,#5548,#5549,#5550,#5551,#5552,#5553,#5554,#5555,#5556,#5557));
#980=EDGE_LOOP('',(#5558,#5559,#5560,#5561,#5562,#5563,#5564,#5565,#5566,
#5567,#5568,#5569,#5570,#5571,#5572,#5573,#5574,#5575,#5576,#5577,#5578,
#5579,#5580,#5581,#5582,#5583,#5584,#5585,#5586,#5587,#5588,#5589,#5590,
#5591,#5592,#5593));
#981=EDGE_LOOP('',(#5594,#5595,#5596,#5597));
#982=EDGE_LOOP('',(#5598,#5599,#5600,#5601));
#983=EDGE_LOOP('',(#5602,#5603,#5604,#5605));
#984=EDGE_LOOP('',(#5606,#5607,#5608,#5609));
#985=EDGE_LOOP('',(#5610,#5611,#5612,#5613));
#986=EDGE_LOOP('',(#5614,#5615,#5616,#5617));
#987=EDGE_LOOP('',(#5618,#5619,#5620,#5621));
#988=EDGE_LOOP('',(#5622,#5623,#5624,#5625));
#989=EDGE_LOOP('',(#5626,#5627,#5628,#5629));
#990=EDGE_LOOP('',(#5630,#5631,#5632,#5633));
#991=EDGE_LOOP('',(#5634,#5635,#5636,#5637));
#992=EDGE_LOOP('',(#5638,#5639,#5640,#5641));
#993=EDGE_LOOP('',(#5642,#5643,#5644,#5645));
#994=EDGE_LOOP('',(#5646,#5647,#5648,#5649));
#995=EDGE_LOOP('',(#5650,#5651,#5652,#5653));
#996=EDGE_LOOP('',(#5654,#5655,#5656,#5657));
#997=EDGE_LOOP('',(#5658,#5659,#5660,#5661));
#998=EDGE_LOOP('',(#5662,#5663,#5664,#5665));
#999=EDGE_LOOP('',(#5666,#5667,#5668,#5669));
#1000=EDGE_LOOP('',(#5670,#5671,#5672,#5673));
#1001=EDGE_LOOP('',(#5674,#5675,#5676,#5677));
#1002=EDGE_LOOP('',(#5678,#5679,#5680,#5681));
#1003=EDGE_LOOP('',(#5682,#5683,#5684,#5685));
#1004=EDGE_LOOP('',(#5686,#5687,#5688,#5689));
#1005=EDGE_LOOP('',(#5690,#5691,#5692,#5693));
#1006=EDGE_LOOP('',(#5694,#5695,#5696,#5697));
#1007=EDGE_LOOP('',(#5698,#5699,#5700,#5701));
#1008=EDGE_LOOP('',(#5702,#5703,#5704,#5705));
#1009=EDGE_LOOP('',(#5706,#5707,#5708,#5709));
#1010=EDGE_LOOP('',(#5710,#5711,#5712,#5713));
#1011=EDGE_LOOP('',(#5714,#5715,#5716,#5717));
#1012=EDGE_LOOP('',(#5718,#5719,#5720,#5721));
#1013=EDGE_LOOP('',(#5722,#5723,#5724,#5725));
#1014=EDGE_LOOP('',(#5726,#5727,#5728,#5729));
#1015=EDGE_LOOP('',(#5730,#5731,#5732,#5733));
#1016=EDGE_LOOP('',(#5734,#5735,#5736,#5737));
#1017=EDGE_LOOP('',(#5738,#5739,#5740,#5741));
#1018=EDGE_LOOP('',(#5742,#5743,#5744,#5745));
#1019=EDGE_LOOP('',(#5746,#5747,#5748,#5749));
#1020=EDGE_LOOP('',(#5750,#5751,#5752,#5753));
#1021=EDGE_LOOP('',(#5754,#5755,#5756,#5757));
#1022=EDGE_LOOP('',(#5758,#5759,#5760,#5761));
#1023=EDGE_LOOP('',(#5762,#5763,#5764,#5765));
#1024=EDGE_LOOP('',(#5766,#5767,#5768,#5769));
#1025=EDGE_LOOP('',(#5770,#5771,#5772,#5773));
#1026=EDGE_LOOP('',(#5774,#5775,#5776,#5777));
#1027=EDGE_LOOP('',(#5778,#5779,#5780,#5781));
#1028=EDGE_LOOP('',(#5782,#5783,#5784,#5785));
#1029=EDGE_LOOP('',(#5786,#5787,#5788,#5789));
#1030=EDGE_LOOP('',(#5790,#5791,#5792,#5793));
#1031=EDGE_LOOP('',(#5794,#5795,#5796,#5797));
#1032=EDGE_LOOP('',(#5798,#5799,#5800,#5801));
#1033=EDGE_LOOP('',(#5802,#5803,#5804,#5805));
#1034=EDGE_LOOP('',(#5806,#5807,#5808,#5809));
#1035=EDGE_LOOP('',(#5810,#5811,#5812,#5813));
#1036=EDGE_LOOP('',(#5814,#5815,#5816,#5817));
#1037=EDGE_LOOP('',(#5818,#5819,#5820,#5821));
#1038=EDGE_LOOP('',(#5822,#5823,#5824,#5825));
#1039=EDGE_LOOP('',(#5826,#5827,#5828,#5829));
#1040=EDGE_LOOP('',(#5830,#5831,#5832,#5833));
#1041=EDGE_LOOP('',(#5834,#5835,#5836,#5837));
#1042=EDGE_LOOP('',(#5838,#5839,#5840,#5841));
#1043=EDGE_LOOP('',(#5842,#5843,#5844,#5845));
#1044=EDGE_LOOP('',(#5846,#5847,#5848,#5849));
#1045=EDGE_LOOP('',(#5850,#5851,#5852,#5853));
#1046=EDGE_LOOP('',(#5854,#5855,#5856,#5857));
#1047=EDGE_LOOP('',(#5858,#5859,#5860,#5861));
#1048=EDGE_LOOP('',(#5862,#5863,#5864,#5865));
#1049=EDGE_LOOP('',(#5866,#5867,#5868,#5869));
#1050=EDGE_LOOP('',(#5870,#5871,#5872,#5873));
#1051=EDGE_LOOP('',(#5874,#5875,#5876,#5877));
#1052=EDGE_LOOP('',(#5878,#5879,#5880,#5881));
#1053=EDGE_LOOP('',(#5882,#5883,#5884,#5885));
#1054=EDGE_LOOP('',(#5886,#5887,#5888,#5889));
#1055=EDGE_LOOP('',(#5890,#5891,#5892,#5893));
#1056=EDGE_LOOP('',(#5894,#5895,#5896,#5897));
#1057=EDGE_LOOP('',(#5898,#5899,#5900,#5901));
#1058=EDGE_LOOP('',(#5902,#5903,#5904,#5905));
#1059=EDGE_LOOP('',(#5906,#5907,#5908,#5909));
#1060=EDGE_LOOP('',(#5910,#5911,#5912,#5913));
#1061=EDGE_LOOP('',(#5914,#5915,#5916,#5917));
#1062=EDGE_LOOP('',(#5918,#5919,#5920,#5921));
#1063=EDGE_LOOP('',(#5922,#5923,#5924,#5925));
#1064=EDGE_LOOP('',(#5926,#5927,#5928,#5929));
#1065=EDGE_LOOP('',(#5930,#5931,#5932,#5933));
#1066=EDGE_LOOP('',(#5934,#5935,#5936,#5937,#5938,#5939,#5940,#5941));
#1067=EDGE_LOOP('',(#5942,#5943,#5944,#5945,#5946,#5947,#5948,#5949));
#1068=EDGE_LOOP('',(#5950,#5951,#5952,#5953));
#1069=EDGE_LOOP('',(#5954,#5955,#5956,#5957));
#1070=EDGE_LOOP('',(#5958,#5959,#5960,#5961));
#1071=EDGE_LOOP('',(#5962,#5963,#5964,#5965));
#1072=EDGE_LOOP('',(#5966,#5967,#5968,#5969));
#1073=EDGE_LOOP('',(#5970,#5971,#5972,#5973));
#1074=EDGE_LOOP('',(#5974,#5975,#5976,#5977));
#1075=EDGE_LOOP('',(#5978,#5979,#5980,#5981));
#1076=EDGE_LOOP('',(#5982,#5983,#5984,#5985));
#1077=EDGE_LOOP('',(#5986,#5987,#5988,#5989));
#1078=EDGE_LOOP('',(#5990,#5991,#5992,#5993));
#1079=EDGE_LOOP('',(#5994,#5995,#5996,#5997));
#1080=EDGE_LOOP('',(#5998,#5999,#6000,#6001));
#1081=EDGE_LOOP('',(#6002,#6003,#6004,#6005));
#1082=EDGE_LOOP('',(#6006,#6007,#6008,#6009));
#1083=EDGE_LOOP('',(#6010,#6011,#6012,#6013));
#1084=EDGE_LOOP('',(#6014,#6015,#6016,#6017));
#1085=EDGE_LOOP('',(#6018,#6019,#6020,#6021));
#1086=EDGE_LOOP('',(#6022,#6023,#6024,#6025));
#1087=EDGE_LOOP('',(#6026,#6027,#6028,#6029));
#1088=EDGE_LOOP('',(#6030,#6031,#6032,#6033));
#1089=EDGE_LOOP('',(#6034,#6035,#6036,#6037));
#1090=EDGE_LOOP('',(#6038,#6039,#6040,#6041));
#1091=EDGE_LOOP('',(#6042,#6043,#6044,#6045));
#1092=EDGE_LOOP('',(#6046,#6047,#6048,#6049));
#1093=EDGE_LOOP('',(#6050,#6051,#6052,#6053));
#1094=EDGE_LOOP('',(#6054,#6055,#6056,#6057));
#1095=EDGE_LOOP('',(#6058,#6059,#6060,#6061));
#1096=EDGE_LOOP('',(#6062,#6063,#6064,#6065));
#1097=EDGE_LOOP('',(#6066,#6067,#6068,#6069));
#1098=EDGE_LOOP('',(#6070,#6071,#6072,#6073));
#1099=EDGE_LOOP('',(#6074,#6075,#6076,#6077));
#1100=EDGE_LOOP('',(#6078,#6079,#6080,#6081));
#1101=EDGE_LOOP('',(#6082,#6083,#6084,#6085));
#1102=EDGE_LOOP('',(#6086,#6087,#6088,#6089));
#1103=EDGE_LOOP('',(#6090,#6091,#6092,#6093));
#1104=EDGE_LOOP('',(#6094,#6095,#6096,#6097));
#1105=EDGE_LOOP('',(#6098,#6099,#6100,#6101));
#1106=EDGE_LOOP('',(#6102,#6103,#6104,#6105));
#1107=EDGE_LOOP('',(#6106,#6107,#6108,#6109));
#1108=EDGE_LOOP('',(#6110,#6111,#6112,#6113));
#1109=EDGE_LOOP('',(#6114,#6115,#6116,#6117));
#1110=EDGE_LOOP('',(#6118,#6119,#6120,#6121));
#1111=EDGE_LOOP('',(#6122,#6123,#6124,#6125));
#1112=EDGE_LOOP('',(#6126,#6127,#6128,#6129));
#1113=EDGE_LOOP('',(#6130,#6131,#6132,#6133));
#1114=EDGE_LOOP('',(#6134,#6135,#6136,#6137));
#1115=EDGE_LOOP('',(#6138,#6139,#6140,#6141));
#1116=EDGE_LOOP('',(#6142,#6143,#6144,#6145));
#1117=EDGE_LOOP('',(#6146,#6147,#6148,#6149));
#1118=EDGE_LOOP('',(#6150,#6151,#6152,#6153));
#1119=EDGE_LOOP('',(#6154,#6155,#6156,#6157));
#1120=EDGE_LOOP('',(#6158,#6159,#6160,#6161));
#1121=EDGE_LOOP('',(#6162,#6163,#6164,#6165));
#1122=EDGE_LOOP('',(#6166,#6167,#6168,#6169));
#1123=EDGE_LOOP('',(#6170,#6171,#6172,#6173,#6174,#6175,#6176,#6177,#6178,
#6179,#6180,#6181));
#1124=EDGE_LOOP('',(#6182,#6183,#6184,#6185));
#1125=EDGE_LOOP('',(#6186,#6187,#6188,#6189));
#1126=EDGE_LOOP('',(#6190,#6191,#6192,#6193));
#1127=EDGE_LOOP('',(#6194,#6195,#6196,#6197));
#1128=EDGE_LOOP('',(#6198,#6199,#6200,#6201));
#1129=EDGE_LOOP('',(#6202,#6203,#6204,#6205));
#1130=EDGE_LOOP('',(#6206,#6207,#6208,#6209));
#1131=EDGE_LOOP('',(#6210,#6211,#6212,#6213));
#1132=EDGE_LOOP('',(#6214,#6215,#6216,#6217));
#1133=EDGE_LOOP('',(#6218,#6219,#6220,#6221));
#1134=EDGE_LOOP('',(#6222,#6223,#6224,#6225));
#1135=EDGE_LOOP('',(#6226,#6227,#6228,#6229));
#1136=EDGE_LOOP('',(#6230,#6231,#6232,#6233));
#1137=EDGE_LOOP('',(#6234,#6235,#6236,#6237));
#1138=EDGE_LOOP('',(#6238,#6239,#6240,#6241));
#1139=EDGE_LOOP('',(#6242,#6243,#6244,#6245));
#1140=EDGE_LOOP('',(#6246,#6247,#6248,#6249));
#1141=EDGE_LOOP('',(#6250,#6251,#6252,#6253));
#1142=EDGE_LOOP('',(#6254,#6255,#6256,#6257));
#1143=EDGE_LOOP('',(#6258,#6259,#6260,#6261));
#1144=EDGE_LOOP('',(#6262,#6263,#6264,#6265));
#1145=EDGE_LOOP('',(#6266,#6267,#6268,#6269));
#1146=EDGE_LOOP('',(#6270,#6271,#6272,#6273));
#1147=EDGE_LOOP('',(#6274,#6275,#6276,#6277));
#1148=EDGE_LOOP('',(#6278,#6279,#6280,#6281));
#1149=EDGE_LOOP('',(#6282,#6283,#6284,#6285));
#1150=EDGE_LOOP('',(#6286,#6287,#6288,#6289));
#1151=EDGE_LOOP('',(#6290,#6291,#6292,#6293));
#1152=EDGE_LOOP('',(#6294));
#1153=EDGE_LOOP('',(#6295,#6296,#6297,#6298));
#1154=EDGE_LOOP('',(#6299,#6300,#6301,#6302));
#1155=EDGE_LOOP('',(#6303,#6304,#6305,#6306));
#1156=EDGE_LOOP('',(#6307,#6308,#6309,#6310));
#1157=EDGE_LOOP('',(#6311,#6312,#6313,#6314));
#1158=EDGE_LOOP('',(#6315,#6316,#6317,#6318));
#1159=EDGE_LOOP('',(#6319));
#1160=EDGE_LOOP('',(#6320));
#1161=EDGE_LOOP('',(#6321));
#1162=EDGE_LOOP('',(#6322));
#1163=EDGE_LOOP('',(#6323));
#1164=EDGE_LOOP('',(#6324,#6325,#6326,#6327));
#1165=EDGE_LOOP('',(#6328,#6329,#6330,#6331));
#1166=EDGE_LOOP('',(#6332,#6333,#6334,#6335));
#1167=EDGE_LOOP('',(#6336,#6337,#6338,#6339));
#1168=EDGE_LOOP('',(#6340,#6341,#6342,#6343));
#1169=EDGE_LOOP('',(#6344,#6345,#6346,#6347));
#1170=EDGE_LOOP('',(#6348,#6349,#6350,#6351));
#1171=EDGE_LOOP('',(#6352,#6353,#6354,#6355));
#1172=EDGE_LOOP('',(#6356,#6357,#6358,#6359,#6360,#6361,#6362,#6363));
#1173=EDGE_LOOP('',(#6364,#6365,#6366,#6367,#6368,#6369,#6370,#6371));
#1174=LINE('',#9624,#1862);
#1175=LINE('',#9627,#1863);
#1176=LINE('',#9630,#1864);
#1177=LINE('',#9632,#1865);
#1178=LINE('',#9633,#1866);
#1179=LINE('',#9639,#1867);
#1180=LINE('',#9645,#1868);
#1181=LINE('',#9651,#1869);
#1182=LINE('',#9657,#1870);
#1183=LINE('',#9663,#1871);
#1184=LINE('',#9669,#1872);
#1185=LINE('',#9675,#1873);
#1186=LINE('',#9681,#1874);
#1187=LINE('',#9687,#1875);
#1188=LINE('',#9693,#1876);
#1189=LINE('',#9699,#1877);
#1190=LINE('',#9705,#1878);
#1191=LINE('',#9711,#1879);
#1192=LINE('',#9717,#1880);
#1193=LINE('',#9723,#1881);
#1194=LINE('',#9726,#1882);
#1195=LINE('',#9728,#1883);
#1196=LINE('',#9729,#1884);
#1197=LINE('',#9735,#1885);
#1198=LINE('',#9744,#1886);
#1199=LINE('',#9746,#1887);
#1200=LINE('',#9748,#1888);
#1201=LINE('',#9749,#1889);
#1202=LINE('',#9752,#1890);
#1203=LINE('',#9754,#1891);
#1204=LINE('',#9755,#1892);
#1205=LINE('',#9758,#1893);
#1206=LINE('',#9760,#1894);
#1207=LINE('',#9761,#1895);
#1208=LINE('',#9764,#1896);
#1209=LINE('',#9766,#1897);
#1210=LINE('',#9767,#1898);
#1211=LINE('',#9770,#1899);
#1212=LINE('',#9772,#1900);
#1213=LINE('',#9773,#1901);
#1214=LINE('',#9779,#1902);
#1215=LINE('',#9785,#1903);
#1216=LINE('',#9791,#1904);
#1217=LINE('',#9797,#1905);
#1218=LINE('',#9800,#1906);
#1219=LINE('',#9802,#1907);
#1220=LINE('',#9803,#1908);
#1221=LINE('',#9806,#1909);
#1222=LINE('',#9808,#1910);
#1223=LINE('',#9809,#1911);
#1224=LINE('',#9812,#1912);
#1225=LINE('',#9814,#1913);
#1226=LINE('',#9815,#1914);
#1227=LINE('',#9824,#1915);
#1228=LINE('',#9826,#1916);
#1229=LINE('',#9828,#1917);
#1230=LINE('',#9829,#1918);
#1231=LINE('',#9832,#1919);
#1232=LINE('',#9834,#1920);
#1233=LINE('',#9835,#1921);
#1234=LINE('',#9838,#1922);
#1235=LINE('',#9840,#1923);
#1236=LINE('',#9841,#1924);
#1237=LINE('',#9844,#1925);
#1238=LINE('',#9846,#1926);
#1239=LINE('',#9847,#1927);
#1240=LINE('',#9850,#1928);
#1241=LINE('',#9852,#1929);
#1242=LINE('',#9853,#1930);
#1243=LINE('',#9859,#1931);
#1244=LINE('',#9865,#1932);
#1245=LINE('',#9871,#1933);
#1246=LINE('',#9877,#1934);
#1247=LINE('',#9880,#1935);
#1248=LINE('',#9882,#1936);
#1249=LINE('',#9883,#1937);
#1250=LINE('',#9886,#1938);
#1251=LINE('',#9888,#1939);
#1252=LINE('',#9889,#1940);
#1253=LINE('',#9892,#1941);
#1254=LINE('',#9894,#1942);
#1255=LINE('',#9895,#1943);
#1256=LINE('',#9906,#1944);
#1257=LINE('',#9909,#1945);
#1258=LINE('',#9915,#1946);
#1259=LINE('',#9921,#1947);
#1260=LINE('',#9924,#1948);
#1261=LINE('',#9926,#1949);
#1262=LINE('',#9927,#1950);
#1263=LINE('',#9933,#1951);
#1264=LINE('',#9939,#1952);
#1265=LINE('',#9945,#1953);
#1266=LINE('',#9951,#1954);
#1267=LINE('',#9954,#1955);
#1268=LINE('',#9956,#1956);
#1269=LINE('',#9957,#1957);
#1270=LINE('',#9960,#1958);
#1271=LINE('',#9962,#1959);
#1272=LINE('',#9963,#1960);
#1273=LINE('',#9966,#1961);
#1274=LINE('',#9968,#1962);
#1275=LINE('',#9969,#1963);
#1276=LINE('',#9972,#1964);
#1277=LINE('',#9974,#1965);
#1278=LINE('',#9975,#1966);
#1279=LINE('',#9978,#1967);
#1280=LINE('',#9980,#1968);
#1281=LINE('',#9981,#1969);
#1282=LINE('',#9984,#1970);
#1283=LINE('',#9986,#1971);
#1284=LINE('',#9987,#1972);
#1285=LINE('',#9990,#1973);
#1286=LINE('',#9992,#1974);
#1287=LINE('',#9993,#1975);
#1288=LINE('',#9996,#1976);
#1289=LINE('',#9998,#1977);
#1290=LINE('',#9999,#1978);
#1291=LINE('',#10002,#1979);
#1292=LINE('',#10004,#1980);
#1293=LINE('',#10005,#1981);
#1294=LINE('',#10008,#1982);
#1295=LINE('',#10010,#1983);
#1296=LINE('',#10011,#1984);
#1297=LINE('',#10013,#1985);
#1298=LINE('',#10014,#1986);
#1299=LINE('',#10034,#1987);
#1300=LINE('',#10036,#1988);
#1301=LINE('',#10038,#1989);
#1302=LINE('',#10039,#1990);
#1303=LINE('',#10042,#1991);
#1304=LINE('',#10044,#1992);
#1305=LINE('',#10045,#1993);
#1306=LINE('',#10048,#1994);
#1307=LINE('',#10050,#1995);
#1308=LINE('',#10051,#1996);
#1309=LINE('',#10053,#1997);
#1310=LINE('',#10054,#1998);
#1311=LINE('',#10060,#1999);
#1312=LINE('',#10062,#2000);
#1313=LINE('',#10064,#2001);
#1314=LINE('',#10065,#2002);
#1315=LINE('',#10068,#2003);
#1316=LINE('',#10070,#2004);
#1317=LINE('',#10071,#2005);
#1318=LINE('',#10074,#2006);
#1319=LINE('',#10076,#2007);
#1320=LINE('',#10077,#2008);
#1321=LINE('',#10079,#2009);
#1322=LINE('',#10080,#2010);
#1323=LINE('',#10086,#2011);
#1324=LINE('',#10088,#2012);
#1325=LINE('',#10090,#2013);
#1326=LINE('',#10091,#2014);
#1327=LINE('',#10094,#2015);
#1328=LINE('',#10096,#2016);
#1329=LINE('',#10097,#2017);
#1330=LINE('',#10100,#2018);
#1331=LINE('',#10102,#2019);
#1332=LINE('',#10103,#2020);
#1333=LINE('',#10105,#2021);
#1334=LINE('',#10106,#2022);
#1335=LINE('',#10112,#2023);
#1336=LINE('',#10114,#2024);
#1337=LINE('',#10116,#2025);
#1338=LINE('',#10117,#2026);
#1339=LINE('',#10120,#2027);
#1340=LINE('',#10122,#2028);
#1341=LINE('',#10123,#2029);
#1342=LINE('',#10126,#2030);
#1343=LINE('',#10128,#2031);
#1344=LINE('',#10129,#2032);
#1345=LINE('',#10132,#2033);
#1346=LINE('',#10134,#2034);
#1347=LINE('',#10135,#2035);
#1348=LINE('',#10138,#2036);
#1349=LINE('',#10140,#2037);
#1350=LINE('',#10141,#2038);
#1351=LINE('',#10147,#2039);
#1352=LINE('',#10153,#2040);
#1353=LINE('',#10159,#2041);
#1354=LINE('',#10165,#2042);
#1355=LINE('',#10168,#2043);
#1356=LINE('',#10170,#2044);
#1357=LINE('',#10171,#2045);
#1358=LINE('',#10174,#2046);
#1359=LINE('',#10176,#2047);
#1360=LINE('',#10177,#2048);
#1361=LINE('',#10180,#2049);
#1362=LINE('',#10182,#2050);
#1363=LINE('',#10183,#2051);
#1364=LINE('',#10194,#2052);
#1365=LINE('',#10197,#2053);
#1366=LINE('',#10200,#2054);
#1367=LINE('',#10202,#2055);
#1368=LINE('',#10203,#2056);
#1369=LINE('',#10206,#2057);
#1370=LINE('',#10208,#2058);
#1371=LINE('',#10209,#2059);
#1372=LINE('',#10214,#2060);
#1373=LINE('',#10220,#2061);
#1374=LINE('',#10226,#2062);
#1375=LINE('',#10232,#2063);
#1376=LINE('',#10238,#2064);
#1377=LINE('',#10248,#2065);
#1378=LINE('',#10251,#2066);
#1379=LINE('',#10257,#2067);
#1380=LINE('',#10263,#2068);
#1381=LINE('',#10269,#2069);
#1382=LINE('',#10275,#2070);
#1383=LINE('',#10281,#2071);
#1384=LINE('',#10287,#2072);
#1385=LINE('',#10290,#2073);
#1386=LINE('',#10292,#2074);
#1387=LINE('',#10293,#2075);
#1388=LINE('',#10296,#2076);
#1389=LINE('',#10298,#2077);
#1390=LINE('',#10299,#2078);
#1391=LINE('',#10305,#2079);
#1392=LINE('',#10311,#2080);
#1393=LINE('',#10317,#2081);
#1394=LINE('',#10323,#2082);
#1395=LINE('',#10329,#2083);
#1396=LINE('',#10335,#2084);
#1397=LINE('',#10341,#2085);
#1398=LINE('',#10347,#2086);
#1399=LINE('',#10353,#2087);
#1400=LINE('',#10356,#2088);
#1401=LINE('',#10358,#2089);
#1402=LINE('',#10359,#2090);
#1403=LINE('',#10362,#2091);
#1404=LINE('',#10364,#2092);
#1405=LINE('',#10365,#2093);
#1406=LINE('',#10371,#2094);
#1407=LINE('',#10377,#2095);
#1408=LINE('',#10383,#2096);
#1409=LINE('',#10389,#2097);
#1410=LINE('',#10395,#2098);
#1411=LINE('',#10401,#2099);
#1412=LINE('',#10407,#2100);
#1413=LINE('',#10413,#2101);
#1414=LINE('',#10419,#2102);
#1415=LINE('',#10425,#2103);
#1416=LINE('',#10431,#2104);
#1417=LINE('',#10437,#2105);
#1418=LINE('',#10443,#2106);
#1419=LINE('',#10449,#2107);
#1420=LINE('',#10455,#2108);
#1421=LINE('',#10466,#2109);
#1422=LINE('',#10469,#2110);
#1423=LINE('',#10474,#2111);
#1424=LINE('',#10480,#2112);
#1425=LINE('',#10486,#2113);
#1426=LINE('',#10492,#2114);
#1427=LINE('',#10498,#2115);
#1428=LINE('',#10504,#2116);
#1429=LINE('',#10510,#2117);
#1430=LINE('',#10516,#2118);
#1431=LINE('',#10522,#2119);
#1432=LINE('',#10528,#2120);
#1433=LINE('',#10534,#2121);
#1434=LINE('',#10540,#2122);
#1435=LINE('',#10546,#2123);
#1436=LINE('',#10552,#2124);
#1437=LINE('',#10558,#2125);
#1438=LINE('',#10564,#2126);
#1439=LINE('',#10570,#2127);
#1440=LINE('',#10576,#2128);
#1441=LINE('',#10582,#2129);
#1442=LINE('',#10588,#2130);
#1443=LINE('',#10594,#2131);
#1444=LINE('',#10600,#2132);
#1445=LINE('',#10606,#2133);
#1446=LINE('',#10612,#2134);
#1447=LINE('',#10618,#2135);
#1448=LINE('',#10624,#2136);
#1449=LINE('',#10630,#2137);
#1450=LINE('',#10636,#2138);
#1451=LINE('',#10642,#2139);
#1452=LINE('',#10648,#2140);
#1453=LINE('',#10654,#2141);
#1454=LINE('',#10660,#2142);
#1455=LINE('',#10666,#2143);
#1456=LINE('',#10672,#2144);
#1457=LINE('',#10682,#2145);
#1458=LINE('',#10685,#2146);
#1459=LINE('',#10691,#2147);
#1460=LINE('',#10697,#2148);
#1461=LINE('',#10703,#2149);
#1462=LINE('',#10709,#2150);
#1463=LINE('',#10715,#2151);
#1464=LINE('',#10721,#2152);
#1465=LINE('',#10727,#2153);
#1466=LINE('',#10733,#2154);
#1467=LINE('',#10739,#2155);
#1468=LINE('',#10745,#2156);
#1469=LINE('',#10751,#2157);
#1470=LINE('',#10757,#2158);
#1471=LINE('',#10763,#2159);
#1472=LINE('',#10769,#2160);
#1473=LINE('',#10775,#2161);
#1474=LINE('',#10781,#2162);
#1475=LINE('',#10787,#2163);
#1476=LINE('',#10793,#2164);
#1477=LINE('',#10803,#2165);
#1478=LINE('',#10805,#2166);
#1479=LINE('',#10807,#2167);
#1480=LINE('',#10808,#2168);
#1481=LINE('',#10811,#2169);
#1482=LINE('',#10813,#2170);
#1483=LINE('',#10814,#2171);
#1484=LINE('',#10817,#2172);
#1485=LINE('',#10819,#2173);
#1486=LINE('',#10820,#2174);
#1487=LINE('',#10822,#2175);
#1488=LINE('',#10823,#2176);
#1489=LINE('',#10829,#2177);
#1490=LINE('',#10831,#2178);
#1491=LINE('',#10833,#2179);
#1492=LINE('',#10834,#2180);
#1493=LINE('',#10837,#2181);
#1494=LINE('',#10839,#2182);
#1495=LINE('',#10840,#2183);
#1496=LINE('',#10843,#2184);
#1497=LINE('',#10845,#2185);
#1498=LINE('',#10846,#2186);
#1499=LINE('',#10848,#2187);
#1500=LINE('',#10849,#2188);
#1501=LINE('',#10855,#2189);
#1502=LINE('',#10857,#2190);
#1503=LINE('',#10859,#2191);
#1504=LINE('',#10860,#2192);
#1505=LINE('',#10863,#2193);
#1506=LINE('',#10865,#2194);
#1507=LINE('',#10866,#2195);
#1508=LINE('',#10869,#2196);
#1509=LINE('',#10871,#2197);
#1510=LINE('',#10872,#2198);
#1511=LINE('',#10874,#2199);
#1512=LINE('',#10875,#2200);
#1513=LINE('',#10881,#2201);
#1514=LINE('',#10883,#2202);
#1515=LINE('',#10885,#2203);
#1516=LINE('',#10886,#2204);
#1517=LINE('',#10889,#2205);
#1518=LINE('',#10891,#2206);
#1519=LINE('',#10892,#2207);
#1520=LINE('',#10895,#2208);
#1521=LINE('',#10897,#2209);
#1522=LINE('',#10898,#2210);
#1523=LINE('',#10900,#2211);
#1524=LINE('',#10901,#2212);
#1525=LINE('',#10907,#2213);
#1526=LINE('',#10909,#2214);
#1527=LINE('',#10911,#2215);
#1528=LINE('',#10912,#2216);
#1529=LINE('',#10915,#2217);
#1530=LINE('',#10917,#2218);
#1531=LINE('',#10918,#2219);
#1532=LINE('',#10921,#2220);
#1533=LINE('',#10923,#2221);
#1534=LINE('',#10924,#2222);
#1535=LINE('',#10926,#2223);
#1536=LINE('',#10927,#2224);
#1537=LINE('',#10933,#2225);
#1538=LINE('',#10935,#2226);
#1539=LINE('',#10937,#2227);
#1540=LINE('',#10938,#2228);
#1541=LINE('',#10941,#2229);
#1542=LINE('',#10943,#2230);
#1543=LINE('',#10944,#2231);
#1544=LINE('',#10947,#2232);
#1545=LINE('',#10949,#2233);
#1546=LINE('',#10950,#2234);
#1547=LINE('',#10952,#2235);
#1548=LINE('',#10953,#2236);
#1549=LINE('',#10959,#2237);
#1550=LINE('',#10961,#2238);
#1551=LINE('',#10963,#2239);
#1552=LINE('',#10964,#2240);
#1553=LINE('',#10967,#2241);
#1554=LINE('',#10969,#2242);
#1555=LINE('',#10970,#2243);
#1556=LINE('',#10973,#2244);
#1557=LINE('',#10975,#2245);
#1558=LINE('',#10976,#2246);
#1559=LINE('',#10978,#2247);
#1560=LINE('',#10979,#2248);
#1561=LINE('',#10986,#2249);
#1562=LINE('',#10988,#2250);
#1563=LINE('',#10990,#2251);
#1564=LINE('',#10991,#2252);
#1565=LINE('',#10994,#2253);
#1566=LINE('',#10996,#2254);
#1567=LINE('',#10997,#2255);
#1568=LINE('',#11000,#2256);
#1569=LINE('',#11002,#2257);
#1570=LINE('',#11003,#2258);
#1571=LINE('',#11005,#2259);
#1572=LINE('',#11006,#2260);
#1573=LINE('',#11012,#2261);
#1574=LINE('',#11014,#2262);
#1575=LINE('',#11016,#2263);
#1576=LINE('',#11017,#2264);
#1577=LINE('',#11020,#2265);
#1578=LINE('',#11022,#2266);
#1579=LINE('',#11023,#2267);
#1580=LINE('',#11026,#2268);
#1581=LINE('',#11028,#2269);
#1582=LINE('',#11029,#2270);
#1583=LINE('',#11031,#2271);
#1584=LINE('',#11032,#2272);
#1585=LINE('',#11038,#2273);
#1586=LINE('',#11040,#2274);
#1587=LINE('',#11042,#2275);
#1588=LINE('',#11043,#2276);
#1589=LINE('',#11046,#2277);
#1590=LINE('',#11048,#2278);
#1591=LINE('',#11049,#2279);
#1592=LINE('',#11052,#2280);
#1593=LINE('',#11054,#2281);
#1594=LINE('',#11055,#2282);
#1595=LINE('',#11057,#2283);
#1596=LINE('',#11058,#2284);
#1597=LINE('',#11064,#2285);
#1598=LINE('',#11066,#2286);
#1599=LINE('',#11068,#2287);
#1600=LINE('',#11069,#2288);
#1601=LINE('',#11072,#2289);
#1602=LINE('',#11074,#2290);
#1603=LINE('',#11075,#2291);
#1604=LINE('',#11078,#2292);
#1605=LINE('',#11080,#2293);
#1606=LINE('',#11081,#2294);
#1607=LINE('',#11083,#2295);
#1608=LINE('',#11084,#2296);
#1609=LINE('',#11090,#2297);
#1610=LINE('',#11092,#2298);
#1611=LINE('',#11094,#2299);
#1612=LINE('',#11095,#2300);
#1613=LINE('',#11098,#2301);
#1614=LINE('',#11100,#2302);
#1615=LINE('',#11101,#2303);
#1616=LINE('',#11104,#2304);
#1617=LINE('',#11106,#2305);
#1618=LINE('',#11107,#2306);
#1619=LINE('',#11109,#2307);
#1620=LINE('',#11110,#2308);
#1621=LINE('',#11116,#2309);
#1622=LINE('',#11118,#2310);
#1623=LINE('',#11120,#2311);
#1624=LINE('',#11121,#2312);
#1625=LINE('',#11124,#2313);
#1626=LINE('',#11126,#2314);
#1627=LINE('',#11127,#2315);
#1628=LINE('',#11130,#2316);
#1629=LINE('',#11132,#2317);
#1630=LINE('',#11133,#2318);
#1631=LINE('',#11135,#2319);
#1632=LINE('',#11136,#2320);
#1633=LINE('',#11143,#2321);
#1634=LINE('',#11145,#2322);
#1635=LINE('',#11147,#2323);
#1636=LINE('',#11148,#2324);
#1637=LINE('',#11151,#2325);
#1638=LINE('',#11153,#2326);
#1639=LINE('',#11154,#2327);
#1640=LINE('',#11157,#2328);
#1641=LINE('',#11159,#2329);
#1642=LINE('',#11160,#2330);
#1643=LINE('',#11164,#2331);
#1644=LINE('',#11166,#2332);
#1645=LINE('',#11168,#2333);
#1646=LINE('',#11169,#2334);
#1647=LINE('',#11172,#2335);
#1648=LINE('',#11174,#2336);
#1649=LINE('',#11175,#2337);
#1650=LINE('',#11178,#2338);
#1651=LINE('',#11180,#2339);
#1652=LINE('',#11181,#2340);
#1653=LINE('',#11183,#2341);
#1654=LINE('',#11184,#2342);
#1655=LINE('',#11186,#2343);
#1656=LINE('',#11189,#2344);
#1657=LINE('',#11191,#2345);
#1658=LINE('',#11193,#2346);
#1659=LINE('',#11195,#2347);
#1660=LINE('',#11196,#2348);
#1661=LINE('',#11200,#2349);
#1662=LINE('',#11202,#2350);
#1663=LINE('',#11204,#2351);
#1664=LINE('',#11205,#2352);
#1665=LINE('',#11208,#2353);
#1666=LINE('',#11210,#2354);
#1667=LINE('',#11211,#2355);
#1668=LINE('',#11214,#2356);
#1669=LINE('',#11216,#2357);
#1670=LINE('',#11217,#2358);
#1671=LINE('',#11219,#2359);
#1672=LINE('',#11220,#2360);
#1673=LINE('',#11224,#2361);
#1674=LINE('',#11226,#2362);
#1675=LINE('',#11228,#2363);
#1676=LINE('',#11229,#2364);
#1677=LINE('',#11232,#2365);
#1678=LINE('',#11234,#2366);
#1679=LINE('',#11235,#2367);
#1680=LINE('',#11238,#2368);
#1681=LINE('',#11240,#2369);
#1682=LINE('',#11241,#2370);
#1683=LINE('',#11243,#2371);
#1684=LINE('',#11244,#2372);
#1685=LINE('',#11248,#2373);
#1686=LINE('',#11250,#2374);
#1687=LINE('',#11252,#2375);
#1688=LINE('',#11253,#2376);
#1689=LINE('',#11256,#2377);
#1690=LINE('',#11258,#2378);
#1691=LINE('',#11259,#2379);
#1692=LINE('',#11262,#2380);
#1693=LINE('',#11264,#2381);
#1694=LINE('',#11265,#2382);
#1695=LINE('',#11267,#2383);
#1696=LINE('',#11268,#2384);
#1697=LINE('',#11272,#2385);
#1698=LINE('',#11274,#2386);
#1699=LINE('',#11276,#2387);
#1700=LINE('',#11277,#2388);
#1701=LINE('',#11280,#2389);
#1702=LINE('',#11282,#2390);
#1703=LINE('',#11283,#2391);
#1704=LINE('',#11286,#2392);
#1705=LINE('',#11288,#2393);
#1706=LINE('',#11289,#2394);
#1707=LINE('',#11291,#2395);
#1708=LINE('',#11292,#2396);
#1709=LINE('',#11296,#2397);
#1710=LINE('',#11298,#2398);
#1711=LINE('',#11300,#2399);
#1712=LINE('',#11301,#2400);
#1713=LINE('',#11304,#2401);
#1714=LINE('',#11306,#2402);
#1715=LINE('',#11307,#2403);
#1716=LINE('',#11310,#2404);
#1717=LINE('',#11312,#2405);
#1718=LINE('',#11313,#2406);
#1719=LINE('',#11315,#2407);
#1720=LINE('',#11316,#2408);
#1721=LINE('',#11320,#2409);
#1722=LINE('',#11322,#2410);
#1723=LINE('',#11324,#2411);
#1724=LINE('',#11325,#2412);
#1725=LINE('',#11328,#2413);
#1726=LINE('',#11330,#2414);
#1727=LINE('',#11331,#2415);
#1728=LINE('',#11334,#2416);
#1729=LINE('',#11336,#2417);
#1730=LINE('',#11337,#2418);
#1731=LINE('',#11339,#2419);
#1732=LINE('',#11340,#2420);
#1733=LINE('',#11344,#2421);
#1734=LINE('',#11346,#2422);
#1735=LINE('',#11348,#2423);
#1736=LINE('',#11349,#2424);
#1737=LINE('',#11352,#2425);
#1738=LINE('',#11354,#2426);
#1739=LINE('',#11355,#2427);
#1740=LINE('',#11358,#2428);
#1741=LINE('',#11360,#2429);
#1742=LINE('',#11361,#2430);
#1743=LINE('',#11363,#2431);
#1744=LINE('',#11364,#2432);
#1745=LINE('',#11368,#2433);
#1746=LINE('',#11370,#2434);
#1747=LINE('',#11372,#2435);
#1748=LINE('',#11373,#2436);
#1749=LINE('',#11376,#2437);
#1750=LINE('',#11378,#2438);
#1751=LINE('',#11379,#2439);
#1752=LINE('',#11382,#2440);
#1753=LINE('',#11384,#2441);
#1754=LINE('',#11385,#2442);
#1755=LINE('',#11387,#2443);
#1756=LINE('',#11388,#2444);
#1757=LINE('',#11392,#2445);
#1758=LINE('',#11394,#2446);
#1759=LINE('',#11396,#2447);
#1760=LINE('',#11397,#2448);
#1761=LINE('',#11400,#2449);
#1762=LINE('',#11402,#2450);
#1763=LINE('',#11403,#2451);
#1764=LINE('',#11406,#2452);
#1765=LINE('',#11408,#2453);
#1766=LINE('',#11409,#2454);
#1767=LINE('',#11411,#2455);
#1768=LINE('',#11412,#2456);
#1769=LINE('',#11416,#2457);
#1770=LINE('',#11418,#2458);
#1771=LINE('',#11420,#2459);
#1772=LINE('',#11421,#2460);
#1773=LINE('',#11424,#2461);
#1774=LINE('',#11426,#2462);
#1775=LINE('',#11427,#2463);
#1776=LINE('',#11430,#2464);
#1777=LINE('',#11432,#2465);
#1778=LINE('',#11433,#2466);
#1779=LINE('',#11435,#2467);
#1780=LINE('',#11436,#2468);
#1781=LINE('',#11440,#2469);
#1782=LINE('',#11442,#2470);
#1783=LINE('',#11444,#2471);
#1784=LINE('',#11445,#2472);
#1785=LINE('',#11448,#2473);
#1786=LINE('',#11450,#2474);
#1787=LINE('',#11451,#2475);
#1788=LINE('',#11454,#2476);
#1789=LINE('',#11456,#2477);
#1790=LINE('',#11457,#2478);
#1791=LINE('',#11459,#2479);
#1792=LINE('',#11460,#2480);
#1793=LINE('',#11464,#2481);
#1794=LINE('',#11466,#2482);
#1795=LINE('',#11468,#2483);
#1796=LINE('',#11469,#2484);
#1797=LINE('',#11472,#2485);
#1798=LINE('',#11474,#2486);
#1799=LINE('',#11475,#2487);
#1800=LINE('',#11478,#2488);
#1801=LINE('',#11480,#2489);
#1802=LINE('',#11481,#2490);
#1803=LINE('',#11483,#2491);
#1804=LINE('',#11484,#2492);
#1805=LINE('',#11488,#2493);
#1806=LINE('',#11490,#2494);
#1807=LINE('',#11492,#2495);
#1808=LINE('',#11493,#2496);
#1809=LINE('',#11496,#2497);
#1810=LINE('',#11498,#2498);
#1811=LINE('',#11499,#2499);
#1812=LINE('',#11502,#2500);
#1813=LINE('',#11504,#2501);
#1814=LINE('',#11505,#2502);
#1815=LINE('',#11507,#2503);
#1816=LINE('',#11508,#2504);
#1817=LINE('',#11511,#2505);
#1818=LINE('',#11513,#2506);
#1819=LINE('',#11514,#2507);
#1820=LINE('',#11517,#2508);
#1821=LINE('',#11519,#2509);
#1822=LINE('',#11520,#2510);
#1823=LINE('',#11522,#2511);
#1824=LINE('',#11523,#2512);
#1825=LINE('',#11530,#2513);
#1826=LINE('',#11536,#2514);
#1827=LINE('',#11538,#2515);
#1828=LINE('',#11540,#2516);
#1829=LINE('',#11541,#2517);
#1830=LINE('',#11544,#2518);
#1831=LINE('',#11546,#2519);
#1832=LINE('',#11547,#2520);
#1833=LINE('',#11550,#2521);
#1834=LINE('',#11552,#2522);
#1835=LINE('',#11553,#2523);
#1836=LINE('',#11555,#2524);
#1837=LINE('',#11556,#2525);
#1838=LINE('',#11569,#2526);
#1839=LINE('',#11571,#2527);
#1840=LINE('',#11573,#2528);
#1841=LINE('',#11574,#2529);
#1842=LINE('',#11577,#2530);
#1843=LINE('',#11579,#2531);
#1844=LINE('',#11580,#2532);
#1845=LINE('',#11583,#2533);
#1846=LINE('',#11585,#2534);
#1847=LINE('',#11586,#2535);
#1848=LINE('',#11589,#2536);
#1849=LINE('',#11591,#2537);
#1850=LINE('',#11592,#2538);
#1851=LINE('',#11595,#2539);
#1852=LINE('',#11597,#2540);
#1853=LINE('',#11598,#2541);
#1854=LINE('',#11601,#2542);
#1855=LINE('',#11603,#2543);
#1856=LINE('',#11604,#2544);
#1857=LINE('',#11607,#2545);
#1858=LINE('',#11609,#2546);
#1859=LINE('',#11610,#2547);
#1860=LINE('',#11612,#2548);
#1861=LINE('',#11613,#2549);
#1862=VECTOR('',#7599,0.01);
#1863=VECTOR('',#7602,0.01);
#1864=VECTOR('',#7605,0.579192142731919);
#1865=VECTOR('',#7606,0.579192142731919);
#1866=VECTOR('',#7607,0.01);
#1867=VECTOR('',#7614,0.01);
#1868=VECTOR('',#7621,0.01);
#1869=VECTOR('',#7628,0.01);
#1870=VECTOR('',#7635,0.01);
#1871=VECTOR('',#7642,0.01);
#1872=VECTOR('',#7649,0.01);
#1873=VECTOR('',#7656,0.01);
#1874=VECTOR('',#7663,0.01);
#1875=VECTOR('',#7670,0.01);
#1876=VECTOR('',#7677,0.01);
#1877=VECTOR('',#7684,0.01);
#1878=VECTOR('',#7691,0.01);
#1879=VECTOR('',#7698,0.01);
#1880=VECTOR('',#7705,0.01);
#1881=VECTOR('',#7712,0.01);
#1882=VECTOR('',#7715,0.584845166849859);
#1883=VECTOR('',#7716,0.584845166849859);
#1884=VECTOR('',#7717,0.01);
#1885=VECTOR('',#7724,0.01);
#1886=VECTOR('',#7737,0.334232766685381);
#1887=VECTOR('',#7738,0.01);
#1888=VECTOR('',#7739,0.334232766685381);
#1889=VECTOR('',#7740,0.01);
#1890=VECTOR('',#7743,0.0850191410606649);
#1891=VECTOR('',#7744,0.0850191410606649);
#1892=VECTOR('',#7745,0.01);
#1893=VECTOR('',#7748,0.454125121994404);
#1894=VECTOR('',#7749,0.454125121994404);
#1895=VECTOR('',#7750,0.01);
#1896=VECTOR('',#7753,0.0827628885446308);
#1897=VECTOR('',#7754,0.0827628885446308);
#1898=VECTOR('',#7755,0.01);
#1899=VECTOR('',#7758,0.0429395857911413);
#1900=VECTOR('',#7759,0.0429395857911413);
#1901=VECTOR('',#7760,0.01);
#1902=VECTOR('',#7767,0.01);
#1903=VECTOR('',#7774,0.01);
#1904=VECTOR('',#7781,0.01);
#1905=VECTOR('',#7788,0.01);
#1906=VECTOR('',#7791,0.377357225895279);
#1907=VECTOR('',#7792,0.377357225895279);
#1908=VECTOR('',#7793,0.01);
#1909=VECTOR('',#7796,0.0831165335076689);
#1910=VECTOR('',#7797,0.0831165335076689);
#1911=VECTOR('',#7798,0.01);
#1912=VECTOR('',#7801,0.33054495624484);
#1913=VECTOR('',#7802,0.33054495624484);
#1914=VECTOR('',#7803,0.01);
#1915=VECTOR('',#7816,0.334232766685382);
#1916=VECTOR('',#7817,0.01);
#1917=VECTOR('',#7818,0.334232766685382);
#1918=VECTOR('',#7819,0.01);
#1919=VECTOR('',#7822,0.0850191410606588);
#1920=VECTOR('',#7823,0.0850191410606588);
#1921=VECTOR('',#7824,0.01);
#1922=VECTOR('',#7827,0.454125121994405);
#1923=VECTOR('',#7828,0.454125121994405);
#1924=VECTOR('',#7829,0.01);
#1925=VECTOR('',#7832,0.0827628885446284);
#1926=VECTOR('',#7833,0.0827628885446284);
#1927=VECTOR('',#7834,0.01);
#1928=VECTOR('',#7837,0.0429395857911441);
#1929=VECTOR('',#7838,0.0429395857911441);
#1930=VECTOR('',#7839,0.01);
#1931=VECTOR('',#7846,0.01);
#1932=VECTOR('',#7853,0.01);
#1933=VECTOR('',#7860,0.01);
#1934=VECTOR('',#7867,0.01);
#1935=VECTOR('',#7870,0.377357211260757);
#1936=VECTOR('',#7871,0.377357211260757);
#1937=VECTOR('',#7872,0.01);
#1938=VECTOR('',#7875,0.0831165345807208);
#1939=VECTOR('',#7876,0.0831165345807208);
#1940=VECTOR('',#7877,0.01);
#1941=VECTOR('',#7880,0.33054495624484);
#1942=VECTOR('',#7881,0.33054495624484);
#1943=VECTOR('',#7882,0.01);
#1944=VECTOR('',#7897,0.01);
#1945=VECTOR('',#7900,0.01);
#1946=VECTOR('',#7907,0.01);
#1947=VECTOR('',#7914,0.01);
#1948=VECTOR('',#7917,0.0755489178344809);
#1949=VECTOR('',#7918,0.0755489178344809);
#1950=VECTOR('',#7919,0.01);
#1951=VECTOR('',#7926,0.01);
#1952=VECTOR('',#7933,0.01);
#1953=VECTOR('',#7940,0.01);
#1954=VECTOR('',#7947,0.01);
#1955=VECTOR('',#7950,0.164520686405272);
#1956=VECTOR('',#7951,0.164520686405272);
#1957=VECTOR('',#7952,0.01);
#1958=VECTOR('',#7955,0.0643718393312322);
#1959=VECTOR('',#7956,0.0643718393312322);
#1960=VECTOR('',#7957,0.01);
#1961=VECTOR('',#7960,0.0660711968308203);
#1962=VECTOR('',#7961,0.0660711968308203);
#1963=VECTOR('',#7962,0.01);
#1964=VECTOR('',#7965,0.0643718393312322);
#1965=VECTOR('',#7966,0.0643718393312322);
#1966=VECTOR('',#7967,0.01);
#1967=VECTOR('',#7970,0.387848406071062);
#1968=VECTOR('',#7971,0.387848406071062);
#1969=VECTOR('',#7972,0.01);
#1970=VECTOR('',#7975,0.0844952673799089);
#1971=VECTOR('',#7976,0.0844952673799089);
#1972=VECTOR('',#7977,0.01);
#1973=VECTOR('',#7980,0.388126078839361);
#1974=VECTOR('',#7981,0.388126078839361);
#1975=VECTOR('',#7982,0.01);
#1976=VECTOR('',#7985,0.0459655687609409);
#1977=VECTOR('',#7986,0.0459655687609409);
#1978=VECTOR('',#7987,0.01);
#1979=VECTOR('',#7990,0.0654395368172461);
#1980=VECTOR('',#7991,0.0654395368172461);
#1981=VECTOR('',#7992,0.01);
#1982=VECTOR('',#7995,0.0453706375792462);
#1983=VECTOR('',#7996,0.0453706375792462);
#1984=VECTOR('',#7997,0.01);
#1985=VECTOR('',#8000,0.175078143371857);
#1986=VECTOR('',#8001,0.175078143371857);
#1987=VECTOR('',#8028,0.453711411921054);
#1988=VECTOR('',#8029,0.01);
#1989=VECTOR('',#8030,0.453711411921054);
#1990=VECTOR('',#8031,0.01);
#1991=VECTOR('',#8034,0.0828426195554886);
#1992=VECTOR('',#8035,0.0828426195554886);
#1993=VECTOR('',#8036,0.01);
#1994=VECTOR('',#8039,0.453857691510525);
#1995=VECTOR('',#8040,0.453857691510525);
#1996=VECTOR('',#8041,0.01);
#1997=VECTOR('',#8044,0.0828424904085888);
#1998=VECTOR('',#8045,0.0828424904085888);
#1999=VECTOR('',#8052,0.0896579078165738);
#2000=VECTOR('',#8053,0.01);
#2001=VECTOR('',#8054,0.0896579078165738);
#2002=VECTOR('',#8055,0.01);
#2003=VECTOR('',#8058,0.67810926569157);
#2004=VECTOR('',#8059,0.67810926569157);
#2005=VECTOR('',#8060,0.01);
#2006=VECTOR('',#8063,0.0893930858810322);
#2007=VECTOR('',#8064,0.0893930858810322);
#2008=VECTOR('',#8065,0.01);
#2009=VECTOR('',#8068,0.678109213981128);
#2010=VECTOR('',#8069,0.678109213981128);
#2011=VECTOR('',#8076,0.216830907438277);
#2012=VECTOR('',#8077,0.01);
#2013=VECTOR('',#8078,0.216830907438277);
#2014=VECTOR('',#8079,0.01);
#2015=VECTOR('',#8082,0.356500006768295);
#2016=VECTOR('',#8083,0.356500006768295);
#2017=VECTOR('',#8084,0.01);
#2018=VECTOR('',#8087,0.216830907438278);
#2019=VECTOR('',#8088,0.216830907438278);
#2020=VECTOR('',#8089,0.01);
#2021=VECTOR('',#8092,0.356500006768295);
#2022=VECTOR('',#8093,0.356500006768295);
#2023=VECTOR('',#8100,0.334232766685381);
#2024=VECTOR('',#8101,0.01);
#2025=VECTOR('',#8102,0.334232766685381);
#2026=VECTOR('',#8103,0.01);
#2027=VECTOR('',#8106,0.0850191410606627);
#2028=VECTOR('',#8107,0.0850191410606627);
#2029=VECTOR('',#8108,0.01);
#2030=VECTOR('',#8111,0.454125121994405);
#2031=VECTOR('',#8112,0.454125121994405);
#2032=VECTOR('',#8113,0.01);
#2033=VECTOR('',#8116,0.0827628885446291);
#2034=VECTOR('',#8117,0.0827628885446291);
#2035=VECTOR('',#8118,0.01);
#2036=VECTOR('',#8121,0.0429395857911438);
#2037=VECTOR('',#8122,0.0429395857911438);
#2038=VECTOR('',#8123,0.01);
#2039=VECTOR('',#8130,0.01);
#2040=VECTOR('',#8137,0.01);
#2041=VECTOR('',#8144,0.01);
#2042=VECTOR('',#8151,0.01);
#2043=VECTOR('',#8154,0.37735722589528);
#2044=VECTOR('',#8155,0.37735722589528);
#2045=VECTOR('',#8156,0.01);
#2046=VECTOR('',#8159,0.0831165335076686);
#2047=VECTOR('',#8160,0.0831165335076686);
#2048=VECTOR('',#8161,0.01);
#2049=VECTOR('',#8164,0.33054495624484);
#2050=VECTOR('',#8165,0.33054495624484);
#2051=VECTOR('',#8166,0.01);
#2052=VECTOR('',#8181,0.01);
#2053=VECTOR('',#8184,0.01);
#2054=VECTOR('',#8187,0.034175133817082);
#2055=VECTOR('',#8188,0.01);
#2056=VECTOR('',#8189,0.034175133817082);
#2057=VECTOR('',#8192,0.125452281992502);
#2058=VECTOR('',#8193,0.01);
#2059=VECTOR('',#8194,0.125452281992502);
#2060=VECTOR('',#8199,0.01);
#2061=VECTOR('',#8206,0.01);
#2062=VECTOR('',#8213,0.01);
#2063=VECTOR('',#8220,0.01);
#2064=VECTOR('',#8227,0.01);
#2065=VECTOR('',#8240,0.01);
#2066=VECTOR('',#8243,0.01);
#2067=VECTOR('',#8250,0.01);
#2068=VECTOR('',#8257,0.01);
#2069=VECTOR('',#8264,0.01);
#2070=VECTOR('',#8271,0.01);
#2071=VECTOR('',#8278,0.01);
#2072=VECTOR('',#8285,0.01);
#2073=VECTOR('',#8288,0.0514988609622632);
#2074=VECTOR('',#8289,0.0514988609622632);
#2075=VECTOR('',#8290,0.01);
#2076=VECTOR('',#8293,0.208191940246146);
#2077=VECTOR('',#8294,0.208191940246146);
#2078=VECTOR('',#8295,0.01);
#2079=VECTOR('',#8302,0.01);
#2080=VECTOR('',#8309,0.01);
#2081=VECTOR('',#8316,0.01);
#2082=VECTOR('',#8323,0.01);
#2083=VECTOR('',#8330,0.01);
#2084=VECTOR('',#8337,0.01);
#2085=VECTOR('',#8344,0.01);
#2086=VECTOR('',#8351,0.01);
#2087=VECTOR('',#8358,0.01);
#2088=VECTOR('',#8361,0.0775483060609333);
#2089=VECTOR('',#8362,0.0775483060609333);
#2090=VECTOR('',#8363,0.01);
#2091=VECTOR('',#8366,0.0190482067857248);
#2092=VECTOR('',#8367,0.0190482067857248);
#2093=VECTOR('',#8368,0.01);
#2094=VECTOR('',#8375,0.01);
#2095=VECTOR('',#8382,0.01);
#2096=VECTOR('',#8389,0.01);
#2097=VECTOR('',#8396,0.01);
#2098=VECTOR('',#8403,0.01);
#2099=VECTOR('',#8410,0.01);
#2100=VECTOR('',#8417,0.01);
#2101=VECTOR('',#8424,0.01);
#2102=VECTOR('',#8431,0.01);
#2103=VECTOR('',#8438,0.01);
#2104=VECTOR('',#8445,0.01);
#2105=VECTOR('',#8452,0.01);
#2106=VECTOR('',#8459,0.01);
#2107=VECTOR('',#8466,0.01);
#2108=VECTOR('',#8473,0.01);
#2109=VECTOR('',#8488,0.01);
#2110=VECTOR('',#8491,0.01);
#2111=VECTOR('',#8496,0.01);
#2112=VECTOR('',#8503,0.01);
#2113=VECTOR('',#8510,0.01);
#2114=VECTOR('',#8517,0.01);
#2115=VECTOR('',#8524,0.01);
#2116=VECTOR('',#8531,0.01);
#2117=VECTOR('',#8538,0.01);
#2118=VECTOR('',#8545,0.01);
#2119=VECTOR('',#8552,0.01);
#2120=VECTOR('',#8559,0.01);
#2121=VECTOR('',#8566,0.01);
#2122=VECTOR('',#8573,0.01);
#2123=VECTOR('',#8580,0.01);
#2124=VECTOR('',#8587,0.01);
#2125=VECTOR('',#8594,0.01);
#2126=VECTOR('',#8601,0.01);
#2127=VECTOR('',#8608,0.01);
#2128=VECTOR('',#8615,0.01);
#2129=VECTOR('',#8622,0.01);
#2130=VECTOR('',#8629,0.01);
#2131=VECTOR('',#8636,0.01);
#2132=VECTOR('',#8643,0.01);
#2133=VECTOR('',#8650,0.01);
#2134=VECTOR('',#8657,0.01);
#2135=VECTOR('',#8664,0.01);
#2136=VECTOR('',#8671,0.01);
#2137=VECTOR('',#8678,0.01);
#2138=VECTOR('',#8685,0.01);
#2139=VECTOR('',#8692,0.01);
#2140=VECTOR('',#8699,0.01);
#2141=VECTOR('',#8706,0.01);
#2142=VECTOR('',#8713,0.01);
#2143=VECTOR('',#8720,0.01);
#2144=VECTOR('',#8727,0.01);
#2145=VECTOR('',#8740,0.01);
#2146=VECTOR('',#8743,0.01);
#2147=VECTOR('',#8750,0.01);
#2148=VECTOR('',#8757,0.01);
#2149=VECTOR('',#8764,0.01);
#2150=VECTOR('',#8771,0.01);
#2151=VECTOR('',#8778,0.01);
#2152=VECTOR('',#8785,0.01);
#2153=VECTOR('',#8792,0.01);
#2154=VECTOR('',#8799,0.01);
#2155=VECTOR('',#8806,0.01);
#2156=VECTOR('',#8813,0.01);
#2157=VECTOR('',#8820,0.01);
#2158=VECTOR('',#8827,0.01);
#2159=VECTOR('',#8834,0.01);
#2160=VECTOR('',#8841,0.01);
#2161=VECTOR('',#8848,0.01);
#2162=VECTOR('',#8855,0.01);
#2163=VECTOR('',#8862,0.01);
#2164=VECTOR('',#8869,0.01);
#2165=VECTOR('',#8884,0.300000000000011);
#2166=VECTOR('',#8885,0.26);
#2167=VECTOR('',#8886,0.300000000000011);
#2168=VECTOR('',#8887,0.26);
#2169=VECTOR('',#8890,0.75);
#2170=VECTOR('',#8891,0.75);
#2171=VECTOR('',#8892,0.26);
#2172=VECTOR('',#8895,0.300000000000011);
#2173=VECTOR('',#8896,0.300000000000011);
#2174=VECTOR('',#8897,0.26);
#2175=VECTOR('',#8900,0.75);
#2176=VECTOR('',#8901,0.75);
#2177=VECTOR('',#8908,0.75);
#2178=VECTOR('',#8909,0.26);
#2179=VECTOR('',#8910,0.75);
#2180=VECTOR('',#8911,0.26);
#2181=VECTOR('',#8914,0.300000000000011);
#2182=VECTOR('',#8915,0.300000000000011);
#2183=VECTOR('',#8916,0.26);
#2184=VECTOR('',#8919,0.75);
#2185=VECTOR('',#8920,0.75);
#2186=VECTOR('',#8921,0.26);
#2187=VECTOR('',#8924,0.300000000000011);
#2188=VECTOR('',#8925,0.300000000000011);
#2189=VECTOR('',#8932,0.75);
#2190=VECTOR('',#8933,0.26);
#2191=VECTOR('',#8934,0.75);
#2192=VECTOR('',#8935,0.26);
#2193=VECTOR('',#8938,0.300000000000011);
#2194=VECTOR('',#8939,0.300000000000011);
#2195=VECTOR('',#8940,0.26);
#2196=VECTOR('',#8943,0.75);
#2197=VECTOR('',#8944,0.75);
#2198=VECTOR('',#8945,0.26);
#2199=VECTOR('',#8948,0.300000000000011);
#2200=VECTOR('',#8949,0.300000000000011);
#2201=VECTOR('',#8956,0.75);
#2202=VECTOR('',#8957,0.26);
#2203=VECTOR('',#8958,0.75);
#2204=VECTOR('',#8959,0.26);
#2205=VECTOR('',#8962,0.300000000000011);
#2206=VECTOR('',#8963,0.300000000000011);
#2207=VECTOR('',#8964,0.26);
#2208=VECTOR('',#8967,0.75);
#2209=VECTOR('',#8968,0.75);
#2210=VECTOR('',#8969,0.26);
#2211=VECTOR('',#8972,0.300000000000011);
#2212=VECTOR('',#8973,0.300000000000011);
#2213=VECTOR('',#8980,0.75);
#2214=VECTOR('',#8981,0.26);
#2215=VECTOR('',#8982,0.75);
#2216=VECTOR('',#8983,0.26);
#2217=VECTOR('',#8986,0.300000000000011);
#2218=VECTOR('',#8987,0.300000000000011);
#2219=VECTOR('',#8988,0.26);
#2220=VECTOR('',#8991,0.75);
#2221=VECTOR('',#8992,0.75);
#2222=VECTOR('',#8993,0.26);
#2223=VECTOR('',#8996,0.300000000000011);
#2224=VECTOR('',#8997,0.300000000000011);
#2225=VECTOR('',#9004,0.75);
#2226=VECTOR('',#9005,0.26);
#2227=VECTOR('',#9006,0.75);
#2228=VECTOR('',#9007,0.26);
#2229=VECTOR('',#9010,0.300000000000011);
#2230=VECTOR('',#9011,0.300000000000011);
#2231=VECTOR('',#9012,0.26);
#2232=VECTOR('',#9015,0.75);
#2233=VECTOR('',#9016,0.75);
#2234=VECTOR('',#9017,0.26);
#2235=VECTOR('',#9020,0.300000000000011);
#2236=VECTOR('',#9021,0.300000000000011);
#2237=VECTOR('',#9028,0.75);
#2238=VECTOR('',#9029,0.26);
#2239=VECTOR('',#9030,0.75);
#2240=VECTOR('',#9031,0.26);
#2241=VECTOR('',#9034,0.300000000000011);
#2242=VECTOR('',#9035,0.300000000000011);
#2243=VECTOR('',#9036,0.26);
#2244=VECTOR('',#9039,0.75);
#2245=VECTOR('',#9040,0.75);
#2246=VECTOR('',#9041,0.26);
#2247=VECTOR('',#9044,0.300000000000011);
#2248=VECTOR('',#9045,0.300000000000011);
#2249=VECTOR('',#9054,0.75);
#2250=VECTOR('',#9055,0.26);
#2251=VECTOR('',#9056,0.75);
#2252=VECTOR('',#9057,0.26);
#2253=VECTOR('',#9060,0.300000000000011);
#2254=VECTOR('',#9061,0.300000000000011);
#2255=VECTOR('',#9062,0.26);
#2256=VECTOR('',#9065,0.75);
#2257=VECTOR('',#9066,0.75);
#2258=VECTOR('',#9067,0.26);
#2259=VECTOR('',#9070,0.300000000000011);
#2260=VECTOR('',#9071,0.300000000000011);
#2261=VECTOR('',#9078,0.75);
#2262=VECTOR('',#9079,0.26);
#2263=VECTOR('',#9080,0.75);
#2264=VECTOR('',#9081,0.26);
#2265=VECTOR('',#9084,0.300000000000011);
#2266=VECTOR('',#9085,0.300000000000011);
#2267=VECTOR('',#9086,0.26);
#2268=VECTOR('',#9089,0.75);
#2269=VECTOR('',#9090,0.75);
#2270=VECTOR('',#9091,0.26);
#2271=VECTOR('',#9094,0.300000000000011);
#2272=VECTOR('',#9095,0.300000000000011);
#2273=VECTOR('',#9102,0.750000000000057);
#2274=VECTOR('',#9103,0.26);
#2275=VECTOR('',#9104,0.750000000000057);
#2276=VECTOR('',#9105,0.26);
#2277=VECTOR('',#9108,0.300000000000016);
#2278=VECTOR('',#9109,0.300000000000016);
#2279=VECTOR('',#9110,0.26);
#2280=VECTOR('',#9113,0.750000000000001);
#2281=VECTOR('',#9114,0.750000000000001);
#2282=VECTOR('',#9115,0.26);
#2283=VECTOR('',#9118,0.300000000000016);
#2284=VECTOR('',#9119,0.300000000000016);
#2285=VECTOR('',#9126,0.75);
#2286=VECTOR('',#9127,0.26);
#2287=VECTOR('',#9128,0.75);
#2288=VECTOR('',#9129,0.26);
#2289=VECTOR('',#9132,0.300000000000011);
#2290=VECTOR('',#9133,0.300000000000011);
#2291=VECTOR('',#9134,0.26);
#2292=VECTOR('',#9137,0.75);
#2293=VECTOR('',#9138,0.75);
#2294=VECTOR('',#9139,0.26);
#2295=VECTOR('',#9142,0.300000000000011);
#2296=VECTOR('',#9143,0.300000000000011);
#2297=VECTOR('',#9150,0.750000000000057);
#2298=VECTOR('',#9151,0.26);
#2299=VECTOR('',#9152,0.750000000000057);
#2300=VECTOR('',#9153,0.26);
#2301=VECTOR('',#9156,0.300000000000011);
#2302=VECTOR('',#9157,0.300000000000011);
#2303=VECTOR('',#9158,0.26);
#2304=VECTOR('',#9161,0.750000000000001);
#2305=VECTOR('',#9162,0.750000000000001);
#2306=VECTOR('',#9163,0.26);
#2307=VECTOR('',#9166,0.300000000000011);
#2308=VECTOR('',#9167,0.300000000000011);
#2309=VECTOR('',#9174,0.75);
#2310=VECTOR('',#9175,0.26);
#2311=VECTOR('',#9176,0.75);
#2312=VECTOR('',#9177,0.26);
#2313=VECTOR('',#9180,0.300000000000011);
#2314=VECTOR('',#9181,0.300000000000011);
#2315=VECTOR('',#9182,0.26);
#2316=VECTOR('',#9185,0.75);
#2317=VECTOR('',#9186,0.75);
#2318=VECTOR('',#9187,0.26);
#2319=VECTOR('',#9190,0.300000000000011);
#2320=VECTOR('',#9191,0.300000000000011);
#2321=VECTOR('',#9200,0.360313003790964);
#2322=VECTOR('',#9201,9.99999999999959E-5);
#2323=VECTOR('',#9202,0.360313003790964);
#2324=VECTOR('',#9203,9.99999999999959E-5);
#2325=VECTOR('',#9206,0.0250000000000061);
#2326=VECTOR('',#9207,9.99999999999959E-5);
#2327=VECTOR('',#9208,0.0250000000000061);
#2328=VECTOR('',#9211,0.200000000000017);
#2329=VECTOR('',#9212,9.99999999999959E-5);
#2330=VECTOR('',#9213,0.200000000000017);
#2331=VECTOR('',#9216,0.200000000000017);
#2332=VECTOR('',#9217,9.99999999999959E-5);
#2333=VECTOR('',#9218,0.200000000000017);
#2334=VECTOR('',#9219,9.99999999999959E-5);
#2335=VECTOR('',#9222,0.0249999999999773);
#2336=VECTOR('',#9223,9.99999999999959E-5);
#2337=VECTOR('',#9224,0.0249999999999773);
#2338=VECTOR('',#9227,0.360313003790964);
#2339=VECTOR('',#9228,9.99999999999959E-5);
#2340=VECTOR('',#9229,0.360313003790964);
#2341=VECTOR('',#9232,0.0999999999999933);
#2342=VECTOR('',#9233,0.0999999999999934);
#2343=VECTOR('',#9236,0.05000000000001);
#2344=VECTOR('',#9239,4.82554816150875);
#2345=VECTOR('',#9240,0.26);
#2346=VECTOR('',#9241,5.);
#2347=VECTOR('',#9242,0.26);
#2348=VECTOR('',#9243,0.124451838491239);
#2349=VECTOR('',#9246,0.300000000000011);
#2350=VECTOR('',#9247,0.26);
#2351=VECTOR('',#9248,0.300000000000011);
#2352=VECTOR('',#9249,0.26);
#2353=VECTOR('',#9252,0.75);
#2354=VECTOR('',#9253,0.26);
#2355=VECTOR('',#9254,0.75);
#2356=VECTOR('',#9257,0.300000000000011);
#2357=VECTOR('',#9258,0.26);
#2358=VECTOR('',#9259,0.300000000000011);
#2359=VECTOR('',#9262,0.75);
#2360=VECTOR('',#9263,0.75);
#2361=VECTOR('',#9266,0.75);
#2362=VECTOR('',#9267,0.26);
#2363=VECTOR('',#9268,0.75);
#2364=VECTOR('',#9269,0.26);
#2365=VECTOR('',#9272,0.300000000000011);
#2366=VECTOR('',#9273,0.26);
#2367=VECTOR('',#9274,0.300000000000011);
#2368=VECTOR('',#9277,0.75);
#2369=VECTOR('',#9278,0.26);
#2370=VECTOR('',#9279,0.75);
#2371=VECTOR('',#9282,0.300000000000011);
#2372=VECTOR('',#9283,0.300000000000011);
#2373=VECTOR('',#9286,0.75);
#2374=VECTOR('',#9287,0.26);
#2375=VECTOR('',#9288,0.75);
#2376=VECTOR('',#9289,0.26);
#2377=VECTOR('',#9292,0.300000000000011);
#2378=VECTOR('',#9293,0.26);
#2379=VECTOR('',#9294,0.300000000000011);
#2380=VECTOR('',#9297,0.75);
#2381=VECTOR('',#9298,0.26);
#2382=VECTOR('',#9299,0.75);
#2383=VECTOR('',#9302,0.300000000000011);
#2384=VECTOR('',#9303,0.300000000000011);
#2385=VECTOR('',#9306,0.75);
#2386=VECTOR('',#9307,0.26);
#2387=VECTOR('',#9308,0.75);
#2388=VECTOR('',#9309,0.26);
#2389=VECTOR('',#9312,0.300000000000011);
#2390=VECTOR('',#9313,0.26);
#2391=VECTOR('',#9314,0.300000000000011);
#2392=VECTOR('',#9317,0.75);
#2393=VECTOR('',#9318,0.26);
#2394=VECTOR('',#9319,0.75);
#2395=VECTOR('',#9322,0.300000000000011);
#2396=VECTOR('',#9323,0.300000000000011);
#2397=VECTOR('',#9326,0.750000000000057);
#2398=VECTOR('',#9327,0.26);
#2399=VECTOR('',#9328,0.750000000000057);
#2400=VECTOR('',#9329,0.26);
#2401=VECTOR('',#9332,0.300000000000011);
#2402=VECTOR('',#9333,0.26);
#2403=VECTOR('',#9334,0.300000000000011);
#2404=VECTOR('',#9337,0.750000000000001);
#2405=VECTOR('',#9338,0.26);
#2406=VECTOR('',#9339,0.750000000000001);
#2407=VECTOR('',#9342,0.300000000000011);
#2408=VECTOR('',#9343,0.300000000000011);
#2409=VECTOR('',#9346,0.75);
#2410=VECTOR('',#9347,0.26);
#2411=VECTOR('',#9348,0.75);
#2412=VECTOR('',#9349,0.26);
#2413=VECTOR('',#9352,0.300000000000011);
#2414=VECTOR('',#9353,0.26);
#2415=VECTOR('',#9354,0.300000000000011);
#2416=VECTOR('',#9357,0.75);
#2417=VECTOR('',#9358,0.26);
#2418=VECTOR('',#9359,0.75);
#2419=VECTOR('',#9362,0.300000000000011);
#2420=VECTOR('',#9363,0.300000000000011);
#2421=VECTOR('',#9366,0.75);
#2422=VECTOR('',#9367,0.26);
#2423=VECTOR('',#9368,0.75);
#2424=VECTOR('',#9369,0.26);
#2425=VECTOR('',#9372,0.300000000000011);
#2426=VECTOR('',#9373,0.26);
#2427=VECTOR('',#9374,0.300000000000011);
#2428=VECTOR('',#9377,0.75);
#2429=VECTOR('',#9378,0.26);
#2430=VECTOR('',#9379,0.75);
#2431=VECTOR('',#9382,0.300000000000011);
#2432=VECTOR('',#9383,0.300000000000011);
#2433=VECTOR('',#9386,0.750000000000057);
#2434=VECTOR('',#9387,0.26);
#2435=VECTOR('',#9388,0.750000000000057);
#2436=VECTOR('',#9389,0.26);
#2437=VECTOR('',#9392,0.300000000000016);
#2438=VECTOR('',#9393,0.26);
#2439=VECTOR('',#9394,0.300000000000016);
#2440=VECTOR('',#9397,0.750000000000001);
#2441=VECTOR('',#9398,0.26);
#2442=VECTOR('',#9399,0.750000000000001);
#2443=VECTOR('',#9402,0.300000000000016);
#2444=VECTOR('',#9403,0.300000000000016);
#2445=VECTOR('',#9406,0.75);
#2446=VECTOR('',#9407,0.26);
#2447=VECTOR('',#9408,0.75);
#2448=VECTOR('',#9409,0.26);
#2449=VECTOR('',#9412,0.300000000000011);
#2450=VECTOR('',#9413,0.26);
#2451=VECTOR('',#9414,0.300000000000011);
#2452=VECTOR('',#9417,0.75);
#2453=VECTOR('',#9418,0.26);
#2454=VECTOR('',#9419,0.75);
#2455=VECTOR('',#9422,0.300000000000011);
#2456=VECTOR('',#9423,0.300000000000011);
#2457=VECTOR('',#9426,0.75);
#2458=VECTOR('',#9427,0.26);
#2459=VECTOR('',#9428,0.75);
#2460=VECTOR('',#9429,0.26);
#2461=VECTOR('',#9432,0.300000000000011);
#2462=VECTOR('',#9433,0.26);
#2463=VECTOR('',#9434,0.300000000000011);
#2464=VECTOR('',#9437,0.75);
#2465=VECTOR('',#9438,0.26);
#2466=VECTOR('',#9439,0.75);
#2467=VECTOR('',#9442,0.300000000000011);
#2468=VECTOR('',#9443,0.300000000000011);
#2469=VECTOR('',#9446,0.75);
#2470=VECTOR('',#9447,0.26);
#2471=VECTOR('',#9448,0.75);
#2472=VECTOR('',#9449,0.26);
#2473=VECTOR('',#9452,0.300000000000011);
#2474=VECTOR('',#9453,0.26);
#2475=VECTOR('',#9454,0.300000000000011);
#2476=VECTOR('',#9457,0.75);
#2477=VECTOR('',#9458,0.26);
#2478=VECTOR('',#9459,0.75);
#2479=VECTOR('',#9462,0.300000000000011);
#2480=VECTOR('',#9463,0.300000000000011);
#2481=VECTOR('',#9466,0.75);
#2482=VECTOR('',#9467,0.26);
#2483=VECTOR('',#9468,0.75);
#2484=VECTOR('',#9469,0.26);
#2485=VECTOR('',#9472,0.300000000000011);
#2486=VECTOR('',#9473,0.26);
#2487=VECTOR('',#9474,0.300000000000011);
#2488=VECTOR('',#9477,0.75);
#2489=VECTOR('',#9478,0.26);
#2490=VECTOR('',#9479,0.75);
#2491=VECTOR('',#9482,0.300000000000011);
#2492=VECTOR('',#9483,0.300000000000011);
#2493=VECTOR('',#9486,0.75);
#2494=VECTOR('',#9487,0.26);
#2495=VECTOR('',#9488,0.75);
#2496=VECTOR('',#9489,0.26);
#2497=VECTOR('',#9492,0.300000000000011);
#2498=VECTOR('',#9493,0.26);
#2499=VECTOR('',#9494,0.300000000000011);
#2500=VECTOR('',#9497,0.75);
#2501=VECTOR('',#9498,0.26);
#2502=VECTOR('',#9499,0.75);
#2503=VECTOR('',#9502,0.300000000000011);
#2504=VECTOR('',#9503,0.300000000000011);
#2505=VECTOR('',#9506,5.);
#2506=VECTOR('',#9507,0.26);
#2507=VECTOR('',#9508,5.);
#2508=VECTOR('',#9511,5.);
#2509=VECTOR('',#9512,5.);
#2510=VECTOR('',#9513,0.26);
#2511=VECTOR('',#9516,5.);
#2512=VECTOR('',#9517,5.);
#2513=VECTOR('',#9526,1.);
#2514=VECTOR('',#9533,1.);
#2515=VECTOR('',#9534,1.);
#2516=VECTOR('',#9535,1.);
#2517=VECTOR('',#9536,1.);
#2518=VECTOR('',#9539,1.);
#2519=VECTOR('',#9540,1.);
#2520=VECTOR('',#9541,1.);
#2521=VECTOR('',#9544,1.);
#2522=VECTOR('',#9545,1.);
#2523=VECTOR('',#9546,1.);
#2524=VECTOR('',#9549,1.);
#2525=VECTOR('',#9550,1.);
#2526=VECTOR('',#9567,0.200000000000017);
#2527=VECTOR('',#9568,0.0001);
#2528=VECTOR('',#9569,0.200000000000017);
#2529=VECTOR('',#9570,0.0001);
#2530=VECTOR('',#9573,0.0499999999999834);
#2531=VECTOR('',#9574,0.0499999999999834);
#2532=VECTOR('',#9575,0.0001);
#2533=VECTOR('',#9578,0.200000000000017);
#2534=VECTOR('',#9579,0.200000000000017);
#2535=VECTOR('',#9580,0.0001);
#2536=VECTOR('',#9583,0.0249999999999773);
#2537=VECTOR('',#9584,0.0249999999999773);
#2538=VECTOR('',#9585,0.0001);
#2539=VECTOR('',#9588,0.360313003790964);
#2540=VECTOR('',#9589,0.360313003790964);
#2541=VECTOR('',#9590,0.0001);
#2542=VECTOR('',#9593,0.0999999999999934);
#2543=VECTOR('',#9594,0.0999999999999934);
#2544=VECTOR('',#9595,0.0001);
#2545=VECTOR('',#9598,0.360313003790964);
#2546=VECTOR('',#9599,0.360313003790964);
#2547=VECTOR('',#9600,0.0001);
#2548=VECTOR('',#9603,0.0250000000000061);
#2549=VECTOR('',#9604,0.0250000000000061);
#2550=CIRCLE('',#6925,0.590586056818576);
#2551=CIRCLE('',#6926,0.590586056818576);
#2552=CIRCLE('',#6929,0.582082144037735);
#2553=CIRCLE('',#6930,0.582082144037735);
#2554=CIRCLE('',#6932,0.568308117171806);
#2555=CIRCLE('',#6933,0.568308117171806);
#2556=CIRCLE('',#6935,0.541088644261234);
#2557=CIRCLE('',#6936,0.541088644261234);
#2558=CIRCLE('',#6938,0.35562862949775);
#2559=CIRCLE('',#6939,0.35562862949775);
#2560=CIRCLE('',#6941,0.262627486192926);
#2561=CIRCLE('',#6942,0.262627486192926);
#2562=CIRCLE('',#6944,0.266080240119816);
#2563=CIRCLE('',#6945,0.266080240119816);
#2564=CIRCLE('',#6947,0.339337886426436);
#2565=CIRCLE('',#6948,0.339337886426436);
#2566=CIRCLE('',#6950,0.357967026118328);
#2567=CIRCLE('',#6951,0.357967026118328);
#2568=CIRCLE('',#6953,0.160341447644843);
#2569=CIRCLE('',#6954,0.160341447644843);
#2570=CIRCLE('',#6956,0.502554061276681);
#2571=CIRCLE('',#6957,0.502554061276681);
#2572=CIRCLE('',#6959,0.31015616560089);
#2573=CIRCLE('',#6960,0.31015616560089);
#2574=CIRCLE('',#6962,0.208121647144662);
#2575=CIRCLE('',#6963,0.208121647144662);
#2576=CIRCLE('',#6965,0.279003795335946);
#2577=CIRCLE('',#6966,0.279003795335946);
#2578=CIRCLE('',#6968,0.474265805895394);
#2579=CIRCLE('',#6969,0.474265805895394);
#2580=CIRCLE('',#6971,0.501606350616149);
#2581=CIRCLE('',#6972,0.501606350616149);
#2582=CIRCLE('',#6975,1.01082455072964);
#2583=CIRCLE('',#6976,1.01082455072964);
#2584=CIRCLE('',#6978,0.16034144764482);
#2585=CIRCLE('',#6979,0.16034144764482);
#2586=CIRCLE('',#6988,0.125568056070296);
#2587=CIRCLE('',#6989,0.125568056070296);
#2588=CIRCLE('',#6991,0.110468670802781);
#2589=CIRCLE('',#6992,0.110468670802781);
#2590=CIRCLE('',#6994,0.0816252138764342);
#2591=CIRCLE('',#6995,0.0816252138764342);
#2592=CIRCLE('',#6997,0.110146997390659);
#2593=CIRCLE('',#6998,0.110146997390659);
#2594=CIRCLE('',#7003,0.0548438291742378);
#2595=CIRCLE('',#7004,0.0548438291742378);
#2596=CIRCLE('',#7013,0.125568056070296);
#2597=CIRCLE('',#7014,0.125568056070296);
#2598=CIRCLE('',#7016,0.110468670802783);
#2599=CIRCLE('',#7017,0.110468670802783);
#2600=CIRCLE('',#7019,0.0816252138764342);
#2601=CIRCLE('',#7020,0.0816252138764342);
#2602=CIRCLE('',#7022,0.11014699739066);
#2603=CIRCLE('',#7023,0.11014699739066);
#2604=CIRCLE('',#7028,0.0548438291742323);
#2605=CIRCLE('',#7029,0.0548438291742323);
#2606=CIRCLE('',#7033,0.105334519968146);
#2607=CIRCLE('',#7034,0.105334519968146);
#2608=CIRCLE('',#7036,0.0971790413955277);
#2609=CIRCLE('',#7037,0.0971790413955277);
#2610=CIRCLE('',#7039,0.147594944001083);
#2611=CIRCLE('',#7040,0.147594944001083);
#2612=CIRCLE('',#7043,0.0572428562907741);
#2613=CIRCLE('',#7044,0.0572428562907741);
#2614=CIRCLE('',#7046,0.0580207008054388);
#2615=CIRCLE('',#7047,0.0580207008054388);
#2616=CIRCLE('',#7049,0.036003189804497);
#2617=CIRCLE('',#7050,0.036003189804497);
#2618=CIRCLE('',#7052,0.0349416248292104);
#2619=CIRCLE('',#7053,0.0349416248292104);
#2620=CIRCLE('',#7068,0.112553612533164);
#2621=CIRCLE('',#7069,0.112553612533164);
#2622=CIRCLE('',#7073,0.0542778021716721);
#2623=CIRCLE('',#7074,0.0542778021716721);
#2624=CIRCLE('',#7101,0.125568056070296);
#2625=CIRCLE('',#7102,0.125568056070296);
#2626=CIRCLE('',#7104,0.110468670802783);
#2627=CIRCLE('',#7105,0.110468670802783);
#2628=CIRCLE('',#7107,0.0816252138764342);
#2629=CIRCLE('',#7108,0.0816252138764342);
#2630=CIRCLE('',#7110,0.11014699739066);
#2631=CIRCLE('',#7111,0.11014699739066);
#2632=CIRCLE('',#7116,0.0548438291742354);
#2633=CIRCLE('',#7117,0.0548438291742354);
#2634=CIRCLE('',#7121,0.144128052048807);
#2635=CIRCLE('',#7122,0.144128052048807);
#2636=CIRCLE('',#7126,0.0648312367759875);
#2637=CIRCLE('',#7127,0.0648312367759875);
#2638=CIRCLE('',#7129,0.218815480119707);
#2639=CIRCLE('',#7130,0.218815480119707);
#2640=CIRCLE('',#7132,0.0782817474666292);
#2641=CIRCLE('',#7133,0.0782817474666292);
#2642=CIRCLE('',#7135,0.0520834664012006);
#2643=CIRCLE('',#7136,0.0520834664012006);
#2644=CIRCLE('',#7138,0.062763757231861);
#2645=CIRCLE('',#7139,0.062763757231861);
#2646=CIRCLE('',#7141,0.0519569591985461);
#2647=CIRCLE('',#7142,0.0519569591985461);
#2648=CIRCLE('',#7144,0.261624932330131);
#2649=CIRCLE('',#7145,0.261624932330131);
#2650=CIRCLE('',#7147,0.139574882934078);
#2651=CIRCLE('',#7148,0.139574882934078);
#2652=CIRCLE('',#7150,0.122212626580873);
#2653=CIRCLE('',#7151,0.122212626580873);
#2654=CIRCLE('',#7153,0.155543404710444);
#2655=CIRCLE('',#7154,0.155543404710444);
#2656=CIRCLE('',#7156,0.128770818930325);
#2657=CIRCLE('',#7157,0.128770818930325);
#2658=CIRCLE('',#7159,0.150342940479229);
#2659=CIRCLE('',#7160,0.150342940479229);
#2660=CIRCLE('',#7162,0.415074235190525);
#2661=CIRCLE('',#7163,0.415074235190525);
#2662=CIRCLE('',#7167,0.904131942955274);
#2663=CIRCLE('',#7168,0.904131942955274);
#2664=CIRCLE('',#7170,0.149918896932146);
#2665=CIRCLE('',#7171,0.149918896932146);
#2666=CIRCLE('',#7173,0.120874819942602);
#2667=CIRCLE('',#7174,0.120874819942602);
#2668=CIRCLE('',#7176,0.0564474818233488);
#2669=CIRCLE('',#7177,0.0564474818233488);
#2670=CIRCLE('',#7179,0.05674969860951);
#2671=CIRCLE('',#7180,0.05674969860951);
#2672=CIRCLE('',#7182,0.0538480919115353);
#2673=CIRCLE('',#7183,0.0538480919115353);
#2674=CIRCLE('',#7185,0.0504065033625591);
#2675=CIRCLE('',#7186,0.0504065033625591);
#2676=CIRCLE('',#7188,0.128213019270422);
#2677=CIRCLE('',#7189,0.128213019270422);
#2678=CIRCLE('',#7191,0.0861704800434831);
#2679=CIRCLE('',#7192,0.0861704800434831);
#2680=CIRCLE('',#7196,0.17800267260066);
#2681=CIRCLE('',#7197,0.17800267260066);
#2682=CIRCLE('',#7199,0.15758044967139);
#2683=CIRCLE('',#7200,0.15758044967139);
#2684=CIRCLE('',#7202,0.291299142373768);
#2685=CIRCLE('',#7203,0.291299142373768);
#2686=CIRCLE('',#7205,0.0912199869046643);
#2687=CIRCLE('',#7206,0.0912199869046643);
#2688=CIRCLE('',#7208,0.234049632720168);
#2689=CIRCLE('',#7209,0.234049632720168);
#2690=CIRCLE('',#7211,0.107759595770793);
#2691=CIRCLE('',#7212,0.107759595770793);
#2692=CIRCLE('',#7214,0.1050247233761);
#2693=CIRCLE('',#7215,0.1050247233761);
#2694=CIRCLE('',#7217,0.118657100442731);
#2695=CIRCLE('',#7218,0.118657100442731);
#2696=CIRCLE('',#7220,0.135610633976155);
#2697=CIRCLE('',#7221,0.135610633976155);
#2698=CIRCLE('',#7223,0.0983346185764533);
#2699=CIRCLE('',#7224,0.0983346185764533);
#2700=CIRCLE('',#7226,0.116469332548756);
#2701=CIRCLE('',#7227,0.116469332548756);
#2702=CIRCLE('',#7229,0.0895694600640642);
#2703=CIRCLE('',#7230,0.0895694600640642);
#2704=CIRCLE('',#7232,0.123850060716544);
#2705=CIRCLE('',#7233,0.123850060716544);
#2706=CIRCLE('',#7235,0.421843786842175);
#2707=CIRCLE('',#7236,0.421843786842175);
#2708=CIRCLE('',#7238,0.643809337406953);
#2709=CIRCLE('',#7239,0.643809337406953);
#2710=CIRCLE('',#7241,0.338518399749573);
#2711=CIRCLE('',#7242,0.338518399749573);
#2712=CIRCLE('',#7246,0.21125014828098);
#2713=CIRCLE('',#7247,0.21125014828098);
#2714=CIRCLE('',#7249,0.423133967538098);
#2715=CIRCLE('',#7250,0.423133967538098);
#2716=CIRCLE('',#7252,0.326839264499495);
#2717=CIRCLE('',#7253,0.326839264499495);
#2718=CIRCLE('',#7255,0.236443200597977);
#2719=CIRCLE('',#7256,0.236443200597977);
#2720=CIRCLE('',#7258,0.116879068096996);
#2721=CIRCLE('',#7259,0.116879068096996);
#2722=CIRCLE('',#7261,0.081177448059881);
#2723=CIRCLE('',#7262,0.081177448059881);
#2724=CIRCLE('',#7264,0.0436178182739742);
#2725=CIRCLE('',#7265,0.0436178182739742);
#2726=CIRCLE('',#7267,0.0452418995164228);
#2727=CIRCLE('',#7268,0.0452418995164228);
#2728=CIRCLE('',#7270,0.0363794136339088);
#2729=CIRCLE('',#7271,0.0363794136339088);
#2730=CIRCLE('',#7273,0.0363794136339497);
#2731=CIRCLE('',#7274,0.0363794136339497);
#2732=CIRCLE('',#7276,0.0452418995164295);
#2733=CIRCLE('',#7277,0.0452418995164295);
#2734=CIRCLE('',#7279,0.04361781827396);
#2735=CIRCLE('',#7280,0.04361781827396);
#2736=CIRCLE('',#7282,0.0811774480599047);
#2737=CIRCLE('',#7283,0.0811774480599047);
#2738=CIRCLE('',#7285,0.116879068096972);
#2739=CIRCLE('',#7286,0.116879068096972);
#2740=CIRCLE('',#7288,0.236443200598134);
#2741=CIRCLE('',#7289,0.236443200598134);
#2742=CIRCLE('',#7291,0.326839264499581);
#2743=CIRCLE('',#7292,0.326839264499581);
#2744=CIRCLE('',#7294,0.423133967538016);
#2745=CIRCLE('',#7295,0.423133967538016);
#2746=CIRCLE('',#7297,0.211250148280998);
#2747=CIRCLE('',#7298,0.211250148280998);
#2748=CIRCLE('',#7300,0.211250148280915);
#2749=CIRCLE('',#7301,0.211250148280915);
#2750=CIRCLE('',#7303,0.423133967538098);
#2751=CIRCLE('',#7304,0.423133967538098);
#2752=CIRCLE('',#7306,0.326839264499489);
#2753=CIRCLE('',#7307,0.326839264499489);
#2754=CIRCLE('',#7309,0.23644320059798);
#2755=CIRCLE('',#7310,0.23644320059798);
#2756=CIRCLE('',#7312,0.116879068096996);
#2757=CIRCLE('',#7313,0.116879068096996);
#2758=CIRCLE('',#7315,0.0811774480598802);
#2759=CIRCLE('',#7316,0.0811774480598802);
#2760=CIRCLE('',#7318,0.0436178182739668);
#2761=CIRCLE('',#7319,0.0436178182739668);
#2762=CIRCLE('',#7321,0.0452418995164285);
#2763=CIRCLE('',#7322,0.0452418995164285);
#2764=CIRCLE('',#7324,0.0363794136339089);
#2765=CIRCLE('',#7325,0.0363794136339089);
#2766=CIRCLE('',#7327,0.0363794136339498);
#2767=CIRCLE('',#7328,0.0363794136339498);
#2768=CIRCLE('',#7330,0.0452418995164288);
#2769=CIRCLE('',#7331,0.0452418995164288);
#2770=CIRCLE('',#7333,0.0436178182739746);
#2771=CIRCLE('',#7334,0.0436178182739746);
#2772=CIRCLE('',#7336,0.0811774480598839);
#2773=CIRCLE('',#7337,0.0811774480598839);
#2774=CIRCLE('',#7339,0.116879068096972);
#2775=CIRCLE('',#7340,0.116879068096972);
#2776=CIRCLE('',#7342,0.236443200598133);
#2777=CIRCLE('',#7343,0.236443200598133);
#2778=CIRCLE('',#7345,0.326839264499346);
#2779=CIRCLE('',#7346,0.326839264499346);
#2780=CIRCLE('',#7348,0.423133967538018);
#2781=CIRCLE('',#7349,0.423133967538018);
#2782=CIRCLE('',#7351,0.211250148280998);
#2783=CIRCLE('',#7352,0.211250148280998);
#2784=CIRCLE('',#7354,0.446974142646314);
#2785=CIRCLE('',#7355,0.446974142646314);
#2786=CIRCLE('',#7357,0.225278112419487);
#2787=CIRCLE('',#7358,0.225278112419487);
#2788=CIRCLE('',#7360,0.165158408641083);
#2789=CIRCLE('',#7361,0.165158408641083);
#2790=CIRCLE('',#7363,0.0998721723736783);
#2791=CIRCLE('',#7364,0.0998721723736783);
#2792=CIRCLE('',#7366,0.141944769195998);
#2793=CIRCLE('',#7367,0.141944769195998);
#2794=CIRCLE('',#7369,0.14194476919602);
#2795=CIRCLE('',#7370,0.14194476919602);
#2796=CIRCLE('',#7372,0.0998721723736518);
#2797=CIRCLE('',#7373,0.0998721723736518);
#2798=CIRCLE('',#7375,0.165158408641076);
#2799=CIRCLE('',#7376,0.165158408641076);
#2800=CIRCLE('',#7378,0.225278112419503);
#2801=CIRCLE('',#7379,0.225278112419503);
#2802=CIRCLE('',#7381,0.446974142646207);
#2803=CIRCLE('',#7382,0.446974142646207);
#2804=CIRCLE('',#7384,0.44697414264631);
#2805=CIRCLE('',#7385,0.44697414264631);
#2806=CIRCLE('',#7387,0.225278112419504);
#2807=CIRCLE('',#7388,0.225278112419504);
#2808=CIRCLE('',#7390,0.165158408641077);
#2809=CIRCLE('',#7391,0.165158408641077);
#2810=CIRCLE('',#7393,0.0998721723736723);
#2811=CIRCLE('',#7394,0.0998721723736723);
#2812=CIRCLE('',#7396,0.141944769195998);
#2813=CIRCLE('',#7397,0.141944769195998);
#2814=CIRCLE('',#7399,0.141944769196019);
#2815=CIRCLE('',#7400,0.141944769196019);
#2816=CIRCLE('',#7402,0.0998721723736751);
#2817=CIRCLE('',#7403,0.0998721723736751);
#2818=CIRCLE('',#7405,0.165158408641065);
#2819=CIRCLE('',#7406,0.165158408641065);
#2820=CIRCLE('',#7408,0.225278112419502);
#2821=CIRCLE('',#7409,0.225278112419502);
#2822=CIRCLE('',#7411,0.446974142646239);
#2823=CIRCLE('',#7412,0.446974142646239);
#2824=CIRCLE('',#7563,0.3);
#2825=CIRCLE('',#7564,0.3);
#2826=CIRCLE('',#7573,0.3);
#2827=CIRCLE('',#7574,0.3);
#2828=VERTEX_POINT('',#9620);
#2829=VERTEX_POINT('',#9621);
#2830=VERTEX_POINT('',#9623);
#2831=VERTEX_POINT('',#9625);
#2832=VERTEX_POINT('',#9629);
#2833=VERTEX_POINT('',#9631);
#2834=VERTEX_POINT('',#9635);
#2835=VERTEX_POINT('',#9637);
#2836=VERTEX_POINT('',#9641);
#2837=VERTEX_POINT('',#9643);
#2838=VERTEX_POINT('',#9647);
#2839=VERTEX_POINT('',#9649);
#2840=VERTEX_POINT('',#9653);
#2841=VERTEX_POINT('',#9655);
#2842=VERTEX_POINT('',#9659);
#2843=VERTEX_POINT('',#9661);
#2844=VERTEX_POINT('',#9665);
#2845=VERTEX_POINT('',#9667);
#2846=VERTEX_POINT('',#9671);
#2847=VERTEX_POINT('',#9673);
#2848=VERTEX_POINT('',#9677);
#2849=VERTEX_POINT('',#9679);
#2850=VERTEX_POINT('',#9683);
#2851=VERTEX_POINT('',#9685);
#2852=VERTEX_POINT('',#9689);
#2853=VERTEX_POINT('',#9691);
#2854=VERTEX_POINT('',#9695);
#2855=VERTEX_POINT('',#9697);
#2856=VERTEX_POINT('',#9701);
#2857=VERTEX_POINT('',#9703);
#2858=VERTEX_POINT('',#9707);
#2859=VERTEX_POINT('',#9709);
#2860=VERTEX_POINT('',#9713);
#2861=VERTEX_POINT('',#9715);
#2862=VERTEX_POINT('',#9719);
#2863=VERTEX_POINT('',#9721);
#2864=VERTEX_POINT('',#9725);
#2865=VERTEX_POINT('',#9727);
#2866=VERTEX_POINT('',#9731);
#2867=VERTEX_POINT('',#9733);
#2868=VERTEX_POINT('',#9742);
#2869=VERTEX_POINT('',#9743);
#2870=VERTEX_POINT('',#9745);
#2871=VERTEX_POINT('',#9747);
#2872=VERTEX_POINT('',#9751);
#2873=VERTEX_POINT('',#9753);
#2874=VERTEX_POINT('',#9757);
#2875=VERTEX_POINT('',#9759);
#2876=VERTEX_POINT('',#9763);
#2877=VERTEX_POINT('',#9765);
#2878=VERTEX_POINT('',#9769);
#2879=VERTEX_POINT('',#9771);
#2880=VERTEX_POINT('',#9775);
#2881=VERTEX_POINT('',#9777);
#2882=VERTEX_POINT('',#9781);
#2883=VERTEX_POINT('',#9783);
#2884=VERTEX_POINT('',#9787);
#2885=VERTEX_POINT('',#9789);
#2886=VERTEX_POINT('',#9793);
#2887=VERTEX_POINT('',#9795);
#2888=VERTEX_POINT('',#9799);
#2889=VERTEX_POINT('',#9801);
#2890=VERTEX_POINT('',#9805);
#2891=VERTEX_POINT('',#9807);
#2892=VERTEX_POINT('',#9811);
#2893=VERTEX_POINT('',#9813);
#2894=VERTEX_POINT('',#9822);
#2895=VERTEX_POINT('',#9823);
#2896=VERTEX_POINT('',#9825);
#2897=VERTEX_POINT('',#9827);
#2898=VERTEX_POINT('',#9831);
#2899=VERTEX_POINT('',#9833);
#2900=VERTEX_POINT('',#9837);
#2901=VERTEX_POINT('',#9839);
#2902=VERTEX_POINT('',#9843);
#2903=VERTEX_POINT('',#9845);
#2904=VERTEX_POINT('',#9849);
#2905=VERTEX_POINT('',#9851);
#2906=VERTEX_POINT('',#9855);
#2907=VERTEX_POINT('',#9857);
#2908=VERTEX_POINT('',#9861);
#2909=VERTEX_POINT('',#9863);
#2910=VERTEX_POINT('',#9867);
#2911=VERTEX_POINT('',#9869);
#2912=VERTEX_POINT('',#9873);
#2913=VERTEX_POINT('',#9875);
#2914=VERTEX_POINT('',#9879);
#2915=VERTEX_POINT('',#9881);
#2916=VERTEX_POINT('',#9885);
#2917=VERTEX_POINT('',#9887);
#2918=VERTEX_POINT('',#9891);
#2919=VERTEX_POINT('',#9893);
#2920=VERTEX_POINT('',#9902);
#2921=VERTEX_POINT('',#9903);
#2922=VERTEX_POINT('',#9905);
#2923=VERTEX_POINT('',#9907);
#2924=VERTEX_POINT('',#9911);
#2925=VERTEX_POINT('',#9913);
#2926=VERTEX_POINT('',#9917);
#2927=VERTEX_POINT('',#9919);
#2928=VERTEX_POINT('',#9923);
#2929=VERTEX_POINT('',#9925);
#2930=VERTEX_POINT('',#9929);
#2931=VERTEX_POINT('',#9931);
#2932=VERTEX_POINT('',#9935);
#2933=VERTEX_POINT('',#9937);
#2934=VERTEX_POINT('',#9941);
#2935=VERTEX_POINT('',#9943);
#2936=VERTEX_POINT('',#9947);
#2937=VERTEX_POINT('',#9949);
#2938=VERTEX_POINT('',#9953);
#2939=VERTEX_POINT('',#9955);
#2940=VERTEX_POINT('',#9959);
#2941=VERTEX_POINT('',#9961);
#2942=VERTEX_POINT('',#9965);
#2943=VERTEX_POINT('',#9967);
#2944=VERTEX_POINT('',#9971);
#2945=VERTEX_POINT('',#9973);
#2946=VERTEX_POINT('',#9977);
#2947=VERTEX_POINT('',#9979);
#2948=VERTEX_POINT('',#9983);
#2949=VERTEX_POINT('',#9985);
#2950=VERTEX_POINT('',#9989);
#2951=VERTEX_POINT('',#9991);
#2952=VERTEX_POINT('',#9995);
#2953=VERTEX_POINT('',#9997);
#2954=VERTEX_POINT('',#10001);
#2955=VERTEX_POINT('',#10003);
#2956=VERTEX_POINT('',#10007);
#2957=VERTEX_POINT('',#10009);
#2958=VERTEX_POINT('',#10018);
#2959=VERTEX_POINT('',#10020);
#2960=VERTEX_POINT('',#10025);
#2961=VERTEX_POINT('',#10027);
#2962=VERTEX_POINT('',#10032);
#2963=VERTEX_POINT('',#10033);
#2964=VERTEX_POINT('',#10035);
#2965=VERTEX_POINT('',#10037);
#2966=VERTEX_POINT('',#10041);
#2967=VERTEX_POINT('',#10043);
#2968=VERTEX_POINT('',#10047);
#2969=VERTEX_POINT('',#10049);
#2970=VERTEX_POINT('',#10058);
#2971=VERTEX_POINT('',#10059);
#2972=VERTEX_POINT('',#10061);
#2973=VERTEX_POINT('',#10063);
#2974=VERTEX_POINT('',#10067);
#2975=VERTEX_POINT('',#10069);
#2976=VERTEX_POINT('',#10073);
#2977=VERTEX_POINT('',#10075);
#2978=VERTEX_POINT('',#10084);
#2979=VERTEX_POINT('',#10085);
#2980=VERTEX_POINT('',#10087);
#2981=VERTEX_POINT('',#10089);
#2982=VERTEX_POINT('',#10093);
#2983=VERTEX_POINT('',#10095);
#2984=VERTEX_POINT('',#10099);
#2985=VERTEX_POINT('',#10101);
#2986=VERTEX_POINT('',#10110);
#2987=VERTEX_POINT('',#10111);
#2988=VERTEX_POINT('',#10113);
#2989=VERTEX_POINT('',#10115);
#2990=VERTEX_POINT('',#10119);
#2991=VERTEX_POINT('',#10121);
#2992=VERTEX_POINT('',#10125);
#2993=VERTEX_POINT('',#10127);
#2994=VERTEX_POINT('',#10131);
#2995=VERTEX_POINT('',#10133);
#2996=VERTEX_POINT('',#10137);
#2997=VERTEX_POINT('',#10139);
#2998=VERTEX_POINT('',#10143);
#2999=VERTEX_POINT('',#10145);
#3000=VERTEX_POINT('',#10149);
#3001=VERTEX_POINT('',#10151);
#3002=VERTEX_POINT('',#10155);
#3003=VERTEX_POINT('',#10157);
#3004=VERTEX_POINT('',#10161);
#3005=VERTEX_POINT('',#10163);
#3006=VERTEX_POINT('',#10167);
#3007=VERTEX_POINT('',#10169);
#3008=VERTEX_POINT('',#10173);
#3009=VERTEX_POINT('',#10175);
#3010=VERTEX_POINT('',#10179);
#3011=VERTEX_POINT('',#10181);
#3012=VERTEX_POINT('',#10190);
#3013=VERTEX_POINT('',#10191);
#3014=VERTEX_POINT('',#10193);
#3015=VERTEX_POINT('',#10195);
#3016=VERTEX_POINT('',#10199);
#3017=VERTEX_POINT('',#10201);
#3018=VERTEX_POINT('',#10205);
#3019=VERTEX_POINT('',#10207);
#3020=VERTEX_POINT('',#10211);
#3021=VERTEX_POINT('',#10213);
#3022=VERTEX_POINT('',#10217);
#3023=VERTEX_POINT('',#10219);
#3024=VERTEX_POINT('',#10223);
#3025=VERTEX_POINT('',#10225);
#3026=VERTEX_POINT('',#10229);
#3027=VERTEX_POINT('',#10231);
#3028=VERTEX_POINT('',#10235);
#3029=VERTEX_POINT('',#10237);
#3030=VERTEX_POINT('',#10244);
#3031=VERTEX_POINT('',#10245);
#3032=VERTEX_POINT('',#10247);
#3033=VERTEX_POINT('',#10249);
#3034=VERTEX_POINT('',#10253);
#3035=VERTEX_POINT('',#10255);
#3036=VERTEX_POINT('',#10259);
#3037=VERTEX_POINT('',#10261);
#3038=VERTEX_POINT('',#10265);
#3039=VERTEX_POINT('',#10267);
#3040=VERTEX_POINT('',#10271);
#3041=VERTEX_POINT('',#10273);
#3042=VERTEX_POINT('',#10277);
#3043=VERTEX_POINT('',#10279);
#3044=VERTEX_POINT('',#10283);
#3045=VERTEX_POINT('',#10285);
#3046=VERTEX_POINT('',#10289);
#3047=VERTEX_POINT('',#10291);
#3048=VERTEX_POINT('',#10295);
#3049=VERTEX_POINT('',#10297);
#3050=VERTEX_POINT('',#10301);
#3051=VERTEX_POINT('',#10303);
#3052=VERTEX_POINT('',#10307);
#3053=VERTEX_POINT('',#10309);
#3054=VERTEX_POINT('',#10313);
#3055=VERTEX_POINT('',#10315);
#3056=VERTEX_POINT('',#10319);
#3057=VERTEX_POINT('',#10321);
#3058=VERTEX_POINT('',#10325);
#3059=VERTEX_POINT('',#10327);
#3060=VERTEX_POINT('',#10331);
#3061=VERTEX_POINT('',#10333);
#3062=VERTEX_POINT('',#10337);
#3063=VERTEX_POINT('',#10339);
#3064=VERTEX_POINT('',#10343);
#3065=VERTEX_POINT('',#10345);
#3066=VERTEX_POINT('',#10349);
#3067=VERTEX_POINT('',#10351);
#3068=VERTEX_POINT('',#10355);
#3069=VERTEX_POINT('',#10357);
#3070=VERTEX_POINT('',#10361);
#3071=VERTEX_POINT('',#10363);
#3072=VERTEX_POINT('',#10367);
#3073=VERTEX_POINT('',#10369);
#3074=VERTEX_POINT('',#10373);
#3075=VERTEX_POINT('',#10375);
#3076=VERTEX_POINT('',#10379);
#3077=VERTEX_POINT('',#10381);
#3078=VERTEX_POINT('',#10385);
#3079=VERTEX_POINT('',#10387);
#3080=VERTEX_POINT('',#10391);
#3081=VERTEX_POINT('',#10393);
#3082=VERTEX_POINT('',#10397);
#3083=VERTEX_POINT('',#10399);
#3084=VERTEX_POINT('',#10403);
#3085=VERTEX_POINT('',#10405);
#3086=VERTEX_POINT('',#10409);
#3087=VERTEX_POINT('',#10411);
#3088=VERTEX_POINT('',#10415);
#3089=VERTEX_POINT('',#10417);
#3090=VERTEX_POINT('',#10421);
#3091=VERTEX_POINT('',#10423);
#3092=VERTEX_POINT('',#10427);
#3093=VERTEX_POINT('',#10429);
#3094=VERTEX_POINT('',#10433);
#3095=VERTEX_POINT('',#10435);
#3096=VERTEX_POINT('',#10439);
#3097=VERTEX_POINT('',#10441);
#3098=VERTEX_POINT('',#10445);
#3099=VERTEX_POINT('',#10447);
#3100=VERTEX_POINT('',#10451);
#3101=VERTEX_POINT('',#10453);
#3102=VERTEX_POINT('',#10462);
#3103=VERTEX_POINT('',#10463);
#3104=VERTEX_POINT('',#10465);
#3105=VERTEX_POINT('',#10467);
#3106=VERTEX_POINT('',#10471);
#3107=VERTEX_POINT('',#10473);
#3108=VERTEX_POINT('',#10477);
#3109=VERTEX_POINT('',#10479);
#3110=VERTEX_POINT('',#10483);
#3111=VERTEX_POINT('',#10485);
#3112=VERTEX_POINT('',#10489);
#3113=VERTEX_POINT('',#10491);
#3114=VERTEX_POINT('',#10495);
#3115=VERTEX_POINT('',#10497);
#3116=VERTEX_POINT('',#10501);
#3117=VERTEX_POINT('',#10503);
#3118=VERTEX_POINT('',#10507);
#3119=VERTEX_POINT('',#10509);
#3120=VERTEX_POINT('',#10513);
#3121=VERTEX_POINT('',#10515);
#3122=VERTEX_POINT('',#10519);
#3123=VERTEX_POINT('',#10521);
#3124=VERTEX_POINT('',#10525);
#3125=VERTEX_POINT('',#10527);
#3126=VERTEX_POINT('',#10531);
#3127=VERTEX_POINT('',#10533);
#3128=VERTEX_POINT('',#10537);
#3129=VERTEX_POINT('',#10539);
#3130=VERTEX_POINT('',#10543);
#3131=VERTEX_POINT('',#10545);
#3132=VERTEX_POINT('',#10549);
#3133=VERTEX_POINT('',#10551);
#3134=VERTEX_POINT('',#10555);
#3135=VERTEX_POINT('',#10557);
#3136=VERTEX_POINT('',#10561);
#3137=VERTEX_POINT('',#10563);
#3138=VERTEX_POINT('',#10567);
#3139=VERTEX_POINT('',#10569);
#3140=VERTEX_POINT('',#10573);
#3141=VERTEX_POINT('',#10575);
#3142=VERTEX_POINT('',#10579);
#3143=VERTEX_POINT('',#10581);
#3144=VERTEX_POINT('',#10585);
#3145=VERTEX_POINT('',#10587);
#3146=VERTEX_POINT('',#10591);
#3147=VERTEX_POINT('',#10593);
#3148=VERTEX_POINT('',#10597);
#3149=VERTEX_POINT('',#10599);
#3150=VERTEX_POINT('',#10603);
#3151=VERTEX_POINT('',#10605);
#3152=VERTEX_POINT('',#10609);
#3153=VERTEX_POINT('',#10611);
#3154=VERTEX_POINT('',#10615);
#3155=VERTEX_POINT('',#10617);
#3156=VERTEX_POINT('',#10621);
#3157=VERTEX_POINT('',#10623);
#3158=VERTEX_POINT('',#10627);
#3159=VERTEX_POINT('',#10629);
#3160=VERTEX_POINT('',#10633);
#3161=VERTEX_POINT('',#10635);
#3162=VERTEX_POINT('',#10639);
#3163=VERTEX_POINT('',#10641);
#3164=VERTEX_POINT('',#10645);
#3165=VERTEX_POINT('',#10647);
#3166=VERTEX_POINT('',#10651);
#3167=VERTEX_POINT('',#10653);
#3168=VERTEX_POINT('',#10657);
#3169=VERTEX_POINT('',#10659);
#3170=VERTEX_POINT('',#10663);
#3171=VERTEX_POINT('',#10665);
#3172=VERTEX_POINT('',#10669);
#3173=VERTEX_POINT('',#10671);
#3174=VERTEX_POINT('',#10678);
#3175=VERTEX_POINT('',#10679);
#3176=VERTEX_POINT('',#10681);
#3177=VERTEX_POINT('',#10683);
#3178=VERTEX_POINT('',#10687);
#3179=VERTEX_POINT('',#10689);
#3180=VERTEX_POINT('',#10693);
#3181=VERTEX_POINT('',#10695);
#3182=VERTEX_POINT('',#10699);
#3183=VERTEX_POINT('',#10701);
#3184=VERTEX_POINT('',#10705);
#3185=VERTEX_POINT('',#10707);
#3186=VERTEX_POINT('',#10711);
#3187=VERTEX_POINT('',#10713);
#3188=VERTEX_POINT('',#10717);
#3189=VERTEX_POINT('',#10719);
#3190=VERTEX_POINT('',#10723);
#3191=VERTEX_POINT('',#10725);
#3192=VERTEX_POINT('',#10729);
#3193=VERTEX_POINT('',#10731);
#3194=VERTEX_POINT('',#10735);
#3195=VERTEX_POINT('',#10737);
#3196=VERTEX_POINT('',#10741);
#3197=VERTEX_POINT('',#10743);
#3198=VERTEX_POINT('',#10747);
#3199=VERTEX_POINT('',#10749);
#3200=VERTEX_POINT('',#10753);
#3201=VERTEX_POINT('',#10755);
#3202=VERTEX_POINT('',#10759);
#3203=VERTEX_POINT('',#10761);
#3204=VERTEX_POINT('',#10765);
#3205=VERTEX_POINT('',#10767);
#3206=VERTEX_POINT('',#10771);
#3207=VERTEX_POINT('',#10773);
#3208=VERTEX_POINT('',#10777);
#3209=VERTEX_POINT('',#10779);
#3210=VERTEX_POINT('',#10783);
#3211=VERTEX_POINT('',#10785);
#3212=VERTEX_POINT('',#10789);
#3213=VERTEX_POINT('',#10791);
#3214=VERTEX_POINT('',#10801);
#3215=VERTEX_POINT('',#10802);
#3216=VERTEX_POINT('',#10804);
#3217=VERTEX_POINT('',#10806);
#3218=VERTEX_POINT('',#10810);
#3219=VERTEX_POINT('',#10812);
#3220=VERTEX_POINT('',#10816);
#3221=VERTEX_POINT('',#10818);
#3222=VERTEX_POINT('',#10827);
#3223=VERTEX_POINT('',#10828);
#3224=VERTEX_POINT('',#10830);
#3225=VERTEX_POINT('',#10832);
#3226=VERTEX_POINT('',#10836);
#3227=VERTEX_POINT('',#10838);
#3228=VERTEX_POINT('',#10842);
#3229=VERTEX_POINT('',#10844);
#3230=VERTEX_POINT('',#10853);
#3231=VERTEX_POINT('',#10854);
#3232=VERTEX_POINT('',#10856);
#3233=VERTEX_POINT('',#10858);
#3234=VERTEX_POINT('',#10862);
#3235=VERTEX_POINT('',#10864);
#3236=VERTEX_POINT('',#10868);
#3237=VERTEX_POINT('',#10870);
#3238=VERTEX_POINT('',#10879);
#3239=VERTEX_POINT('',#10880);
#3240=VERTEX_POINT('',#10882);
#3241=VERTEX_POINT('',#10884);
#3242=VERTEX_POINT('',#10888);
#3243=VERTEX_POINT('',#10890);
#3244=VERTEX_POINT('',#10894);
#3245=VERTEX_POINT('',#10896);
#3246=VERTEX_POINT('',#10905);
#3247=VERTEX_POINT('',#10906);
#3248=VERTEX_POINT('',#10908);
#3249=VERTEX_POINT('',#10910);
#3250=VERTEX_POINT('',#10914);
#3251=VERTEX_POINT('',#10916);
#3252=VERTEX_POINT('',#10920);
#3253=VERTEX_POINT('',#10922);
#3254=VERTEX_POINT('',#10931);
#3255=VERTEX_POINT('',#10932);
#3256=VERTEX_POINT('',#10934);
#3257=VERTEX_POINT('',#10936);
#3258=VERTEX_POINT('',#10940);
#3259=VERTEX_POINT('',#10942);
#3260=VERTEX_POINT('',#10946);
#3261=VERTEX_POINT('',#10948);
#3262=VERTEX_POINT('',#10957);
#3263=VERTEX_POINT('',#10958);
#3264=VERTEX_POINT('',#10960);
#3265=VERTEX_POINT('',#10962);
#3266=VERTEX_POINT('',#10966);
#3267=VERTEX_POINT('',#10968);
#3268=VERTEX_POINT('',#10972);
#3269=VERTEX_POINT('',#10974);
#3270=VERTEX_POINT('',#10984);
#3271=VERTEX_POINT('',#10985);
#3272=VERTEX_POINT('',#10987);
#3273=VERTEX_POINT('',#10989);
#3274=VERTEX_POINT('',#10993);
#3275=VERTEX_POINT('',#10995);
#3276=VERTEX_POINT('',#10999);
#3277=VERTEX_POINT('',#11001);
#3278=VERTEX_POINT('',#11010);
#3279=VERTEX_POINT('',#11011);
#3280=VERTEX_POINT('',#11013);
#3281=VERTEX_POINT('',#11015);
#3282=VERTEX_POINT('',#11019);
#3283=VERTEX_POINT('',#11021);
#3284=VERTEX_POINT('',#11025);
#3285=VERTEX_POINT('',#11027);
#3286=VERTEX_POINT('',#11036);
#3287=VERTEX_POINT('',#11037);
#3288=VERTEX_POINT('',#11039);
#3289=VERTEX_POINT('',#11041);
#3290=VERTEX_POINT('',#11045);
#3291=VERTEX_POINT('',#11047);
#3292=VERTEX_POINT('',#11051);
#3293=VERTEX_POINT('',#11053);
#3294=VERTEX_POINT('',#11062);
#3295=VERTEX_POINT('',#11063);
#3296=VERTEX_POINT('',#11065);
#3297=VERTEX_POINT('',#11067);
#3298=VERTEX_POINT('',#11071);
#3299=VERTEX_POINT('',#11073);
#3300=VERTEX_POINT('',#11077);
#3301=VERTEX_POINT('',#11079);
#3302=VERTEX_POINT('',#11088);
#3303=VERTEX_POINT('',#11089);
#3304=VERTEX_POINT('',#11091);
#3305=VERTEX_POINT('',#11093);
#3306=VERTEX_POINT('',#11097);
#3307=VERTEX_POINT('',#11099);
#3308=VERTEX_POINT('',#11103);
#3309=VERTEX_POINT('',#11105);
#3310=VERTEX_POINT('',#11114);
#3311=VERTEX_POINT('',#11115);
#3312=VERTEX_POINT('',#11117);
#3313=VERTEX_POINT('',#11119);
#3314=VERTEX_POINT('',#11123);
#3315=VERTEX_POINT('',#11125);
#3316=VERTEX_POINT('',#11129);
#3317=VERTEX_POINT('',#11131);
#3318=VERTEX_POINT('',#11141);
#3319=VERTEX_POINT('',#11142);
#3320=VERTEX_POINT('',#11144);
#3321=VERTEX_POINT('',#11146);
#3322=VERTEX_POINT('',#11150);
#3323=VERTEX_POINT('',#11152);
#3324=VERTEX_POINT('',#11156);
#3325=VERTEX_POINT('',#11158);
#3326=VERTEX_POINT('',#11162);
#3327=VERTEX_POINT('',#11163);
#3328=VERTEX_POINT('',#11165);
#3329=VERTEX_POINT('',#11167);
#3330=VERTEX_POINT('',#11171);
#3331=VERTEX_POINT('',#11173);
#3332=VERTEX_POINT('',#11177);
#3333=VERTEX_POINT('',#11179);
#3334=VERTEX_POINT('',#11188);
#3335=VERTEX_POINT('',#11190);
#3336=VERTEX_POINT('',#11192);
#3337=VERTEX_POINT('',#11194);
#3338=VERTEX_POINT('',#11198);
#3339=VERTEX_POINT('',#11199);
#3340=VERTEX_POINT('',#11201);
#3341=VERTEX_POINT('',#11203);
#3342=VERTEX_POINT('',#11207);
#3343=VERTEX_POINT('',#11209);
#3344=VERTEX_POINT('',#11213);
#3345=VERTEX_POINT('',#11215);
#3346=VERTEX_POINT('',#11222);
#3347=VERTEX_POINT('',#11223);
#3348=VERTEX_POINT('',#11225);
#3349=VERTEX_POINT('',#11227);
#3350=VERTEX_POINT('',#11231);
#3351=VERTEX_POINT('',#11233);
#3352=VERTEX_POINT('',#11237);
#3353=VERTEX_POINT('',#11239);
#3354=VERTEX_POINT('',#11246);
#3355=VERTEX_POINT('',#11247);
#3356=VERTEX_POINT('',#11249);
#3357=VERTEX_POINT('',#11251);
#3358=VERTEX_POINT('',#11255);
#3359=VERTEX_POINT('',#11257);
#3360=VERTEX_POINT('',#11261);
#3361=VERTEX_POINT('',#11263);
#3362=VERTEX_POINT('',#11270);
#3363=VERTEX_POINT('',#11271);
#3364=VERTEX_POINT('',#11273);
#3365=VERTEX_POINT('',#11275);
#3366=VERTEX_POINT('',#11279);
#3367=VERTEX_POINT('',#11281);
#3368=VERTEX_POINT('',#11285);
#3369=VERTEX_POINT('',#11287);
#3370=VERTEX_POINT('',#11294);
#3371=VERTEX_POINT('',#11295);
#3372=VERTEX_POINT('',#11297);
#3373=VERTEX_POINT('',#11299);
#3374=VERTEX_POINT('',#11303);
#3375=VERTEX_POINT('',#11305);
#3376=VERTEX_POINT('',#11309);
#3377=VERTEX_POINT('',#11311);
#3378=VERTEX_POINT('',#11318);
#3379=VERTEX_POINT('',#11319);
#3380=VERTEX_POINT('',#11321);
#3381=VERTEX_POINT('',#11323);
#3382=VERTEX_POINT('',#11327);
#3383=VERTEX_POINT('',#11329);
#3384=VERTEX_POINT('',#11333);
#3385=VERTEX_POINT('',#11335);
#3386=VERTEX_POINT('',#11342);
#3387=VERTEX_POINT('',#11343);
#3388=VERTEX_POINT('',#11345);
#3389=VERTEX_POINT('',#11347);
#3390=VERTEX_POINT('',#11351);
#3391=VERTEX_POINT('',#11353);
#3392=VERTEX_POINT('',#11357);
#3393=VERTEX_POINT('',#11359);
#3394=VERTEX_POINT('',#11366);
#3395=VERTEX_POINT('',#11367);
#3396=VERTEX_POINT('',#11369);
#3397=VERTEX_POINT('',#11371);
#3398=VERTEX_POINT('',#11375);
#3399=VERTEX_POINT('',#11377);
#3400=VERTEX_POINT('',#11381);
#3401=VERTEX_POINT('',#11383);
#3402=VERTEX_POINT('',#11390);
#3403=VERTEX_POINT('',#11391);
#3404=VERTEX_POINT('',#11393);
#3405=VERTEX_POINT('',#11395);
#3406=VERTEX_POINT('',#11399);
#3407=VERTEX_POINT('',#11401);
#3408=VERTEX_POINT('',#11405);
#3409=VERTEX_POINT('',#11407);
#3410=VERTEX_POINT('',#11414);
#3411=VERTEX_POINT('',#11415);
#3412=VERTEX_POINT('',#11417);
#3413=VERTEX_POINT('',#11419);
#3414=VERTEX_POINT('',#11423);
#3415=VERTEX_POINT('',#11425);
#3416=VERTEX_POINT('',#11429);
#3417=VERTEX_POINT('',#11431);
#3418=VERTEX_POINT('',#11438);
#3419=VERTEX_POINT('',#11439);
#3420=VERTEX_POINT('',#11441);
#3421=VERTEX_POINT('',#11443);
#3422=VERTEX_POINT('',#11447);
#3423=VERTEX_POINT('',#11449);
#3424=VERTEX_POINT('',#11453);
#3425=VERTEX_POINT('',#11455);
#3426=VERTEX_POINT('',#11462);
#3427=VERTEX_POINT('',#11463);
#3428=VERTEX_POINT('',#11465);
#3429=VERTEX_POINT('',#11467);
#3430=VERTEX_POINT('',#11471);
#3431=VERTEX_POINT('',#11473);
#3432=VERTEX_POINT('',#11477);
#3433=VERTEX_POINT('',#11479);
#3434=VERTEX_POINT('',#11486);
#3435=VERTEX_POINT('',#11487);
#3436=VERTEX_POINT('',#11489);
#3437=VERTEX_POINT('',#11491);
#3438=VERTEX_POINT('',#11495);
#3439=VERTEX_POINT('',#11497);
#3440=VERTEX_POINT('',#11501);
#3441=VERTEX_POINT('',#11503);
#3442=VERTEX_POINT('',#11510);
#3443=VERTEX_POINT('',#11512);
#3444=VERTEX_POINT('',#11516);
#3445=VERTEX_POINT('',#11518);
#3446=VERTEX_POINT('',#11527);
#3447=VERTEX_POINT('',#11529);
#3448=VERTEX_POINT('',#11534);
#3449=VERTEX_POINT('',#11535);
#3450=VERTEX_POINT('',#11537);
#3451=VERTEX_POINT('',#11539);
#3452=VERTEX_POINT('',#11543);
#3453=VERTEX_POINT('',#11545);
#3454=VERTEX_POINT('',#11549);
#3455=VERTEX_POINT('',#11551);
#3456=VERTEX_POINT('',#11560);
#3457=VERTEX_POINT('',#11562);
#3458=VERTEX_POINT('',#11567);
#3459=VERTEX_POINT('',#11568);
#3460=VERTEX_POINT('',#11570);
#3461=VERTEX_POINT('',#11572);
#3462=VERTEX_POINT('',#11576);
#3463=VERTEX_POINT('',#11578);
#3464=VERTEX_POINT('',#11582);
#3465=VERTEX_POINT('',#11584);
#3466=VERTEX_POINT('',#11588);
#3467=VERTEX_POINT('',#11590);
#3468=VERTEX_POINT('',#11594);
#3469=VERTEX_POINT('',#11596);
#3470=VERTEX_POINT('',#11600);
#3471=VERTEX_POINT('',#11602);
#3472=VERTEX_POINT('',#11606);
#3473=VERTEX_POINT('',#11608);
#3474=EDGE_CURVE('',#2828,#2829,#2550,.T.);
#3475=EDGE_CURVE('',#2828,#2830,#1174,.T.);
#3476=EDGE_CURVE('',#2831,#2830,#2551,.T.);
#3477=EDGE_CURVE('',#2829,#2831,#1175,.T.);
#3478=EDGE_CURVE('',#2829,#2832,#1176,.T.);
#3479=EDGE_CURVE('',#2833,#2831,#1177,.T.);
#3480=EDGE_CURVE('',#2832,#2833,#1178,.T.);
#3481=EDGE_CURVE('',#2832,#2834,#2552,.T.);
#3482=EDGE_CURVE('',#2835,#2833,#2553,.T.);
#3483=EDGE_CURVE('',#2834,#2835,#1179,.T.);
#3484=EDGE_CURVE('',#2834,#2836,#2554,.T.);
#3485=EDGE_CURVE('',#2837,#2835,#2555,.T.);
#3486=EDGE_CURVE('',#2836,#2837,#1180,.T.);
#3487=EDGE_CURVE('',#2836,#2838,#2556,.T.);
#3488=EDGE_CURVE('',#2839,#2837,#2557,.T.);
#3489=EDGE_CURVE('',#2838,#2839,#1181,.T.);
#3490=EDGE_CURVE('',#2838,#2840,#2558,.T.);
#3491=EDGE_CURVE('',#2841,#2839,#2559,.T.);
#3492=EDGE_CURVE('',#2840,#2841,#1182,.T.);
#3493=EDGE_CURVE('',#2840,#2842,#2560,.T.);
#3494=EDGE_CURVE('',#2843,#2841,#2561,.T.);
#3495=EDGE_CURVE('',#2842,#2843,#1183,.T.);
#3496=EDGE_CURVE('',#2842,#2844,#2562,.T.);
#3497=EDGE_CURVE('',#2845,#2843,#2563,.T.);
#3498=EDGE_CURVE('',#2844,#2845,#1184,.T.);
#3499=EDGE_CURVE('',#2844,#2846,#2564,.T.);
#3500=EDGE_CURVE('',#2847,#2845,#2565,.T.);
#3501=EDGE_CURVE('',#2846,#2847,#1185,.T.);
#3502=EDGE_CURVE('',#2846,#2848,#2566,.T.);
#3503=EDGE_CURVE('',#2849,#2847,#2567,.T.);
#3504=EDGE_CURVE('',#2848,#2849,#1186,.T.);
#3505=EDGE_CURVE('',#2848,#2850,#2568,.T.);
#3506=EDGE_CURVE('',#2851,#2849,#2569,.T.);
#3507=EDGE_CURVE('',#2850,#2851,#1187,.T.);
#3508=EDGE_CURVE('',#2850,#2852,#2570,.T.);
#3509=EDGE_CURVE('',#2853,#2851,#2571,.T.);
#3510=EDGE_CURVE('',#2852,#2853,#1188,.T.);
#3511=EDGE_CURVE('',#2852,#2854,#2572,.T.);
#3512=EDGE_CURVE('',#2855,#2853,#2573,.T.);
#3513=EDGE_CURVE('',#2854,#2855,#1189,.T.);
#3514=EDGE_CURVE('',#2854,#2856,#2574,.T.);
#3515=EDGE_CURVE('',#2857,#2855,#2575,.T.);
#3516=EDGE_CURVE('',#2856,#2857,#1190,.T.);
#3517=EDGE_CURVE('',#2856,#2858,#2576,.T.);
#3518=EDGE_CURVE('',#2859,#2857,#2577,.T.);
#3519=EDGE_CURVE('',#2858,#2859,#1191,.T.);
#3520=EDGE_CURVE('',#2858,#2860,#2578,.T.);
#3521=EDGE_CURVE('',#2861,#2859,#2579,.T.);
#3522=EDGE_CURVE('',#2860,#2861,#1192,.T.);
#3523=EDGE_CURVE('',#2860,#2862,#2580,.T.);
#3524=EDGE_CURVE('',#2863,#2861,#2581,.T.);
#3525=EDGE_CURVE('',#2862,#2863,#1193,.T.);
#3526=EDGE_CURVE('',#2862,#2864,#1194,.T.);
#3527=EDGE_CURVE('',#2865,#2863,#1195,.T.);
#3528=EDGE_CURVE('',#2864,#2865,#1196,.T.);
#3529=EDGE_CURVE('',#2864,#2866,#2582,.T.);
#3530=EDGE_CURVE('',#2867,#2865,#2583,.T.);
#3531=EDGE_CURVE('',#2866,#2867,#1197,.T.);
#3532=EDGE_CURVE('',#2866,#2828,#2584,.T.);
#3533=EDGE_CURVE('',#2830,#2867,#2585,.T.);
#3534=EDGE_CURVE('',#2868,#2869,#1198,.T.);
#3535=EDGE_CURVE('',#2868,#2870,#1199,.T.);
#3536=EDGE_CURVE('',#2871,#2870,#1200,.T.);
#3537=EDGE_CURVE('',#2869,#2871,#1201,.T.);
#3538=EDGE_CURVE('',#2869,#2872,#1202,.T.);
#3539=EDGE_CURVE('',#2873,#2871,#1203,.T.);
#3540=EDGE_CURVE('',#2872,#2873,#1204,.T.);
#3541=EDGE_CURVE('',#2872,#2874,#1205,.T.);
#3542=EDGE_CURVE('',#2875,#2873,#1206,.T.);
#3543=EDGE_CURVE('',#2874,#2875,#1207,.T.);
#3544=EDGE_CURVE('',#2874,#2876,#1208,.T.);
#3545=EDGE_CURVE('',#2877,#2875,#1209,.T.);
#3546=EDGE_CURVE('',#2876,#2877,#1210,.T.);
#3547=EDGE_CURVE('',#2876,#2878,#1211,.T.);
#3548=EDGE_CURVE('',#2879,#2877,#1212,.T.);
#3549=EDGE_CURVE('',#2878,#2879,#1213,.T.);
#3550=EDGE_CURVE('',#2878,#2880,#2586,.T.);
#3551=EDGE_CURVE('',#2881,#2879,#2587,.T.);
#3552=EDGE_CURVE('',#2880,#2881,#1214,.T.);
#3553=EDGE_CURVE('',#2880,#2882,#2588,.T.);
#3554=EDGE_CURVE('',#2883,#2881,#2589,.T.);
#3555=EDGE_CURVE('',#2882,#2883,#1215,.T.);
#3556=EDGE_CURVE('',#2882,#2884,#2590,.T.);
#3557=EDGE_CURVE('',#2885,#2883,#2591,.T.);
#3558=EDGE_CURVE('',#2884,#2885,#1216,.T.);
#3559=EDGE_CURVE('',#2884,#2886,#2592,.T.);
#3560=EDGE_CURVE('',#2887,#2885,#2593,.T.);
#3561=EDGE_CURVE('',#2886,#2887,#1217,.T.);
#3562=EDGE_CURVE('',#2886,#2888,#1218,.T.);
#3563=EDGE_CURVE('',#2889,#2887,#1219,.T.);
#3564=EDGE_CURVE('',#2888,#2889,#1220,.T.);
#3565=EDGE_CURVE('',#2888,#2890,#1221,.T.);
#3566=EDGE_CURVE('',#2891,#2889,#1222,.T.);
#3567=EDGE_CURVE('',#2890,#2891,#1223,.T.);
#3568=EDGE_CURVE('',#2890,#2892,#1224,.T.);
#3569=EDGE_CURVE('',#2893,#2891,#1225,.T.);
#3570=EDGE_CURVE('',#2892,#2893,#1226,.T.);
#3571=EDGE_CURVE('',#2892,#2868,#2594,.T.);
#3572=EDGE_CURVE('',#2870,#2893,#2595,.T.);
#3573=EDGE_CURVE('',#2894,#2895,#1227,.T.);
#3574=EDGE_CURVE('',#2894,#2896,#1228,.T.);
#3575=EDGE_CURVE('',#2897,#2896,#1229,.T.);
#3576=EDGE_CURVE('',#2895,#2897,#1230,.T.);
#3577=EDGE_CURVE('',#2895,#2898,#1231,.T.);
#3578=EDGE_CURVE('',#2899,#2897,#1232,.T.);
#3579=EDGE_CURVE('',#2898,#2899,#1233,.T.);
#3580=EDGE_CURVE('',#2898,#2900,#1234,.T.);
#3581=EDGE_CURVE('',#2901,#2899,#1235,.T.);
#3582=EDGE_CURVE('',#2900,#2901,#1236,.T.);
#3583=EDGE_CURVE('',#2900,#2902,#1237,.T.);
#3584=EDGE_CURVE('',#2903,#2901,#1238,.T.);
#3585=EDGE_CURVE('',#2902,#2903,#1239,.T.);
#3586=EDGE_CURVE('',#2902,#2904,#1240,.T.);
#3587=EDGE_CURVE('',#2905,#2903,#1241,.T.);
#3588=EDGE_CURVE('',#2904,#2905,#1242,.T.);
#3589=EDGE_CURVE('',#2904,#2906,#2596,.T.);
#3590=EDGE_CURVE('',#2907,#2905,#2597,.T.);
#3591=EDGE_CURVE('',#2906,#2907,#1243,.T.);
#3592=EDGE_CURVE('',#2906,#2908,#2598,.T.);
#3593=EDGE_CURVE('',#2909,#2907,#2599,.T.);
#3594=EDGE_CURVE('',#2908,#2909,#1244,.T.);
#3595=EDGE_CURVE('',#2908,#2910,#2600,.T.);
#3596=EDGE_CURVE('',#2911,#2909,#2601,.T.);
#3597=EDGE_CURVE('',#2910,#2911,#1245,.T.);
#3598=EDGE_CURVE('',#2910,#2912,#2602,.T.);
#3599=EDGE_CURVE('',#2913,#2911,#2603,.T.);
#3600=EDGE_CURVE('',#2912,#2913,#1246,.T.);
#3601=EDGE_CURVE('',#2912,#2914,#1247,.T.);
#3602=EDGE_CURVE('',#2915,#2913,#1248,.T.);
#3603=EDGE_CURVE('',#2914,#2915,#1249,.T.);
#3604=EDGE_CURVE('',#2914,#2916,#1250,.T.);
#3605=EDGE_CURVE('',#2917,#2915,#1251,.T.);
#3606=EDGE_CURVE('',#2916,#2917,#1252,.T.);
#3607=EDGE_CURVE('',#2916,#2918,#1253,.T.);
#3608=EDGE_CURVE('',#2919,#2917,#1254,.T.);
#3609=EDGE_CURVE('',#2918,#2919,#1255,.T.);
#3610=EDGE_CURVE('',#2918,#2894,#2604,.T.);
#3611=EDGE_CURVE('',#2896,#2919,#2605,.T.);
#3612=EDGE_CURVE('',#2920,#2921,#2606,.T.);
#3613=EDGE_CURVE('',#2921,#2922,#1256,.T.);
#3614=EDGE_CURVE('',#2923,#2922,#2607,.T.);
#3615=EDGE_CURVE('',#2920,#2923,#1257,.T.);
#3616=EDGE_CURVE('',#2924,#2920,#2608,.T.);
#3617=EDGE_CURVE('',#2925,#2923,#2609,.T.);
#3618=EDGE_CURVE('',#2924,#2925,#1258,.T.);
#3619=EDGE_CURVE('',#2926,#2924,#2610,.T.);
#3620=EDGE_CURVE('',#2927,#2925,#2611,.T.);
#3621=EDGE_CURVE('',#2926,#2927,#1259,.T.);
#3622=EDGE_CURVE('',#2928,#2926,#1260,.T.);
#3623=EDGE_CURVE('',#2929,#2927,#1261,.T.);
#3624=EDGE_CURVE('',#2928,#2929,#1262,.T.);
#3625=EDGE_CURVE('',#2930,#2928,#2612,.T.);
#3626=EDGE_CURVE('',#2931,#2929,#2613,.T.);
#3627=EDGE_CURVE('',#2930,#2931,#1263,.T.);
#3628=EDGE_CURVE('',#2932,#2930,#2614,.T.);
#3629=EDGE_CURVE('',#2933,#2931,#2615,.T.);
#3630=EDGE_CURVE('',#2932,#2933,#1264,.T.);
#3631=EDGE_CURVE('',#2934,#2932,#2616,.T.);
#3632=EDGE_CURVE('',#2935,#2933,#2617,.T.);
#3633=EDGE_CURVE('',#2934,#2935,#1265,.T.);
#3634=EDGE_CURVE('',#2936,#2934,#2618,.T.);
#3635=EDGE_CURVE('',#2937,#2935,#2619,.T.);
#3636=EDGE_CURVE('',#2936,#2937,#1266,.T.);
#3637=EDGE_CURVE('',#2938,#2936,#1267,.T.);
#3638=EDGE_CURVE('',#2939,#2937,#1268,.T.);
#3639=EDGE_CURVE('',#2938,#2939,#1269,.T.);
#3640=EDGE_CURVE('',#2940,#2938,#1270,.T.);
#3641=EDGE_CURVE('',#2941,#2939,#1271,.T.);
#3642=EDGE_CURVE('',#2940,#2941,#1272,.T.);
#3643=EDGE_CURVE('',#2942,#2940,#1273,.T.);
#3644=EDGE_CURVE('',#2943,#2941,#1274,.T.);
#3645=EDGE_CURVE('',#2942,#2943,#1275,.T.);
#3646=EDGE_CURVE('',#2944,#2942,#1276,.T.);
#3647=EDGE_CURVE('',#2945,#2943,#1277,.T.);
#3648=EDGE_CURVE('',#2944,#2945,#1278,.T.);
#3649=EDGE_CURVE('',#2946,#2944,#1279,.T.);
#3650=EDGE_CURVE('',#2947,#2945,#1280,.T.);
#3651=EDGE_CURVE('',#2946,#2947,#1281,.T.);
#3652=EDGE_CURVE('',#2948,#2946,#1282,.T.);
#3653=EDGE_CURVE('',#2949,#2947,#1283,.T.);
#3654=EDGE_CURVE('',#2948,#2949,#1284,.T.);
#3655=EDGE_CURVE('',#2950,#2948,#1285,.T.);
#3656=EDGE_CURVE('',#2951,#2949,#1286,.T.);
#3657=EDGE_CURVE('',#2950,#2951,#1287,.T.);
#3658=EDGE_CURVE('',#2952,#2950,#1288,.T.);
#3659=EDGE_CURVE('',#2953,#2951,#1289,.T.);
#3660=EDGE_CURVE('',#2952,#2953,#1290,.T.);
#3661=EDGE_CURVE('',#2954,#2952,#1291,.T.);
#3662=EDGE_CURVE('',#2955,#2953,#1292,.T.);
#3663=EDGE_CURVE('',#2954,#2955,#1293,.T.);
#3664=EDGE_CURVE('',#2956,#2954,#1294,.T.);
#3665=EDGE_CURVE('',#2957,#2955,#1295,.T.);
#3666=EDGE_CURVE('',#2956,#2957,#1296,.T.);
#3667=EDGE_CURVE('',#2921,#2956,#1297,.T.);
#3668=EDGE_CURVE('',#2922,#2957,#1298,.T.);
#3669=EDGE_CURVE('',#2958,#2958,#2620,.T.);
#3670=EDGE_CURVE('',#2959,#2959,#2621,.T.);
#3671=EDGE_CURVE('',#2960,#2960,#2622,.T.);
#3672=EDGE_CURVE('',#2961,#2961,#2623,.T.);
#3673=EDGE_CURVE('',#2962,#2963,#1299,.T.);
#3674=EDGE_CURVE('',#2963,#2964,#1300,.T.);
#3675=EDGE_CURVE('',#2965,#2964,#1301,.T.);
#3676=EDGE_CURVE('',#2962,#2965,#1302,.T.);
#3677=EDGE_CURVE('',#2966,#2962,#1303,.T.);
#3678=EDGE_CURVE('',#2967,#2965,#1304,.T.);
#3679=EDGE_CURVE('',#2966,#2967,#1305,.T.);
#3680=EDGE_CURVE('',#2968,#2966,#1306,.T.);
#3681=EDGE_CURVE('',#2969,#2967,#1307,.T.);
#3682=EDGE_CURVE('',#2968,#2969,#1308,.T.);
#3683=EDGE_CURVE('',#2963,#2968,#1309,.T.);
#3684=EDGE_CURVE('',#2964,#2969,#1310,.T.);
#3685=EDGE_CURVE('',#2970,#2971,#1311,.T.);
#3686=EDGE_CURVE('',#2970,#2972,#1312,.T.);
#3687=EDGE_CURVE('',#2973,#2972,#1313,.T.);
#3688=EDGE_CURVE('',#2971,#2973,#1314,.T.);
#3689=EDGE_CURVE('',#2971,#2974,#1315,.T.);
#3690=EDGE_CURVE('',#2975,#2973,#1316,.T.);
#3691=EDGE_CURVE('',#2974,#2975,#1317,.T.);
#3692=EDGE_CURVE('',#2974,#2976,#1318,.T.);
#3693=EDGE_CURVE('',#2977,#2975,#1319,.T.);
#3694=EDGE_CURVE('',#2976,#2977,#1320,.T.);
#3695=EDGE_CURVE('',#2976,#2970,#1321,.T.);
#3696=EDGE_CURVE('',#2972,#2977,#1322,.T.);
#3697=EDGE_CURVE('',#2978,#2979,#1323,.T.);
#3698=EDGE_CURVE('',#2978,#2980,#1324,.T.);
#3699=EDGE_CURVE('',#2981,#2980,#1325,.T.);
#3700=EDGE_CURVE('',#2979,#2981,#1326,.T.);
#3701=EDGE_CURVE('',#2979,#2982,#1327,.T.);
#3702=EDGE_CURVE('',#2983,#2981,#1328,.T.);
#3703=EDGE_CURVE('',#2982,#2983,#1329,.T.);
#3704=EDGE_CURVE('',#2982,#2984,#1330,.T.);
#3705=EDGE_CURVE('',#2985,#2983,#1331,.T.);
#3706=EDGE_CURVE('',#2984,#2985,#1332,.T.);
#3707=EDGE_CURVE('',#2984,#2978,#1333,.T.);
#3708=EDGE_CURVE('',#2980,#2985,#1334,.T.);
#3709=EDGE_CURVE('',#2986,#2987,#1335,.T.);
#3710=EDGE_CURVE('',#2986,#2988,#1336,.T.);
#3711=EDGE_CURVE('',#2989,#2988,#1337,.T.);
#3712=EDGE_CURVE('',#2987,#2989,#1338,.T.);
#3713=EDGE_CURVE('',#2987,#2990,#1339,.T.);
#3714=EDGE_CURVE('',#2991,#2989,#1340,.T.);
#3715=EDGE_CURVE('',#2990,#2991,#1341,.T.);
#3716=EDGE_CURVE('',#2990,#2992,#1342,.T.);
#3717=EDGE_CURVE('',#2993,#2991,#1343,.T.);
#3718=EDGE_CURVE('',#2992,#2993,#1344,.T.);
#3719=EDGE_CURVE('',#2992,#2994,#1345,.T.);
#3720=EDGE_CURVE('',#2995,#2993,#1346,.T.);
#3721=EDGE_CURVE('',#2994,#2995,#1347,.T.);
#3722=EDGE_CURVE('',#2994,#2996,#1348,.T.);
#3723=EDGE_CURVE('',#2997,#2995,#1349,.T.);
#3724=EDGE_CURVE('',#2996,#2997,#1350,.T.);
#3725=EDGE_CURVE('',#2996,#2998,#2624,.T.);
#3726=EDGE_CURVE('',#2999,#2997,#2625,.T.);
#3727=EDGE_CURVE('',#2998,#2999,#1351,.T.);
#3728=EDGE_CURVE('',#2998,#3000,#2626,.T.);
#3729=EDGE_CURVE('',#3001,#2999,#2627,.T.);
#3730=EDGE_CURVE('',#3000,#3001,#1352,.T.);
#3731=EDGE_CURVE('',#3000,#3002,#2628,.T.);
#3732=EDGE_CURVE('',#3003,#3001,#2629,.T.);
#3733=EDGE_CURVE('',#3002,#3003,#1353,.T.);
#3734=EDGE_CURVE('',#3002,#3004,#2630,.T.);
#3735=EDGE_CURVE('',#3005,#3003,#2631,.T.);
#3736=EDGE_CURVE('',#3004,#3005,#1354,.T.);
#3737=EDGE_CURVE('',#3004,#3006,#1355,.T.);
#3738=EDGE_CURVE('',#3007,#3005,#1356,.T.);
#3739=EDGE_CURVE('',#3006,#3007,#1357,.T.);
#3740=EDGE_CURVE('',#3006,#3008,#1358,.T.);
#3741=EDGE_CURVE('',#3009,#3007,#1359,.T.);
#3742=EDGE_CURVE('',#3008,#3009,#1360,.T.);
#3743=EDGE_CURVE('',#3008,#3010,#1361,.T.);
#3744=EDGE_CURVE('',#3011,#3009,#1362,.T.);
#3745=EDGE_CURVE('',#3010,#3011,#1363,.T.);
#3746=EDGE_CURVE('',#3010,#2986,#2632,.T.);
#3747=EDGE_CURVE('',#2988,#3011,#2633,.T.);
#3748=EDGE_CURVE('',#3012,#3013,#2634,.T.);
#3749=EDGE_CURVE('',#3012,#3014,#1364,.T.);
#3750=EDGE_CURVE('',#3015,#3014,#2635,.T.);
#3751=EDGE_CURVE('',#3013,#3015,#1365,.T.);
#3752=EDGE_CURVE('',#3016,#3012,#1366,.T.);
#3753=EDGE_CURVE('',#3016,#3017,#1367,.T.);
#3754=EDGE_CURVE('',#3014,#3017,#1368,.T.);
#3755=EDGE_CURVE('',#3018,#3016,#1369,.T.);
#3756=EDGE_CURVE('',#3018,#3019,#1370,.T.);
#3757=EDGE_CURVE('',#3017,#3019,#1371,.T.);
#3758=EDGE_CURVE('',#3020,#3018,#2636,.T.);
#3759=EDGE_CURVE('',#3020,#3021,#1372,.T.);
#3760=EDGE_CURVE('',#3019,#3021,#2637,.T.);
#3761=EDGE_CURVE('',#3022,#3020,#2638,.T.);
#3762=EDGE_CURVE('',#3022,#3023,#1373,.T.);
#3763=EDGE_CURVE('',#3021,#3023,#2639,.T.);
#3764=EDGE_CURVE('',#3024,#3022,#2640,.T.);
#3765=EDGE_CURVE('',#3024,#3025,#1374,.T.);
#3766=EDGE_CURVE('',#3023,#3025,#2641,.T.);
#3767=EDGE_CURVE('',#3026,#3024,#2642,.T.);
#3768=EDGE_CURVE('',#3026,#3027,#1375,.T.);
#3769=EDGE_CURVE('',#3025,#3027,#2643,.T.);
#3770=EDGE_CURVE('',#3028,#3026,#2644,.T.);
#3771=EDGE_CURVE('',#3028,#3029,#1376,.T.);
#3772=EDGE_CURVE('',#3027,#3029,#2645,.T.);
#3773=EDGE_CURVE('',#3013,#3028,#2646,.T.);
#3774=EDGE_CURVE('',#3029,#3015,#2647,.T.);
#3775=EDGE_CURVE('',#3030,#3031,#2648,.T.);
#3776=EDGE_CURVE('',#3031,#3032,#1377,.T.);
#3777=EDGE_CURVE('',#3033,#3032,#2649,.T.);
#3778=EDGE_CURVE('',#3030,#3033,#1378,.T.);
#3779=EDGE_CURVE('',#3034,#3030,#2650,.T.);
#3780=EDGE_CURVE('',#3035,#3033,#2651,.T.);
#3781=EDGE_CURVE('',#3034,#3035,#1379,.T.);
#3782=EDGE_CURVE('',#3036,#3034,#2652,.T.);
#3783=EDGE_CURVE('',#3037,#3035,#2653,.T.);
#3784=EDGE_CURVE('',#3036,#3037,#1380,.T.);
#3785=EDGE_CURVE('',#3038,#3036,#2654,.T.);
#3786=EDGE_CURVE('',#3039,#3037,#2655,.T.);
#3787=EDGE_CURVE('',#3038,#3039,#1381,.T.);
#3788=EDGE_CURVE('',#3040,#3038,#2656,.T.);
#3789=EDGE_CURVE('',#3041,#3039,#2657,.T.);
#3790=EDGE_CURVE('',#3040,#3041,#1382,.T.);
#3791=EDGE_CURVE('',#3042,#3040,#2658,.T.);
#3792=EDGE_CURVE('',#3043,#3041,#2659,.T.);
#3793=EDGE_CURVE('',#3042,#3043,#1383,.T.);
#3794=EDGE_CURVE('',#3044,#3042,#2660,.T.);
#3795=EDGE_CURVE('',#3045,#3043,#2661,.T.);
#3796=EDGE_CURVE('',#3044,#3045,#1384,.T.);
#3797=EDGE_CURVE('',#3046,#3044,#1385,.T.);
#3798=EDGE_CURVE('',#3047,#3045,#1386,.T.);
#3799=EDGE_CURVE('',#3046,#3047,#1387,.T.);
#3800=EDGE_CURVE('',#3048,#3046,#1388,.T.);
#3801=EDGE_CURVE('',#3049,#3047,#1389,.T.);
#3802=EDGE_CURVE('',#3048,#3049,#1390,.T.);
#3803=EDGE_CURVE('',#3050,#3048,#2662,.T.);
#3804=EDGE_CURVE('',#3051,#3049,#2663,.T.);
#3805=EDGE_CURVE('',#3050,#3051,#1391,.T.);
#3806=EDGE_CURVE('',#3052,#3050,#2664,.T.);
#3807=EDGE_CURVE('',#3053,#3051,#2665,.T.);
#3808=EDGE_CURVE('',#3052,#3053,#1392,.T.);
#3809=EDGE_CURVE('',#3054,#3052,#2666,.T.);
#3810=EDGE_CURVE('',#3055,#3053,#2667,.T.);
#3811=EDGE_CURVE('',#3054,#3055,#1393,.T.);
#3812=EDGE_CURVE('',#3056,#3054,#2668,.T.);
#3813=EDGE_CURVE('',#3057,#3055,#2669,.T.);
#3814=EDGE_CURVE('',#3056,#3057,#1394,.T.);
#3815=EDGE_CURVE('',#3058,#3056,#2670,.T.);
#3816=EDGE_CURVE('',#3059,#3057,#2671,.T.);
#3817=EDGE_CURVE('',#3058,#3059,#1395,.T.);
#3818=EDGE_CURVE('',#3060,#3058,#2672,.T.);
#3819=EDGE_CURVE('',#3061,#3059,#2673,.T.);
#3820=EDGE_CURVE('',#3060,#3061,#1396,.T.);
#3821=EDGE_CURVE('',#3062,#3060,#2674,.T.);
#3822=EDGE_CURVE('',#3063,#3061,#2675,.T.);
#3823=EDGE_CURVE('',#3062,#3063,#1397,.T.);
#3824=EDGE_CURVE('',#3064,#3062,#2676,.T.);
#3825=EDGE_CURVE('',#3065,#3063,#2677,.T.);
#3826=EDGE_CURVE('',#3064,#3065,#1398,.T.);
#3827=EDGE_CURVE('',#3066,#3064,#2678,.T.);
#3828=EDGE_CURVE('',#3067,#3065,#2679,.T.);
#3829=EDGE_CURVE('',#3066,#3067,#1399,.T.);
#3830=EDGE_CURVE('',#3068,#3066,#1400,.T.);
#3831=EDGE_CURVE('',#3069,#3067,#1401,.T.);
#3832=EDGE_CURVE('',#3068,#3069,#1402,.T.);
#3833=EDGE_CURVE('',#3070,#3068,#1403,.T.);
#3834=EDGE_CURVE('',#3071,#3069,#1404,.T.);
#3835=EDGE_CURVE('',#3070,#3071,#1405,.T.);
#3836=EDGE_CURVE('',#3072,#3070,#2680,.T.);
#3837=EDGE_CURVE('',#3073,#3071,#2681,.T.);
#3838=EDGE_CURVE('',#3072,#3073,#1406,.T.);
#3839=EDGE_CURVE('',#3074,#3072,#2682,.T.);
#3840=EDGE_CURVE('',#3075,#3073,#2683,.T.);
#3841=EDGE_CURVE('',#3074,#3075,#1407,.T.);
#3842=EDGE_CURVE('',#3076,#3074,#2684,.T.);
#3843=EDGE_CURVE('',#3077,#3075,#2685,.T.);
#3844=EDGE_CURVE('',#3076,#3077,#1408,.T.);
#3845=EDGE_CURVE('',#3078,#3076,#2686,.T.);
#3846=EDGE_CURVE('',#3079,#3077,#2687,.T.);
#3847=EDGE_CURVE('',#3078,#3079,#1409,.T.);
#3848=EDGE_CURVE('',#3080,#3078,#2688,.T.);
#3849=EDGE_CURVE('',#3081,#3079,#2689,.T.);
#3850=EDGE_CURVE('',#3080,#3081,#1410,.T.);
#3851=EDGE_CURVE('',#3082,#3080,#2690,.T.);
#3852=EDGE_CURVE('',#3083,#3081,#2691,.T.);
#3853=EDGE_CURVE('',#3082,#3083,#1411,.T.);
#3854=EDGE_CURVE('',#3084,#3082,#2692,.T.);
#3855=EDGE_CURVE('',#3085,#3083,#2693,.T.);
#3856=EDGE_CURVE('',#3084,#3085,#1412,.T.);
#3857=EDGE_CURVE('',#3086,#3084,#2694,.T.);
#3858=EDGE_CURVE('',#3087,#3085,#2695,.T.);
#3859=EDGE_CURVE('',#3086,#3087,#1413,.T.);
#3860=EDGE_CURVE('',#3088,#3086,#2696,.T.);
#3861=EDGE_CURVE('',#3089,#3087,#2697,.T.);
#3862=EDGE_CURVE('',#3088,#3089,#1414,.T.);
#3863=EDGE_CURVE('',#3090,#3088,#2698,.T.);
#3864=EDGE_CURVE('',#3091,#3089,#2699,.T.);
#3865=EDGE_CURVE('',#3090,#3091,#1415,.T.);
#3866=EDGE_CURVE('',#3092,#3090,#2700,.T.);
#3867=EDGE_CURVE('',#3093,#3091,#2701,.T.);
#3868=EDGE_CURVE('',#3092,#3093,#1416,.T.);
#3869=EDGE_CURVE('',#3094,#3092,#2702,.T.);
#3870=EDGE_CURVE('',#3095,#3093,#2703,.T.);
#3871=EDGE_CURVE('',#3094,#3095,#1417,.T.);
#3872=EDGE_CURVE('',#3096,#3094,#2704,.T.);
#3873=EDGE_CURVE('',#3097,#3095,#2705,.T.);
#3874=EDGE_CURVE('',#3096,#3097,#1418,.T.);
#3875=EDGE_CURVE('',#3098,#3096,#2706,.T.);
#3876=EDGE_CURVE('',#3099,#3097,#2707,.T.);
#3877=EDGE_CURVE('',#3098,#3099,#1419,.T.);
#3878=EDGE_CURVE('',#3100,#3098,#2708,.T.);
#3879=EDGE_CURVE('',#3101,#3099,#2709,.T.);
#3880=EDGE_CURVE('',#3100,#3101,#1420,.T.);
#3881=EDGE_CURVE('',#3031,#3100,#2710,.T.);
#3882=EDGE_CURVE('',#3032,#3101,#2711,.T.);
#3883=EDGE_CURVE('',#3102,#3103,#2712,.T.);
#3884=EDGE_CURVE('',#3102,#3104,#1421,.T.);
#3885=EDGE_CURVE('',#3105,#3104,#2713,.T.);
#3886=EDGE_CURVE('',#3103,#3105,#1422,.T.);
#3887=EDGE_CURVE('',#3106,#3102,#2714,.T.);
#3888=EDGE_CURVE('',#3106,#3107,#1423,.T.);
#3889=EDGE_CURVE('',#3104,#3107,#2715,.T.);
#3890=EDGE_CURVE('',#3108,#3106,#2716,.T.);
#3891=EDGE_CURVE('',#3108,#3109,#1424,.T.);
#3892=EDGE_CURVE('',#3107,#3109,#2717,.T.);
#3893=EDGE_CURVE('',#3110,#3108,#2718,.T.);
#3894=EDGE_CURVE('',#3110,#3111,#1425,.T.);
#3895=EDGE_CURVE('',#3109,#3111,#2719,.T.);
#3896=EDGE_CURVE('',#3112,#3110,#2720,.T.);
#3897=EDGE_CURVE('',#3112,#3113,#1426,.T.);
#3898=EDGE_CURVE('',#3111,#3113,#2721,.T.);
#3899=EDGE_CURVE('',#3114,#3112,#2722,.T.);
#3900=EDGE_CURVE('',#3114,#3115,#1427,.T.);
#3901=EDGE_CURVE('',#3113,#3115,#2723,.T.);
#3902=EDGE_CURVE('',#3116,#3114,#2724,.T.);
#3903=EDGE_CURVE('',#3116,#3117,#1428,.T.);
#3904=EDGE_CURVE('',#3115,#3117,#2725,.T.);
#3905=EDGE_CURVE('',#3118,#3116,#2726,.T.);
#3906=EDGE_CURVE('',#3118,#3119,#1429,.T.);
#3907=EDGE_CURVE('',#3117,#3119,#2727,.T.);
#3908=EDGE_CURVE('',#3120,#3118,#2728,.T.);
#3909=EDGE_CURVE('',#3120,#3121,#1430,.T.);
#3910=EDGE_CURVE('',#3119,#3121,#2729,.T.);
#3911=EDGE_CURVE('',#3122,#3120,#2730,.T.);
#3912=EDGE_CURVE('',#3122,#3123,#1431,.T.);
#3913=EDGE_CURVE('',#3121,#3123,#2731,.T.);
#3914=EDGE_CURVE('',#3124,#3122,#2732,.T.);
#3915=EDGE_CURVE('',#3124,#3125,#1432,.T.);
#3916=EDGE_CURVE('',#3123,#3125,#2733,.T.);
#3917=EDGE_CURVE('',#3126,#3124,#2734,.T.);
#3918=EDGE_CURVE('',#3126,#3127,#1433,.T.);
#3919=EDGE_CURVE('',#3125,#3127,#2735,.T.);
#3920=EDGE_CURVE('',#3128,#3126,#2736,.T.);
#3921=EDGE_CURVE('',#3128,#3129,#1434,.T.);
#3922=EDGE_CURVE('',#3127,#3129,#2737,.T.);
#3923=EDGE_CURVE('',#3130,#3128,#2738,.T.);
#3924=EDGE_CURVE('',#3130,#3131,#1435,.T.);
#3925=EDGE_CURVE('',#3129,#3131,#2739,.T.);
#3926=EDGE_CURVE('',#3132,#3130,#2740,.T.);
#3927=EDGE_CURVE('',#3132,#3133,#1436,.T.);
#3928=EDGE_CURVE('',#3131,#3133,#2741,.T.);
#3929=EDGE_CURVE('',#3134,#3132,#2742,.T.);
#3930=EDGE_CURVE('',#3134,#3135,#1437,.T.);
#3931=EDGE_CURVE('',#3133,#3135,#2743,.T.);
#3932=EDGE_CURVE('',#3136,#3134,#2744,.T.);
#3933=EDGE_CURVE('',#3136,#3137,#1438,.T.);
#3934=EDGE_CURVE('',#3135,#3137,#2745,.T.);
#3935=EDGE_CURVE('',#3138,#3136,#2746,.T.);
#3936=EDGE_CURVE('',#3138,#3139,#1439,.T.);
#3937=EDGE_CURVE('',#3137,#3139,#2747,.T.);
#3938=EDGE_CURVE('',#3140,#3138,#2748,.T.);
#3939=EDGE_CURVE('',#3140,#3141,#1440,.T.);
#3940=EDGE_CURVE('',#3139,#3141,#2749,.T.);
#3941=EDGE_CURVE('',#3142,#3140,#2750,.T.);
#3942=EDGE_CURVE('',#3142,#3143,#1441,.T.);
#3943=EDGE_CURVE('',#3141,#3143,#2751,.T.);
#3944=EDGE_CURVE('',#3144,#3142,#2752,.T.);
#3945=EDGE_CURVE('',#3144,#3145,#1442,.T.);
#3946=EDGE_CURVE('',#3143,#3145,#2753,.T.);
#3947=EDGE_CURVE('',#3146,#3144,#2754,.T.);
#3948=EDGE_CURVE('',#3146,#3147,#1443,.T.);
#3949=EDGE_CURVE('',#3145,#3147,#2755,.T.);
#3950=EDGE_CURVE('',#3148,#3146,#2756,.T.);
#3951=EDGE_CURVE('',#3148,#3149,#1444,.T.);
#3952=EDGE_CURVE('',#3147,#3149,#2757,.T.);
#3953=EDGE_CURVE('',#3150,#3148,#2758,.T.);
#3954=EDGE_CURVE('',#3150,#3151,#1445,.T.);
#3955=EDGE_CURVE('',#3149,#3151,#2759,.T.);
#3956=EDGE_CURVE('',#3152,#3150,#2760,.T.);
#3957=EDGE_CURVE('',#3152,#3153,#1446,.T.);
#3958=EDGE_CURVE('',#3151,#3153,#2761,.T.);
#3959=EDGE_CURVE('',#3154,#3152,#2762,.T.);
#3960=EDGE_CURVE('',#3154,#3155,#1447,.T.);
#3961=EDGE_CURVE('',#3153,#3155,#2763,.T.);
#3962=EDGE_CURVE('',#3156,#3154,#2764,.T.);
#3963=EDGE_CURVE('',#3156,#3157,#1448,.T.);
#3964=EDGE_CURVE('',#3155,#3157,#2765,.T.);
#3965=EDGE_CURVE('',#3158,#3156,#2766,.T.);
#3966=EDGE_CURVE('',#3158,#3159,#1449,.T.);
#3967=EDGE_CURVE('',#3157,#3159,#2767,.T.);
#3968=EDGE_CURVE('',#3160,#3158,#2768,.T.);
#3969=EDGE_CURVE('',#3160,#3161,#1450,.T.);
#3970=EDGE_CURVE('',#3159,#3161,#2769,.T.);
#3971=EDGE_CURVE('',#3162,#3160,#2770,.T.);
#3972=EDGE_CURVE('',#3162,#3163,#1451,.T.);
#3973=EDGE_CURVE('',#3161,#3163,#2771,.T.);
#3974=EDGE_CURVE('',#3164,#3162,#2772,.T.);
#3975=EDGE_CURVE('',#3164,#3165,#1452,.T.);
#3976=EDGE_CURVE('',#3163,#3165,#2773,.T.);
#3977=EDGE_CURVE('',#3166,#3164,#2774,.T.);
#3978=EDGE_CURVE('',#3166,#3167,#1453,.T.);
#3979=EDGE_CURVE('',#3165,#3167,#2775,.T.);
#3980=EDGE_CURVE('',#3168,#3166,#2776,.T.);
#3981=EDGE_CURVE('',#3168,#3169,#1454,.T.);
#3982=EDGE_CURVE('',#3167,#3169,#2777,.T.);
#3983=EDGE_CURVE('',#3170,#3168,#2778,.T.);
#3984=EDGE_CURVE('',#3170,#3171,#1455,.T.);
#3985=EDGE_CURVE('',#3169,#3171,#2779,.T.);
#3986=EDGE_CURVE('',#3172,#3170,#2780,.T.);
#3987=EDGE_CURVE('',#3172,#3173,#1456,.T.);
#3988=EDGE_CURVE('',#3171,#3173,#2781,.T.);
#3989=EDGE_CURVE('',#3103,#3172,#2782,.T.);
#3990=EDGE_CURVE('',#3173,#3105,#2783,.T.);
#3991=EDGE_CURVE('',#3174,#3175,#2784,.T.);
#3992=EDGE_CURVE('',#3175,#3176,#1457,.T.);
#3993=EDGE_CURVE('',#3177,#3176,#2785,.T.);
#3994=EDGE_CURVE('',#3174,#3177,#1458,.T.);
#3995=EDGE_CURVE('',#3178,#3174,#2786,.T.);
#3996=EDGE_CURVE('',#3179,#3177,#2787,.T.);
#3997=EDGE_CURVE('',#3178,#3179,#1459,.T.);
#3998=EDGE_CURVE('',#3180,#3178,#2788,.T.);
#3999=EDGE_CURVE('',#3181,#3179,#2789,.T.);
#4000=EDGE_CURVE('',#3180,#3181,#1460,.T.);
#4001=EDGE_CURVE('',#3182,#3180,#2790,.T.);
#4002=EDGE_CURVE('',#3183,#3181,#2791,.T.);
#4003=EDGE_CURVE('',#3182,#3183,#1461,.T.);
#4004=EDGE_CURVE('',#3184,#3182,#2792,.T.);
#4005=EDGE_CURVE('',#3185,#3183,#2793,.T.);
#4006=EDGE_CURVE('',#3184,#3185,#1462,.T.);
#4007=EDGE_CURVE('',#3186,#3184,#2794,.T.);
#4008=EDGE_CURVE('',#3187,#3185,#2795,.T.);
#4009=EDGE_CURVE('',#3186,#3187,#1463,.T.);
#4010=EDGE_CURVE('',#3188,#3186,#2796,.T.);
#4011=EDGE_CURVE('',#3189,#3187,#2797,.T.);
#4012=EDGE_CURVE('',#3188,#3189,#1464,.T.);
#4013=EDGE_CURVE('',#3190,#3188,#2798,.T.);
#4014=EDGE_CURVE('',#3191,#3189,#2799,.T.);
#4015=EDGE_CURVE('',#3190,#3191,#1465,.T.);
#4016=EDGE_CURVE('',#3192,#3190,#2800,.T.);
#4017=EDGE_CURVE('',#3193,#3191,#2801,.T.);
#4018=EDGE_CURVE('',#3192,#3193,#1466,.T.);
#4019=EDGE_CURVE('',#3194,#3192,#2802,.T.);
#4020=EDGE_CURVE('',#3195,#3193,#2803,.T.);
#4021=EDGE_CURVE('',#3194,#3195,#1467,.T.);
#4022=EDGE_CURVE('',#3196,#3194,#2804,.T.);
#4023=EDGE_CURVE('',#3197,#3195,#2805,.T.);
#4024=EDGE_CURVE('',#3196,#3197,#1468,.T.);
#4025=EDGE_CURVE('',#3198,#3196,#2806,.T.);
#4026=EDGE_CURVE('',#3199,#3197,#2807,.T.);
#4027=EDGE_CURVE('',#3198,#3199,#1469,.T.);
#4028=EDGE_CURVE('',#3200,#3198,#2808,.T.);
#4029=EDGE_CURVE('',#3201,#3199,#2809,.T.);
#4030=EDGE_CURVE('',#3200,#3201,#1470,.T.);
#4031=EDGE_CURVE('',#3202,#3200,#2810,.T.);
#4032=EDGE_CURVE('',#3203,#3201,#2811,.T.);
#4033=EDGE_CURVE('',#3202,#3203,#1471,.T.);
#4034=EDGE_CURVE('',#3204,#3202,#2812,.T.);
#4035=EDGE_CURVE('',#3205,#3203,#2813,.T.);
#4036=EDGE_CURVE('',#3204,#3205,#1472,.T.);
#4037=EDGE_CURVE('',#3206,#3204,#2814,.T.);
#4038=EDGE_CURVE('',#3207,#3205,#2815,.T.);
#4039=EDGE_CURVE('',#3206,#3207,#1473,.T.);
#4040=EDGE_CURVE('',#3208,#3206,#2816,.T.);
#4041=EDGE_CURVE('',#3209,#3207,#2817,.T.);
#4042=EDGE_CURVE('',#3208,#3209,#1474,.T.);
#4043=EDGE_CURVE('',#3210,#3208,#2818,.T.);
#4044=EDGE_CURVE('',#3211,#3209,#2819,.T.);
#4045=EDGE_CURVE('',#3210,#3211,#1475,.T.);
#4046=EDGE_CURVE('',#3212,#3210,#2820,.T.);
#4047=EDGE_CURVE('',#3213,#3211,#2821,.T.);
#4048=EDGE_CURVE('',#3212,#3213,#1476,.T.);
#4049=EDGE_CURVE('',#3175,#3212,#2822,.T.);
#4050=EDGE_CURVE('',#3176,#3213,#2823,.T.);
#4051=EDGE_CURVE('',#3214,#3215,#1477,.T.);
#4052=EDGE_CURVE('',#3215,#3216,#1478,.T.);
#4053=EDGE_CURVE('',#3217,#3216,#1479,.T.);
#4054=EDGE_CURVE('',#3214,#3217,#1480,.T.);
#4055=EDGE_CURVE('',#3218,#3214,#1481,.T.);
#4056=EDGE_CURVE('',#3219,#3217,#1482,.T.);
#4057=EDGE_CURVE('',#3218,#3219,#1483,.T.);
#4058=EDGE_CURVE('',#3220,#3218,#1484,.T.);
#4059=EDGE_CURVE('',#3221,#3219,#1485,.T.);
#4060=EDGE_CURVE('',#3220,#3221,#1486,.T.);
#4061=EDGE_CURVE('',#3215,#3220,#1487,.T.);
#4062=EDGE_CURVE('',#3216,#3221,#1488,.T.);
#4063=EDGE_CURVE('',#3222,#3223,#1489,.T.);
#4064=EDGE_CURVE('',#3223,#3224,#1490,.T.);
#4065=EDGE_CURVE('',#3225,#3224,#1491,.T.);
#4066=EDGE_CURVE('',#3222,#3225,#1492,.T.);
#4067=EDGE_CURVE('',#3226,#3222,#1493,.T.);
#4068=EDGE_CURVE('',#3227,#3225,#1494,.T.);
#4069=EDGE_CURVE('',#3226,#3227,#1495,.T.);
#4070=EDGE_CURVE('',#3228,#3226,#1496,.T.);
#4071=EDGE_CURVE('',#3229,#3227,#1497,.T.);
#4072=EDGE_CURVE('',#3228,#3229,#1498,.T.);
#4073=EDGE_CURVE('',#3223,#3228,#1499,.T.);
#4074=EDGE_CURVE('',#3224,#3229,#1500,.T.);
#4075=EDGE_CURVE('',#3230,#3231,#1501,.T.);
#4076=EDGE_CURVE('',#3231,#3232,#1502,.T.);
#4077=EDGE_CURVE('',#3233,#3232,#1503,.T.);
#4078=EDGE_CURVE('',#3230,#3233,#1504,.T.);
#4079=EDGE_CURVE('',#3234,#3230,#1505,.T.);
#4080=EDGE_CURVE('',#3235,#3233,#1506,.T.);
#4081=EDGE_CURVE('',#3234,#3235,#1507,.T.);
#4082=EDGE_CURVE('',#3236,#3234,#1508,.T.);
#4083=EDGE_CURVE('',#3237,#3235,#1509,.T.);
#4084=EDGE_CURVE('',#3236,#3237,#1510,.T.);
#4085=EDGE_CURVE('',#3231,#3236,#1511,.T.);
#4086=EDGE_CURVE('',#3232,#3237,#1512,.T.);
#4087=EDGE_CURVE('',#3238,#3239,#1513,.T.);
#4088=EDGE_CURVE('',#3238,#3240,#1514,.T.);
#4089=EDGE_CURVE('',#3241,#3240,#1515,.T.);
#4090=EDGE_CURVE('',#3239,#3241,#1516,.T.);
#4091=EDGE_CURVE('',#3239,#3242,#1517,.T.);
#4092=EDGE_CURVE('',#3243,#3241,#1518,.T.);
#4093=EDGE_CURVE('',#3242,#3243,#1519,.T.);
#4094=EDGE_CURVE('',#3242,#3244,#1520,.T.);
#4095=EDGE_CURVE('',#3245,#3243,#1521,.T.);
#4096=EDGE_CURVE('',#3244,#3245,#1522,.T.);
#4097=EDGE_CURVE('',#3244,#3238,#1523,.T.);
#4098=EDGE_CURVE('',#3240,#3245,#1524,.T.);
#4099=EDGE_CURVE('',#3246,#3247,#1525,.T.);
#4100=EDGE_CURVE('',#3247,#3248,#1526,.T.);
#4101=EDGE_CURVE('',#3249,#3248,#1527,.T.);
#4102=EDGE_CURVE('',#3246,#3249,#1528,.T.);
#4103=EDGE_CURVE('',#3250,#3246,#1529,.T.);
#4104=EDGE_CURVE('',#3251,#3249,#1530,.T.);
#4105=EDGE_CURVE('',#3250,#3251,#1531,.T.);
#4106=EDGE_CURVE('',#3252,#3250,#1532,.T.);
#4107=EDGE_CURVE('',#3253,#3251,#1533,.T.);
#4108=EDGE_CURVE('',#3252,#3253,#1534,.T.);
#4109=EDGE_CURVE('',#3247,#3252,#1535,.T.);
#4110=EDGE_CURVE('',#3248,#3253,#1536,.T.);
#4111=EDGE_CURVE('',#3254,#3255,#1537,.T.);
#4112=EDGE_CURVE('',#3255,#3256,#1538,.T.);
#4113=EDGE_CURVE('',#3257,#3256,#1539,.T.);
#4114=EDGE_CURVE('',#3254,#3257,#1540,.T.);
#4115=EDGE_CURVE('',#3258,#3254,#1541,.T.);
#4116=EDGE_CURVE('',#3259,#3257,#1542,.T.);
#4117=EDGE_CURVE('',#3258,#3259,#1543,.T.);
#4118=EDGE_CURVE('',#3260,#3258,#1544,.T.);
#4119=EDGE_CURVE('',#3261,#3259,#1545,.T.);
#4120=EDGE_CURVE('',#3260,#3261,#1546,.T.);
#4121=EDGE_CURVE('',#3255,#3260,#1547,.T.);
#4122=EDGE_CURVE('',#3256,#3261,#1548,.T.);
#4123=EDGE_CURVE('',#3262,#3263,#1549,.T.);
#4124=EDGE_CURVE('',#3263,#3264,#1550,.T.);
#4125=EDGE_CURVE('',#3265,#3264,#1551,.T.);
#4126=EDGE_CURVE('',#3262,#3265,#1552,.T.);
#4127=EDGE_CURVE('',#3266,#3262,#1553,.T.);
#4128=EDGE_CURVE('',#3267,#3265,#1554,.T.);
#4129=EDGE_CURVE('',#3266,#3267,#1555,.T.);
#4130=EDGE_CURVE('',#3268,#3266,#1556,.T.);
#4131=EDGE_CURVE('',#3269,#3267,#1557,.T.);
#4132=EDGE_CURVE('',#3268,#3269,#1558,.T.);
#4133=EDGE_CURVE('',#3263,#3268,#1559,.T.);
#4134=EDGE_CURVE('',#3264,#3269,#1560,.T.);
#4135=EDGE_CURVE('',#3270,#3271,#1561,.T.);
#4136=EDGE_CURVE('',#3270,#3272,#1562,.T.);
#4137=EDGE_CURVE('',#3273,#3272,#1563,.T.);
#4138=EDGE_CURVE('',#3271,#3273,#1564,.T.);
#4139=EDGE_CURVE('',#3271,#3274,#1565,.T.);
#4140=EDGE_CURVE('',#3275,#3273,#1566,.T.);
#4141=EDGE_CURVE('',#3274,#3275,#1567,.T.);
#4142=EDGE_CURVE('',#3274,#3276,#1568,.T.);
#4143=EDGE_CURVE('',#3277,#3275,#1569,.T.);
#4144=EDGE_CURVE('',#3276,#3277,#1570,.T.);
#4145=EDGE_CURVE('',#3276,#3270,#1571,.T.);
#4146=EDGE_CURVE('',#3272,#3277,#1572,.T.);
#4147=EDGE_CURVE('',#3278,#3279,#1573,.T.);
#4148=EDGE_CURVE('',#3278,#3280,#1574,.T.);
#4149=EDGE_CURVE('',#3281,#3280,#1575,.T.);
#4150=EDGE_CURVE('',#3279,#3281,#1576,.T.);
#4151=EDGE_CURVE('',#3279,#3282,#1577,.T.);
#4152=EDGE_CURVE('',#3283,#3281,#1578,.T.);
#4153=EDGE_CURVE('',#3282,#3283,#1579,.T.);
#4154=EDGE_CURVE('',#3282,#3284,#1580,.T.);
#4155=EDGE_CURVE('',#3285,#3283,#1581,.T.);
#4156=EDGE_CURVE('',#3284,#3285,#1582,.T.);
#4157=EDGE_CURVE('',#3284,#3278,#1583,.T.);
#4158=EDGE_CURVE('',#3280,#3285,#1584,.T.);
#4159=EDGE_CURVE('',#3286,#3287,#1585,.T.);
#4160=EDGE_CURVE('',#3286,#3288,#1586,.T.);
#4161=EDGE_CURVE('',#3289,#3288,#1587,.T.);
#4162=EDGE_CURVE('',#3287,#3289,#1588,.T.);
#4163=EDGE_CURVE('',#3287,#3290,#1589,.T.);
#4164=EDGE_CURVE('',#3291,#3289,#1590,.T.);
#4165=EDGE_CURVE('',#3290,#3291,#1591,.T.);
#4166=EDGE_CURVE('',#3290,#3292,#1592,.T.);
#4167=EDGE_CURVE('',#3293,#3291,#1593,.T.);
#4168=EDGE_CURVE('',#3292,#3293,#1594,.T.);
#4169=EDGE_CURVE('',#3292,#3286,#1595,.T.);
#4170=EDGE_CURVE('',#3288,#3293,#1596,.T.);
#4171=EDGE_CURVE('',#3294,#3295,#1597,.T.);
#4172=EDGE_CURVE('',#3294,#3296,#1598,.T.);
#4173=EDGE_CURVE('',#3297,#3296,#1599,.T.);
#4174=EDGE_CURVE('',#3295,#3297,#1600,.T.);
#4175=EDGE_CURVE('',#3295,#3298,#1601,.T.);
#4176=EDGE_CURVE('',#3299,#3297,#1602,.T.);
#4177=EDGE_CURVE('',#3298,#3299,#1603,.T.);
#4178=EDGE_CURVE('',#3298,#3300,#1604,.T.);
#4179=EDGE_CURVE('',#3301,#3299,#1605,.T.);
#4180=EDGE_CURVE('',#3300,#3301,#1606,.T.);
#4181=EDGE_CURVE('',#3300,#3294,#1607,.T.);
#4182=EDGE_CURVE('',#3296,#3301,#1608,.T.);
#4183=EDGE_CURVE('',#3302,#3303,#1609,.T.);
#4184=EDGE_CURVE('',#3302,#3304,#1610,.T.);
#4185=EDGE_CURVE('',#3305,#3304,#1611,.T.);
#4186=EDGE_CURVE('',#3303,#3305,#1612,.T.);
#4187=EDGE_CURVE('',#3303,#3306,#1613,.T.);
#4188=EDGE_CURVE('',#3307,#3305,#1614,.T.);
#4189=EDGE_CURVE('',#3306,#3307,#1615,.T.);
#4190=EDGE_CURVE('',#3306,#3308,#1616,.T.);
#4191=EDGE_CURVE('',#3309,#3307,#1617,.T.);
#4192=EDGE_CURVE('',#3308,#3309,#1618,.T.);
#4193=EDGE_CURVE('',#3308,#3302,#1619,.T.);
#4194=EDGE_CURVE('',#3304,#3309,#1620,.T.);
#4195=EDGE_CURVE('',#3310,#3311,#1621,.T.);
#4196=EDGE_CURVE('',#3310,#3312,#1622,.T.);
#4197=EDGE_CURVE('',#3313,#3312,#1623,.T.);
#4198=EDGE_CURVE('',#3311,#3313,#1624,.T.);
#4199=EDGE_CURVE('',#3311,#3314,#1625,.T.);
#4200=EDGE_CURVE('',#3315,#3313,#1626,.T.);
#4201=EDGE_CURVE('',#3314,#3315,#1627,.T.);
#4202=EDGE_CURVE('',#3314,#3316,#1628,.T.);
#4203=EDGE_CURVE('',#3317,#3315,#1629,.T.);
#4204=EDGE_CURVE('',#3316,#3317,#1630,.T.);
#4205=EDGE_CURVE('',#3316,#3310,#1631,.T.);
#4206=EDGE_CURVE('',#3312,#3317,#1632,.T.);
#4207=EDGE_CURVE('',#3318,#3319,#1633,.T.);
#4208=EDGE_CURVE('',#3318,#3320,#1634,.T.);
#4209=EDGE_CURVE('',#3320,#3321,#1635,.T.);
#4210=EDGE_CURVE('',#3319,#3321,#1636,.T.);
#4211=EDGE_CURVE('',#3322,#3318,#1637,.T.);
#4212=EDGE_CURVE('',#3322,#3323,#1638,.T.);
#4213=EDGE_CURVE('',#3323,#3320,#1639,.T.);
#4214=EDGE_CURVE('',#3324,#3322,#1640,.T.);
#4215=EDGE_CURVE('',#3325,#3324,#1641,.T.);
#4216=EDGE_CURVE('',#3325,#3323,#1642,.T.);
#4217=EDGE_CURVE('',#3326,#3327,#1643,.T.);
#4218=EDGE_CURVE('',#3326,#3328,#1644,.T.);
#4219=EDGE_CURVE('',#3328,#3329,#1645,.T.);
#4220=EDGE_CURVE('',#3327,#3329,#1646,.T.);
#4221=EDGE_CURVE('',#3330,#3326,#1647,.T.);
#4222=EDGE_CURVE('',#3330,#3331,#1648,.T.);
#4223=EDGE_CURVE('',#3331,#3328,#1649,.T.);
#4224=EDGE_CURVE('',#3332,#3330,#1650,.T.);
#4225=EDGE_CURVE('',#3332,#3333,#1651,.T.);
#4226=EDGE_CURVE('',#3333,#3331,#1652,.T.);
#4227=EDGE_CURVE('',#3319,#3332,#1653,.T.);
#4228=EDGE_CURVE('',#3321,#3333,#1654,.T.);
#4229=EDGE_CURVE('',#3329,#3325,#1655,.T.);
#4230=EDGE_CURVE('',#3334,#3324,#1656,.T.);
#4231=EDGE_CURVE('',#3334,#3335,#1657,.T.);
#4232=EDGE_CURVE('',#3336,#3335,#1658,.T.);
#4233=EDGE_CURVE('',#3337,#3336,#1659,.T.);
#4234=EDGE_CURVE('',#3327,#3337,#1660,.T.);
#4235=EDGE_CURVE('',#3338,#3339,#1661,.T.);
#4236=EDGE_CURVE('',#3338,#3340,#1662,.T.);
#4237=EDGE_CURVE('',#3341,#3340,#1663,.T.);
#4238=EDGE_CURVE('',#3339,#3341,#1664,.T.);
#4239=EDGE_CURVE('',#3342,#3338,#1665,.T.);
#4240=EDGE_CURVE('',#3342,#3343,#1666,.T.);
#4241=EDGE_CURVE('',#3340,#3343,#1667,.T.);
#4242=EDGE_CURVE('',#3344,#3342,#1668,.T.);
#4243=EDGE_CURVE('',#3344,#3345,#1669,.T.);
#4244=EDGE_CURVE('',#3343,#3345,#1670,.T.);
#4245=EDGE_CURVE('',#3339,#3344,#1671,.T.);
#4246=EDGE_CURVE('',#3345,#3341,#1672,.T.);
#4247=EDGE_CURVE('',#3346,#3347,#1673,.T.);
#4248=EDGE_CURVE('',#3346,#3348,#1674,.T.);
#4249=EDGE_CURVE('',#3349,#3348,#1675,.T.);
#4250=EDGE_CURVE('',#3347,#3349,#1676,.T.);
#4251=EDGE_CURVE('',#3350,#3346,#1677,.T.);
#4252=EDGE_CURVE('',#3350,#3351,#1678,.T.);
#4253=EDGE_CURVE('',#3348,#3351,#1679,.T.);
#4254=EDGE_CURVE('',#3352,#3350,#1680,.T.);
#4255=EDGE_CURVE('',#3352,#3353,#1681,.T.);
#4256=EDGE_CURVE('',#3351,#3353,#1682,.T.);
#4257=EDGE_CURVE('',#3347,#3352,#1683,.T.);
#4258=EDGE_CURVE('',#3353,#3349,#1684,.T.);
#4259=EDGE_CURVE('',#3354,#3355,#1685,.T.);
#4260=EDGE_CURVE('',#3354,#3356,#1686,.T.);
#4261=EDGE_CURVE('',#3357,#3356,#1687,.T.);
#4262=EDGE_CURVE('',#3355,#3357,#1688,.T.);
#4263=EDGE_CURVE('',#3358,#3354,#1689,.T.);
#4264=EDGE_CURVE('',#3358,#3359,#1690,.T.);
#4265=EDGE_CURVE('',#3356,#3359,#1691,.T.);
#4266=EDGE_CURVE('',#3360,#3358,#1692,.T.);
#4267=EDGE_CURVE('',#3360,#3361,#1693,.T.);
#4268=EDGE_CURVE('',#3359,#3361,#1694,.T.);
#4269=EDGE_CURVE('',#3355,#3360,#1695,.T.);
#4270=EDGE_CURVE('',#3361,#3357,#1696,.T.);
#4271=EDGE_CURVE('',#3362,#3363,#1697,.T.);
#4272=EDGE_CURVE('',#3362,#3364,#1698,.T.);
#4273=EDGE_CURVE('',#3365,#3364,#1699,.T.);
#4274=EDGE_CURVE('',#3363,#3365,#1700,.T.);
#4275=EDGE_CURVE('',#3366,#3362,#1701,.T.);
#4276=EDGE_CURVE('',#3366,#3367,#1702,.T.);
#4277=EDGE_CURVE('',#3364,#3367,#1703,.T.);
#4278=EDGE_CURVE('',#3368,#3366,#1704,.T.);
#4279=EDGE_CURVE('',#3368,#3369,#1705,.T.);
#4280=EDGE_CURVE('',#3367,#3369,#1706,.T.);
#4281=EDGE_CURVE('',#3363,#3368,#1707,.T.);
#4282=EDGE_CURVE('',#3369,#3365,#1708,.T.);
#4283=EDGE_CURVE('',#3370,#3371,#1709,.T.);
#4284=EDGE_CURVE('',#3370,#3372,#1710,.T.);
#4285=EDGE_CURVE('',#3373,#3372,#1711,.T.);
#4286=EDGE_CURVE('',#3371,#3373,#1712,.T.);
#4287=EDGE_CURVE('',#3374,#3370,#1713,.T.);
#4288=EDGE_CURVE('',#3374,#3375,#1714,.T.);
#4289=EDGE_CURVE('',#3372,#3375,#1715,.T.);
#4290=EDGE_CURVE('',#3376,#3374,#1716,.T.);
#4291=EDGE_CURVE('',#3376,#3377,#1717,.T.);
#4292=EDGE_CURVE('',#3375,#3377,#1718,.T.);
#4293=EDGE_CURVE('',#3371,#3376,#1719,.T.);
#4294=EDGE_CURVE('',#3377,#3373,#1720,.T.);
#4295=EDGE_CURVE('',#3378,#3379,#1721,.T.);
#4296=EDGE_CURVE('',#3378,#3380,#1722,.T.);
#4297=EDGE_CURVE('',#3381,#3380,#1723,.T.);
#4298=EDGE_CURVE('',#3379,#3381,#1724,.T.);
#4299=EDGE_CURVE('',#3382,#3378,#1725,.T.);
#4300=EDGE_CURVE('',#3382,#3383,#1726,.T.);
#4301=EDGE_CURVE('',#3380,#3383,#1727,.T.);
#4302=EDGE_CURVE('',#3384,#3382,#1728,.T.);
#4303=EDGE_CURVE('',#3384,#3385,#1729,.T.);
#4304=EDGE_CURVE('',#3383,#3385,#1730,.T.);
#4305=EDGE_CURVE('',#3379,#3384,#1731,.T.);
#4306=EDGE_CURVE('',#3385,#3381,#1732,.T.);
#4307=EDGE_CURVE('',#3386,#3387,#1733,.T.);
#4308=EDGE_CURVE('',#3386,#3388,#1734,.T.);
#4309=EDGE_CURVE('',#3389,#3388,#1735,.T.);
#4310=EDGE_CURVE('',#3387,#3389,#1736,.T.);
#4311=EDGE_CURVE('',#3390,#3386,#1737,.T.);
#4312=EDGE_CURVE('',#3390,#3391,#1738,.T.);
#4313=EDGE_CURVE('',#3388,#3391,#1739,.T.);
#4314=EDGE_CURVE('',#3392,#3390,#1740,.T.);
#4315=EDGE_CURVE('',#3392,#3393,#1741,.T.);
#4316=EDGE_CURVE('',#3391,#3393,#1742,.T.);
#4317=EDGE_CURVE('',#3387,#3392,#1743,.T.);
#4318=EDGE_CURVE('',#3393,#3389,#1744,.T.);
#4319=EDGE_CURVE('',#3394,#3395,#1745,.T.);
#4320=EDGE_CURVE('',#3394,#3396,#1746,.T.);
#4321=EDGE_CURVE('',#3397,#3396,#1747,.T.);
#4322=EDGE_CURVE('',#3395,#3397,#1748,.T.);
#4323=EDGE_CURVE('',#3398,#3394,#1749,.T.);
#4324=EDGE_CURVE('',#3398,#3399,#1750,.T.);
#4325=EDGE_CURVE('',#3396,#3399,#1751,.T.);
#4326=EDGE_CURVE('',#3400,#3398,#1752,.T.);
#4327=EDGE_CURVE('',#3400,#3401,#1753,.T.);
#4328=EDGE_CURVE('',#3399,#3401,#1754,.T.);
#4329=EDGE_CURVE('',#3395,#3400,#1755,.T.);
#4330=EDGE_CURVE('',#3401,#3397,#1756,.T.);
#4331=EDGE_CURVE('',#3402,#3403,#1757,.T.);
#4332=EDGE_CURVE('',#3402,#3404,#1758,.T.);
#4333=EDGE_CURVE('',#3405,#3404,#1759,.T.);
#4334=EDGE_CURVE('',#3403,#3405,#1760,.T.);
#4335=EDGE_CURVE('',#3406,#3402,#1761,.T.);
#4336=EDGE_CURVE('',#3406,#3407,#1762,.T.);
#4337=EDGE_CURVE('',#3404,#3407,#1763,.T.);
#4338=EDGE_CURVE('',#3408,#3406,#1764,.T.);
#4339=EDGE_CURVE('',#3408,#3409,#1765,.T.);
#4340=EDGE_CURVE('',#3407,#3409,#1766,.T.);
#4341=EDGE_CURVE('',#3403,#3408,#1767,.T.);
#4342=EDGE_CURVE('',#3409,#3405,#1768,.T.);
#4343=EDGE_CURVE('',#3410,#3411,#1769,.T.);
#4344=EDGE_CURVE('',#3410,#3412,#1770,.T.);
#4345=EDGE_CURVE('',#3413,#3412,#1771,.T.);
#4346=EDGE_CURVE('',#3411,#3413,#1772,.T.);
#4347=EDGE_CURVE('',#3414,#3410,#1773,.T.);
#4348=EDGE_CURVE('',#3414,#3415,#1774,.T.);
#4349=EDGE_CURVE('',#3412,#3415,#1775,.T.);
#4350=EDGE_CURVE('',#3416,#3414,#1776,.T.);
#4351=EDGE_CURVE('',#3416,#3417,#1777,.T.);
#4352=EDGE_CURVE('',#3415,#3417,#1778,.T.);
#4353=EDGE_CURVE('',#3411,#3416,#1779,.T.);
#4354=EDGE_CURVE('',#3417,#3413,#1780,.T.);
#4355=EDGE_CURVE('',#3418,#3419,#1781,.T.);
#4356=EDGE_CURVE('',#3418,#3420,#1782,.T.);
#4357=EDGE_CURVE('',#3421,#3420,#1783,.T.);
#4358=EDGE_CURVE('',#3419,#3421,#1784,.T.);
#4359=EDGE_CURVE('',#3422,#3418,#1785,.T.);
#4360=EDGE_CURVE('',#3422,#3423,#1786,.T.);
#4361=EDGE_CURVE('',#3420,#3423,#1787,.T.);
#4362=EDGE_CURVE('',#3424,#3422,#1788,.T.);
#4363=EDGE_CURVE('',#3424,#3425,#1789,.T.);
#4364=EDGE_CURVE('',#3423,#3425,#1790,.T.);
#4365=EDGE_CURVE('',#3419,#3424,#1791,.T.);
#4366=EDGE_CURVE('',#3425,#3421,#1792,.T.);
#4367=EDGE_CURVE('',#3426,#3427,#1793,.T.);
#4368=EDGE_CURVE('',#3426,#3428,#1794,.T.);
#4369=EDGE_CURVE('',#3429,#3428,#1795,.T.);
#4370=EDGE_CURVE('',#3427,#3429,#1796,.T.);
#4371=EDGE_CURVE('',#3430,#3426,#1797,.T.);
#4372=EDGE_CURVE('',#3430,#3431,#1798,.T.);
#4373=EDGE_CURVE('',#3428,#3431,#1799,.T.);
#4374=EDGE_CURVE('',#3432,#3430,#1800,.T.);
#4375=EDGE_CURVE('',#3432,#3433,#1801,.T.);
#4376=EDGE_CURVE('',#3431,#3433,#1802,.T.);
#4377=EDGE_CURVE('',#3427,#3432,#1803,.T.);
#4378=EDGE_CURVE('',#3433,#3429,#1804,.T.);
#4379=EDGE_CURVE('',#3434,#3435,#1805,.T.);
#4380=EDGE_CURVE('',#3434,#3436,#1806,.T.);
#4381=EDGE_CURVE('',#3437,#3436,#1807,.T.);
#4382=EDGE_CURVE('',#3435,#3437,#1808,.T.);
#4383=EDGE_CURVE('',#3438,#3434,#1809,.T.);
#4384=EDGE_CURVE('',#3438,#3439,#1810,.T.);
#4385=EDGE_CURVE('',#3436,#3439,#1811,.T.);
#4386=EDGE_CURVE('',#3440,#3438,#1812,.T.);
#4387=EDGE_CURVE('',#3440,#3441,#1813,.T.);
#4388=EDGE_CURVE('',#3439,#3441,#1814,.T.);
#4389=EDGE_CURVE('',#3435,#3440,#1815,.T.);
#4390=EDGE_CURVE('',#3441,#3437,#1816,.T.);
#4391=EDGE_CURVE('',#3442,#3334,#1817,.T.);
#4392=EDGE_CURVE('',#3442,#3443,#1818,.T.);
#4393=EDGE_CURVE('',#3335,#3443,#1819,.T.);
#4394=EDGE_CURVE('',#3337,#3444,#1820,.T.);
#4395=EDGE_CURVE('',#3445,#3336,#1821,.T.);
#4396=EDGE_CURVE('',#3444,#3445,#1822,.T.);
#4397=EDGE_CURVE('',#3444,#3442,#1823,.T.);
#4398=EDGE_CURVE('',#3443,#3445,#1824,.T.);
#4399=EDGE_CURVE('',#3446,#3446,#2824,.T.);
#4400=EDGE_CURVE('',#3447,#3446,#1825,.T.);
#4401=EDGE_CURVE('',#3447,#3447,#2825,.T.);
#4402=EDGE_CURVE('',#3448,#3449,#1826,.T.);
#4403=EDGE_CURVE('',#3449,#3450,#1827,.T.);
#4404=EDGE_CURVE('',#3451,#3450,#1828,.T.);
#4405=EDGE_CURVE('',#3448,#3451,#1829,.T.);
#4406=EDGE_CURVE('',#3452,#3448,#1830,.T.);
#4407=EDGE_CURVE('',#3453,#3451,#1831,.T.);
#4408=EDGE_CURVE('',#3452,#3453,#1832,.T.);
#4409=EDGE_CURVE('',#3454,#3452,#1833,.T.);
#4410=EDGE_CURVE('',#3455,#3453,#1834,.T.);
#4411=EDGE_CURVE('',#3454,#3455,#1835,.T.);
#4412=EDGE_CURVE('',#3449,#3454,#1836,.T.);
#4413=EDGE_CURVE('',#3450,#3455,#1837,.T.);
#4414=EDGE_CURVE('',#3456,#3456,#2826,.T.);
#4415=EDGE_CURVE('',#3457,#3457,#2827,.T.);
#4416=EDGE_CURVE('',#3458,#3459,#1838,.T.);
#4417=EDGE_CURVE('',#3459,#3460,#1839,.T.);
#4418=EDGE_CURVE('',#3461,#3460,#1840,.T.);
#4419=EDGE_CURVE('',#3458,#3461,#1841,.T.);
#4420=EDGE_CURVE('',#3462,#3458,#1842,.T.);
#4421=EDGE_CURVE('',#3463,#3461,#1843,.T.);
#4422=EDGE_CURVE('',#3462,#3463,#1844,.T.);
#4423=EDGE_CURVE('',#3464,#3462,#1845,.T.);
#4424=EDGE_CURVE('',#3465,#3463,#1846,.T.);
#4425=EDGE_CURVE('',#3464,#3465,#1847,.T.);
#4426=EDGE_CURVE('',#3466,#3464,#1848,.T.);
#4427=EDGE_CURVE('',#3467,#3465,#1849,.T.);
#4428=EDGE_CURVE('',#3466,#3467,#1850,.T.);
#4429=EDGE_CURVE('',#3468,#3466,#1851,.T.);
#4430=EDGE_CURVE('',#3469,#3467,#1852,.T.);
#4431=EDGE_CURVE('',#3468,#3469,#1853,.T.);
#4432=EDGE_CURVE('',#3470,#3468,#1854,.T.);
#4433=EDGE_CURVE('',#3471,#3469,#1855,.T.);
#4434=EDGE_CURVE('',#3470,#3471,#1856,.T.);
#4435=EDGE_CURVE('',#3472,#3470,#1857,.T.);
#4436=EDGE_CURVE('',#3473,#3471,#1858,.T.);
#4437=EDGE_CURVE('',#3472,#3473,#1859,.T.);
#4438=EDGE_CURVE('',#3459,#3472,#1860,.T.);
#4439=EDGE_CURVE('',#3460,#3473,#1861,.T.);
#4440=ORIENTED_EDGE('',*,*,#3474,.F.);
#4441=ORIENTED_EDGE('',*,*,#3475,.T.);
#4442=ORIENTED_EDGE('',*,*,#3476,.F.);
#4443=ORIENTED_EDGE('',*,*,#3477,.F.);
#4444=ORIENTED_EDGE('',*,*,#3478,.F.);
#4445=ORIENTED_EDGE('',*,*,#3477,.T.);
#4446=ORIENTED_EDGE('',*,*,#3479,.F.);
#4447=ORIENTED_EDGE('',*,*,#3480,.F.);
#4448=ORIENTED_EDGE('',*,*,#3481,.F.);
#4449=ORIENTED_EDGE('',*,*,#3480,.T.);
#4450=ORIENTED_EDGE('',*,*,#3482,.F.);
#4451=ORIENTED_EDGE('',*,*,#3483,.F.);
#4452=ORIENTED_EDGE('',*,*,#3484,.F.);
#4453=ORIENTED_EDGE('',*,*,#3483,.T.);
#4454=ORIENTED_EDGE('',*,*,#3485,.F.);
#4455=ORIENTED_EDGE('',*,*,#3486,.F.);
#4456=ORIENTED_EDGE('',*,*,#3487,.F.);
#4457=ORIENTED_EDGE('',*,*,#3486,.T.);
#4458=ORIENTED_EDGE('',*,*,#3488,.F.);
#4459=ORIENTED_EDGE('',*,*,#3489,.F.);
#4460=ORIENTED_EDGE('',*,*,#3490,.F.);
#4461=ORIENTED_EDGE('',*,*,#3489,.T.);
#4462=ORIENTED_EDGE('',*,*,#3491,.F.);
#4463=ORIENTED_EDGE('',*,*,#3492,.F.);
#4464=ORIENTED_EDGE('',*,*,#3493,.F.);
#4465=ORIENTED_EDGE('',*,*,#3492,.T.);
#4466=ORIENTED_EDGE('',*,*,#3494,.F.);
#4467=ORIENTED_EDGE('',*,*,#3495,.F.);
#4468=ORIENTED_EDGE('',*,*,#3496,.F.);
#4469=ORIENTED_EDGE('',*,*,#3495,.T.);
#4470=ORIENTED_EDGE('',*,*,#3497,.F.);
#4471=ORIENTED_EDGE('',*,*,#3498,.F.);
#4472=ORIENTED_EDGE('',*,*,#3499,.F.);
#4473=ORIENTED_EDGE('',*,*,#3498,.T.);
#4474=ORIENTED_EDGE('',*,*,#3500,.F.);
#4475=ORIENTED_EDGE('',*,*,#3501,.F.);
#4476=ORIENTED_EDGE('',*,*,#3502,.F.);
#4477=ORIENTED_EDGE('',*,*,#3501,.T.);
#4478=ORIENTED_EDGE('',*,*,#3503,.F.);
#4479=ORIENTED_EDGE('',*,*,#3504,.F.);
#4480=ORIENTED_EDGE('',*,*,#3505,.F.);
#4481=ORIENTED_EDGE('',*,*,#3504,.T.);
#4482=ORIENTED_EDGE('',*,*,#3506,.F.);
#4483=ORIENTED_EDGE('',*,*,#3507,.F.);
#4484=ORIENTED_EDGE('',*,*,#3508,.F.);
#4485=ORIENTED_EDGE('',*,*,#3507,.T.);
#4486=ORIENTED_EDGE('',*,*,#3509,.F.);
#4487=ORIENTED_EDGE('',*,*,#3510,.F.);
#4488=ORIENTED_EDGE('',*,*,#3511,.F.);
#4489=ORIENTED_EDGE('',*,*,#3510,.T.);
#4490=ORIENTED_EDGE('',*,*,#3512,.F.);
#4491=ORIENTED_EDGE('',*,*,#3513,.F.);
#4492=ORIENTED_EDGE('',*,*,#3514,.F.);
#4493=ORIENTED_EDGE('',*,*,#3513,.T.);
#4494=ORIENTED_EDGE('',*,*,#3515,.F.);
#4495=ORIENTED_EDGE('',*,*,#3516,.F.);
#4496=ORIENTED_EDGE('',*,*,#3517,.F.);
#4497=ORIENTED_EDGE('',*,*,#3516,.T.);
#4498=ORIENTED_EDGE('',*,*,#3518,.F.);
#4499=ORIENTED_EDGE('',*,*,#3519,.F.);
#4500=ORIENTED_EDGE('',*,*,#3520,.F.);
#4501=ORIENTED_EDGE('',*,*,#3519,.T.);
#4502=ORIENTED_EDGE('',*,*,#3521,.F.);
#4503=ORIENTED_EDGE('',*,*,#3522,.F.);
#4504=ORIENTED_EDGE('',*,*,#3523,.F.);
#4505=ORIENTED_EDGE('',*,*,#3522,.T.);
#4506=ORIENTED_EDGE('',*,*,#3524,.F.);
#4507=ORIENTED_EDGE('',*,*,#3525,.F.);
#4508=ORIENTED_EDGE('',*,*,#3526,.F.);
#4509=ORIENTED_EDGE('',*,*,#3525,.T.);
#4510=ORIENTED_EDGE('',*,*,#3527,.F.);
#4511=ORIENTED_EDGE('',*,*,#3528,.F.);
#4512=ORIENTED_EDGE('',*,*,#3529,.F.);
#4513=ORIENTED_EDGE('',*,*,#3528,.T.);
#4514=ORIENTED_EDGE('',*,*,#3530,.F.);
#4515=ORIENTED_EDGE('',*,*,#3531,.F.);
#4516=ORIENTED_EDGE('',*,*,#3532,.F.);
#4517=ORIENTED_EDGE('',*,*,#3531,.T.);
#4518=ORIENTED_EDGE('',*,*,#3533,.F.);
#4519=ORIENTED_EDGE('',*,*,#3475,.F.);
#4520=ORIENTED_EDGE('',*,*,#3532,.T.);
#4521=ORIENTED_EDGE('',*,*,#3474,.T.);
#4522=ORIENTED_EDGE('',*,*,#3478,.T.);
#4523=ORIENTED_EDGE('',*,*,#3481,.T.);
#4524=ORIENTED_EDGE('',*,*,#3484,.T.);
#4525=ORIENTED_EDGE('',*,*,#3487,.T.);
#4526=ORIENTED_EDGE('',*,*,#3490,.T.);
#4527=ORIENTED_EDGE('',*,*,#3493,.T.);
#4528=ORIENTED_EDGE('',*,*,#3496,.T.);
#4529=ORIENTED_EDGE('',*,*,#3499,.T.);
#4530=ORIENTED_EDGE('',*,*,#3502,.T.);
#4531=ORIENTED_EDGE('',*,*,#3505,.T.);
#4532=ORIENTED_EDGE('',*,*,#3508,.T.);
#4533=ORIENTED_EDGE('',*,*,#3511,.T.);
#4534=ORIENTED_EDGE('',*,*,#3514,.T.);
#4535=ORIENTED_EDGE('',*,*,#3517,.T.);
#4536=ORIENTED_EDGE('',*,*,#3520,.T.);
#4537=ORIENTED_EDGE('',*,*,#3523,.T.);
#4538=ORIENTED_EDGE('',*,*,#3526,.T.);
#4539=ORIENTED_EDGE('',*,*,#3529,.T.);
#4540=ORIENTED_EDGE('',*,*,#3533,.T.);
#4541=ORIENTED_EDGE('',*,*,#3530,.T.);
#4542=ORIENTED_EDGE('',*,*,#3527,.T.);
#4543=ORIENTED_EDGE('',*,*,#3524,.T.);
#4544=ORIENTED_EDGE('',*,*,#3521,.T.);
#4545=ORIENTED_EDGE('',*,*,#3518,.T.);
#4546=ORIENTED_EDGE('',*,*,#3515,.T.);
#4547=ORIENTED_EDGE('',*,*,#3512,.T.);
#4548=ORIENTED_EDGE('',*,*,#3509,.T.);
#4549=ORIENTED_EDGE('',*,*,#3506,.T.);
#4550=ORIENTED_EDGE('',*,*,#3503,.T.);
#4551=ORIENTED_EDGE('',*,*,#3500,.T.);
#4552=ORIENTED_EDGE('',*,*,#3497,.T.);
#4553=ORIENTED_EDGE('',*,*,#3494,.T.);
#4554=ORIENTED_EDGE('',*,*,#3491,.T.);
#4555=ORIENTED_EDGE('',*,*,#3488,.T.);
#4556=ORIENTED_EDGE('',*,*,#3485,.T.);
#4557=ORIENTED_EDGE('',*,*,#3482,.T.);
#4558=ORIENTED_EDGE('',*,*,#3479,.T.);
#4559=ORIENTED_EDGE('',*,*,#3476,.T.);
#4560=ORIENTED_EDGE('',*,*,#3534,.F.);
#4561=ORIENTED_EDGE('',*,*,#3535,.T.);
#4562=ORIENTED_EDGE('',*,*,#3536,.F.);
#4563=ORIENTED_EDGE('',*,*,#3537,.F.);
#4564=ORIENTED_EDGE('',*,*,#3538,.F.);
#4565=ORIENTED_EDGE('',*,*,#3537,.T.);
#4566=ORIENTED_EDGE('',*,*,#3539,.F.);
#4567=ORIENTED_EDGE('',*,*,#3540,.F.);
#4568=ORIENTED_EDGE('',*,*,#3541,.F.);
#4569=ORIENTED_EDGE('',*,*,#3540,.T.);
#4570=ORIENTED_EDGE('',*,*,#3542,.F.);
#4571=ORIENTED_EDGE('',*,*,#3543,.F.);
#4572=ORIENTED_EDGE('',*,*,#3544,.F.);
#4573=ORIENTED_EDGE('',*,*,#3543,.T.);
#4574=ORIENTED_EDGE('',*,*,#3545,.F.);
#4575=ORIENTED_EDGE('',*,*,#3546,.F.);
#4576=ORIENTED_EDGE('',*,*,#3547,.F.);
#4577=ORIENTED_EDGE('',*,*,#3546,.T.);
#4578=ORIENTED_EDGE('',*,*,#3548,.F.);
#4579=ORIENTED_EDGE('',*,*,#3549,.F.);
#4580=ORIENTED_EDGE('',*,*,#3550,.F.);
#4581=ORIENTED_EDGE('',*,*,#3549,.T.);
#4582=ORIENTED_EDGE('',*,*,#3551,.F.);
#4583=ORIENTED_EDGE('',*,*,#3552,.F.);
#4584=ORIENTED_EDGE('',*,*,#3553,.F.);
#4585=ORIENTED_EDGE('',*,*,#3552,.T.);
#4586=ORIENTED_EDGE('',*,*,#3554,.F.);
#4587=ORIENTED_EDGE('',*,*,#3555,.F.);
#4588=ORIENTED_EDGE('',*,*,#3556,.F.);
#4589=ORIENTED_EDGE('',*,*,#3555,.T.);
#4590=ORIENTED_EDGE('',*,*,#3557,.F.);
#4591=ORIENTED_EDGE('',*,*,#3558,.F.);
#4592=ORIENTED_EDGE('',*,*,#3559,.F.);
#4593=ORIENTED_EDGE('',*,*,#3558,.T.);
#4594=ORIENTED_EDGE('',*,*,#3560,.F.);
#4595=ORIENTED_EDGE('',*,*,#3561,.F.);
#4596=ORIENTED_EDGE('',*,*,#3562,.F.);
#4597=ORIENTED_EDGE('',*,*,#3561,.T.);
#4598=ORIENTED_EDGE('',*,*,#3563,.F.);
#4599=ORIENTED_EDGE('',*,*,#3564,.F.);
#4600=ORIENTED_EDGE('',*,*,#3565,.F.);
#4601=ORIENTED_EDGE('',*,*,#3564,.T.);
#4602=ORIENTED_EDGE('',*,*,#3566,.F.);
#4603=ORIENTED_EDGE('',*,*,#3567,.F.);
#4604=ORIENTED_EDGE('',*,*,#3568,.F.);
#4605=ORIENTED_EDGE('',*,*,#3567,.T.);
#4606=ORIENTED_EDGE('',*,*,#3569,.F.);
#4607=ORIENTED_EDGE('',*,*,#3570,.F.);
#4608=ORIENTED_EDGE('',*,*,#3571,.F.);
#4609=ORIENTED_EDGE('',*,*,#3570,.T.);
#4610=ORIENTED_EDGE('',*,*,#3572,.F.);
#4611=ORIENTED_EDGE('',*,*,#3535,.F.);
#4612=ORIENTED_EDGE('',*,*,#3571,.T.);
#4613=ORIENTED_EDGE('',*,*,#3534,.T.);
#4614=ORIENTED_EDGE('',*,*,#3538,.T.);
#4615=ORIENTED_EDGE('',*,*,#3541,.T.);
#4616=ORIENTED_EDGE('',*,*,#3544,.T.);
#4617=ORIENTED_EDGE('',*,*,#3547,.T.);
#4618=ORIENTED_EDGE('',*,*,#3550,.T.);
#4619=ORIENTED_EDGE('',*,*,#3553,.T.);
#4620=ORIENTED_EDGE('',*,*,#3556,.T.);
#4621=ORIENTED_EDGE('',*,*,#3559,.T.);
#4622=ORIENTED_EDGE('',*,*,#3562,.T.);
#4623=ORIENTED_EDGE('',*,*,#3565,.T.);
#4624=ORIENTED_EDGE('',*,*,#3568,.T.);
#4625=ORIENTED_EDGE('',*,*,#3572,.T.);
#4626=ORIENTED_EDGE('',*,*,#3569,.T.);
#4627=ORIENTED_EDGE('',*,*,#3566,.T.);
#4628=ORIENTED_EDGE('',*,*,#3563,.T.);
#4629=ORIENTED_EDGE('',*,*,#3560,.T.);
#4630=ORIENTED_EDGE('',*,*,#3557,.T.);
#4631=ORIENTED_EDGE('',*,*,#3554,.T.);
#4632=ORIENTED_EDGE('',*,*,#3551,.T.);
#4633=ORIENTED_EDGE('',*,*,#3548,.T.);
#4634=ORIENTED_EDGE('',*,*,#3545,.T.);
#4635=ORIENTED_EDGE('',*,*,#3542,.T.);
#4636=ORIENTED_EDGE('',*,*,#3539,.T.);
#4637=ORIENTED_EDGE('',*,*,#3536,.T.);
#4638=ORIENTED_EDGE('',*,*,#3573,.F.);
#4639=ORIENTED_EDGE('',*,*,#3574,.T.);
#4640=ORIENTED_EDGE('',*,*,#3575,.F.);
#4641=ORIENTED_EDGE('',*,*,#3576,.F.);
#4642=ORIENTED_EDGE('',*,*,#3577,.F.);
#4643=ORIENTED_EDGE('',*,*,#3576,.T.);
#4644=ORIENTED_EDGE('',*,*,#3578,.F.);
#4645=ORIENTED_EDGE('',*,*,#3579,.F.);
#4646=ORIENTED_EDGE('',*,*,#3580,.F.);
#4647=ORIENTED_EDGE('',*,*,#3579,.T.);
#4648=ORIENTED_EDGE('',*,*,#3581,.F.);
#4649=ORIENTED_EDGE('',*,*,#3582,.F.);
#4650=ORIENTED_EDGE('',*,*,#3583,.F.);
#4651=ORIENTED_EDGE('',*,*,#3582,.T.);
#4652=ORIENTED_EDGE('',*,*,#3584,.F.);
#4653=ORIENTED_EDGE('',*,*,#3585,.F.);
#4654=ORIENTED_EDGE('',*,*,#3586,.F.);
#4655=ORIENTED_EDGE('',*,*,#3585,.T.);
#4656=ORIENTED_EDGE('',*,*,#3587,.F.);
#4657=ORIENTED_EDGE('',*,*,#3588,.F.);
#4658=ORIENTED_EDGE('',*,*,#3589,.F.);
#4659=ORIENTED_EDGE('',*,*,#3588,.T.);
#4660=ORIENTED_EDGE('',*,*,#3590,.F.);
#4661=ORIENTED_EDGE('',*,*,#3591,.F.);
#4662=ORIENTED_EDGE('',*,*,#3592,.F.);
#4663=ORIENTED_EDGE('',*,*,#3591,.T.);
#4664=ORIENTED_EDGE('',*,*,#3593,.F.);
#4665=ORIENTED_EDGE('',*,*,#3594,.F.);
#4666=ORIENTED_EDGE('',*,*,#3595,.F.);
#4667=ORIENTED_EDGE('',*,*,#3594,.T.);
#4668=ORIENTED_EDGE('',*,*,#3596,.F.);
#4669=ORIENTED_EDGE('',*,*,#3597,.F.);
#4670=ORIENTED_EDGE('',*,*,#3598,.F.);
#4671=ORIENTED_EDGE('',*,*,#3597,.T.);
#4672=ORIENTED_EDGE('',*,*,#3599,.F.);
#4673=ORIENTED_EDGE('',*,*,#3600,.F.);
#4674=ORIENTED_EDGE('',*,*,#3601,.F.);
#4675=ORIENTED_EDGE('',*,*,#3600,.T.);
#4676=ORIENTED_EDGE('',*,*,#3602,.F.);
#4677=ORIENTED_EDGE('',*,*,#3603,.F.);
#4678=ORIENTED_EDGE('',*,*,#3604,.F.);
#4679=ORIENTED_EDGE('',*,*,#3603,.T.);
#4680=ORIENTED_EDGE('',*,*,#3605,.F.);
#4681=ORIENTED_EDGE('',*,*,#3606,.F.);
#4682=ORIENTED_EDGE('',*,*,#3607,.F.);
#4683=ORIENTED_EDGE('',*,*,#3606,.T.);
#4684=ORIENTED_EDGE('',*,*,#3608,.F.);
#4685=ORIENTED_EDGE('',*,*,#3609,.F.);
#4686=ORIENTED_EDGE('',*,*,#3610,.F.);
#4687=ORIENTED_EDGE('',*,*,#3609,.T.);
#4688=ORIENTED_EDGE('',*,*,#3611,.F.);
#4689=ORIENTED_EDGE('',*,*,#3574,.F.);
#4690=ORIENTED_EDGE('',*,*,#3610,.T.);
#4691=ORIENTED_EDGE('',*,*,#3573,.T.);
#4692=ORIENTED_EDGE('',*,*,#3577,.T.);
#4693=ORIENTED_EDGE('',*,*,#3580,.T.);
#4694=ORIENTED_EDGE('',*,*,#3583,.T.);
#4695=ORIENTED_EDGE('',*,*,#3586,.T.);
#4696=ORIENTED_EDGE('',*,*,#3589,.T.);
#4697=ORIENTED_EDGE('',*,*,#3592,.T.);
#4698=ORIENTED_EDGE('',*,*,#3595,.T.);
#4699=ORIENTED_EDGE('',*,*,#3598,.T.);
#4700=ORIENTED_EDGE('',*,*,#3601,.T.);
#4701=ORIENTED_EDGE('',*,*,#3604,.T.);
#4702=ORIENTED_EDGE('',*,*,#3607,.T.);
#4703=ORIENTED_EDGE('',*,*,#3611,.T.);
#4704=ORIENTED_EDGE('',*,*,#3608,.T.);
#4705=ORIENTED_EDGE('',*,*,#3605,.T.);
#4706=ORIENTED_EDGE('',*,*,#3602,.T.);
#4707=ORIENTED_EDGE('',*,*,#3599,.T.);
#4708=ORIENTED_EDGE('',*,*,#3596,.T.);
#4709=ORIENTED_EDGE('',*,*,#3593,.T.);
#4710=ORIENTED_EDGE('',*,*,#3590,.T.);
#4711=ORIENTED_EDGE('',*,*,#3587,.T.);
#4712=ORIENTED_EDGE('',*,*,#3584,.T.);
#4713=ORIENTED_EDGE('',*,*,#3581,.T.);
#4714=ORIENTED_EDGE('',*,*,#3578,.T.);
#4715=ORIENTED_EDGE('',*,*,#3575,.T.);
#4716=ORIENTED_EDGE('',*,*,#3612,.T.);
#4717=ORIENTED_EDGE('',*,*,#3613,.T.);
#4718=ORIENTED_EDGE('',*,*,#3614,.F.);
#4719=ORIENTED_EDGE('',*,*,#3615,.F.);
#4720=ORIENTED_EDGE('',*,*,#3616,.T.);
#4721=ORIENTED_EDGE('',*,*,#3615,.T.);
#4722=ORIENTED_EDGE('',*,*,#3617,.F.);
#4723=ORIENTED_EDGE('',*,*,#3618,.F.);
#4724=ORIENTED_EDGE('',*,*,#3619,.T.);
#4725=ORIENTED_EDGE('',*,*,#3618,.T.);
#4726=ORIENTED_EDGE('',*,*,#3620,.F.);
#4727=ORIENTED_EDGE('',*,*,#3621,.F.);
#4728=ORIENTED_EDGE('',*,*,#3622,.T.);
#4729=ORIENTED_EDGE('',*,*,#3621,.T.);
#4730=ORIENTED_EDGE('',*,*,#3623,.F.);
#4731=ORIENTED_EDGE('',*,*,#3624,.F.);
#4732=ORIENTED_EDGE('',*,*,#3625,.T.);
#4733=ORIENTED_EDGE('',*,*,#3624,.T.);
#4734=ORIENTED_EDGE('',*,*,#3626,.F.);
#4735=ORIENTED_EDGE('',*,*,#3627,.F.);
#4736=ORIENTED_EDGE('',*,*,#3628,.T.);
#4737=ORIENTED_EDGE('',*,*,#3627,.T.);
#4738=ORIENTED_EDGE('',*,*,#3629,.F.);
#4739=ORIENTED_EDGE('',*,*,#3630,.F.);
#4740=ORIENTED_EDGE('',*,*,#3631,.T.);
#4741=ORIENTED_EDGE('',*,*,#3630,.T.);
#4742=ORIENTED_EDGE('',*,*,#3632,.F.);
#4743=ORIENTED_EDGE('',*,*,#3633,.F.);
#4744=ORIENTED_EDGE('',*,*,#3634,.T.);
#4745=ORIENTED_EDGE('',*,*,#3633,.T.);
#4746=ORIENTED_EDGE('',*,*,#3635,.F.);
#4747=ORIENTED_EDGE('',*,*,#3636,.F.);
#4748=ORIENTED_EDGE('',*,*,#3637,.T.);
#4749=ORIENTED_EDGE('',*,*,#3636,.T.);
#4750=ORIENTED_EDGE('',*,*,#3638,.F.);
#4751=ORIENTED_EDGE('',*,*,#3639,.F.);
#4752=ORIENTED_EDGE('',*,*,#3640,.T.);
#4753=ORIENTED_EDGE('',*,*,#3639,.T.);
#4754=ORIENTED_EDGE('',*,*,#3641,.F.);
#4755=ORIENTED_EDGE('',*,*,#3642,.F.);
#4756=ORIENTED_EDGE('',*,*,#3643,.T.);
#4757=ORIENTED_EDGE('',*,*,#3642,.T.);
#4758=ORIENTED_EDGE('',*,*,#3644,.F.);
#4759=ORIENTED_EDGE('',*,*,#3645,.F.);
#4760=ORIENTED_EDGE('',*,*,#3646,.T.);
#4761=ORIENTED_EDGE('',*,*,#3645,.T.);
#4762=ORIENTED_EDGE('',*,*,#3647,.F.);
#4763=ORIENTED_EDGE('',*,*,#3648,.F.);
#4764=ORIENTED_EDGE('',*,*,#3649,.T.);
#4765=ORIENTED_EDGE('',*,*,#3648,.T.);
#4766=ORIENTED_EDGE('',*,*,#3650,.F.);
#4767=ORIENTED_EDGE('',*,*,#3651,.F.);
#4768=ORIENTED_EDGE('',*,*,#3652,.T.);
#4769=ORIENTED_EDGE('',*,*,#3651,.T.);
#4770=ORIENTED_EDGE('',*,*,#3653,.F.);
#4771=ORIENTED_EDGE('',*,*,#3654,.F.);
#4772=ORIENTED_EDGE('',*,*,#3655,.T.);
#4773=ORIENTED_EDGE('',*,*,#3654,.T.);
#4774=ORIENTED_EDGE('',*,*,#3656,.F.);
#4775=ORIENTED_EDGE('',*,*,#3657,.F.);
#4776=ORIENTED_EDGE('',*,*,#3658,.T.);
#4777=ORIENTED_EDGE('',*,*,#3657,.T.);
#4778=ORIENTED_EDGE('',*,*,#3659,.F.);
#4779=ORIENTED_EDGE('',*,*,#3660,.F.);
#4780=ORIENTED_EDGE('',*,*,#3661,.T.);
#4781=ORIENTED_EDGE('',*,*,#3660,.T.);
#4782=ORIENTED_EDGE('',*,*,#3662,.F.);
#4783=ORIENTED_EDGE('',*,*,#3663,.F.);
#4784=ORIENTED_EDGE('',*,*,#3664,.T.);
#4785=ORIENTED_EDGE('',*,*,#3663,.T.);
#4786=ORIENTED_EDGE('',*,*,#3665,.F.);
#4787=ORIENTED_EDGE('',*,*,#3666,.F.);
#4788=ORIENTED_EDGE('',*,*,#3667,.T.);
#4789=ORIENTED_EDGE('',*,*,#3666,.T.);
#4790=ORIENTED_EDGE('',*,*,#3668,.F.);
#4791=ORIENTED_EDGE('',*,*,#3613,.F.);
#4792=ORIENTED_EDGE('',*,*,#3668,.T.);
#4793=ORIENTED_EDGE('',*,*,#3665,.T.);
#4794=ORIENTED_EDGE('',*,*,#3662,.T.);
#4795=ORIENTED_EDGE('',*,*,#3659,.T.);
#4796=ORIENTED_EDGE('',*,*,#3656,.T.);
#4797=ORIENTED_EDGE('',*,*,#3653,.T.);
#4798=ORIENTED_EDGE('',*,*,#3650,.T.);
#4799=ORIENTED_EDGE('',*,*,#3647,.T.);
#4800=ORIENTED_EDGE('',*,*,#3644,.T.);
#4801=ORIENTED_EDGE('',*,*,#3641,.T.);
#4802=ORIENTED_EDGE('',*,*,#3638,.T.);
#4803=ORIENTED_EDGE('',*,*,#3635,.T.);
#4804=ORIENTED_EDGE('',*,*,#3632,.T.);
#4805=ORIENTED_EDGE('',*,*,#3629,.T.);
#4806=ORIENTED_EDGE('',*,*,#3626,.T.);
#4807=ORIENTED_EDGE('',*,*,#3623,.T.);
#4808=ORIENTED_EDGE('',*,*,#3620,.T.);
#4809=ORIENTED_EDGE('',*,*,#3617,.T.);
#4810=ORIENTED_EDGE('',*,*,#3614,.T.);
#4811=ORIENTED_EDGE('',*,*,#3667,.F.);
#4812=ORIENTED_EDGE('',*,*,#3612,.F.);
#4813=ORIENTED_EDGE('',*,*,#3616,.F.);
#4814=ORIENTED_EDGE('',*,*,#3619,.F.);
#4815=ORIENTED_EDGE('',*,*,#3622,.F.);
#4816=ORIENTED_EDGE('',*,*,#3625,.F.);
#4817=ORIENTED_EDGE('',*,*,#3628,.F.);
#4818=ORIENTED_EDGE('',*,*,#3631,.F.);
#4819=ORIENTED_EDGE('',*,*,#3634,.F.);
#4820=ORIENTED_EDGE('',*,*,#3637,.F.);
#4821=ORIENTED_EDGE('',*,*,#3640,.F.);
#4822=ORIENTED_EDGE('',*,*,#3643,.F.);
#4823=ORIENTED_EDGE('',*,*,#3646,.F.);
#4824=ORIENTED_EDGE('',*,*,#3649,.F.);
#4825=ORIENTED_EDGE('',*,*,#3652,.F.);
#4826=ORIENTED_EDGE('',*,*,#3655,.F.);
#4827=ORIENTED_EDGE('',*,*,#3658,.F.);
#4828=ORIENTED_EDGE('',*,*,#3661,.F.);
#4829=ORIENTED_EDGE('',*,*,#3664,.F.);
#4830=ORIENTED_EDGE('',*,*,#3669,.F.);
#4831=ORIENTED_EDGE('',*,*,#3670,.F.);
#4832=ORIENTED_EDGE('',*,*,#3670,.T.);
#4833=ORIENTED_EDGE('',*,*,#3669,.T.);
#4834=ORIENTED_EDGE('',*,*,#3671,.F.);
#4835=ORIENTED_EDGE('',*,*,#3672,.F.);
#4836=ORIENTED_EDGE('',*,*,#3672,.T.);
#4837=ORIENTED_EDGE('',*,*,#3671,.T.);
#4838=ORIENTED_EDGE('',*,*,#3673,.T.);
#4839=ORIENTED_EDGE('',*,*,#3674,.T.);
#4840=ORIENTED_EDGE('',*,*,#3675,.F.);
#4841=ORIENTED_EDGE('',*,*,#3676,.F.);
#4842=ORIENTED_EDGE('',*,*,#3677,.T.);
#4843=ORIENTED_EDGE('',*,*,#3676,.T.);
#4844=ORIENTED_EDGE('',*,*,#3678,.F.);
#4845=ORIENTED_EDGE('',*,*,#3679,.F.);
#4846=ORIENTED_EDGE('',*,*,#3680,.T.);
#4847=ORIENTED_EDGE('',*,*,#3679,.T.);
#4848=ORIENTED_EDGE('',*,*,#3681,.F.);
#4849=ORIENTED_EDGE('',*,*,#3682,.F.);
#4850=ORIENTED_EDGE('',*,*,#3683,.T.);
#4851=ORIENTED_EDGE('',*,*,#3682,.T.);
#4852=ORIENTED_EDGE('',*,*,#3684,.F.);
#4853=ORIENTED_EDGE('',*,*,#3674,.F.);
#4854=ORIENTED_EDGE('',*,*,#3684,.T.);
#4855=ORIENTED_EDGE('',*,*,#3681,.T.);
#4856=ORIENTED_EDGE('',*,*,#3678,.T.);
#4857=ORIENTED_EDGE('',*,*,#3675,.T.);
#4858=ORIENTED_EDGE('',*,*,#3683,.F.);
#4859=ORIENTED_EDGE('',*,*,#3673,.F.);
#4860=ORIENTED_EDGE('',*,*,#3677,.F.);
#4861=ORIENTED_EDGE('',*,*,#3680,.F.);
#4862=ORIENTED_EDGE('',*,*,#3685,.F.);
#4863=ORIENTED_EDGE('',*,*,#3686,.T.);
#4864=ORIENTED_EDGE('',*,*,#3687,.F.);
#4865=ORIENTED_EDGE('',*,*,#3688,.F.);
#4866=ORIENTED_EDGE('',*,*,#3689,.F.);
#4867=ORIENTED_EDGE('',*,*,#3688,.T.);
#4868=ORIENTED_EDGE('',*,*,#3690,.F.);
#4869=ORIENTED_EDGE('',*,*,#3691,.F.);
#4870=ORIENTED_EDGE('',*,*,#3692,.F.);
#4871=ORIENTED_EDGE('',*,*,#3691,.T.);
#4872=ORIENTED_EDGE('',*,*,#3693,.F.);
#4873=ORIENTED_EDGE('',*,*,#3694,.F.);
#4874=ORIENTED_EDGE('',*,*,#3695,.F.);
#4875=ORIENTED_EDGE('',*,*,#3694,.T.);
#4876=ORIENTED_EDGE('',*,*,#3696,.F.);
#4877=ORIENTED_EDGE('',*,*,#3686,.F.);
#4878=ORIENTED_EDGE('',*,*,#3695,.T.);
#4879=ORIENTED_EDGE('',*,*,#3685,.T.);
#4880=ORIENTED_EDGE('',*,*,#3689,.T.);
#4881=ORIENTED_EDGE('',*,*,#3692,.T.);
#4882=ORIENTED_EDGE('',*,*,#3696,.T.);
#4883=ORIENTED_EDGE('',*,*,#3693,.T.);
#4884=ORIENTED_EDGE('',*,*,#3690,.T.);
#4885=ORIENTED_EDGE('',*,*,#3687,.T.);
#4886=ORIENTED_EDGE('',*,*,#3697,.F.);
#4887=ORIENTED_EDGE('',*,*,#3698,.T.);
#4888=ORIENTED_EDGE('',*,*,#3699,.F.);
#4889=ORIENTED_EDGE('',*,*,#3700,.F.);
#4890=ORIENTED_EDGE('',*,*,#3701,.F.);
#4891=ORIENTED_EDGE('',*,*,#3700,.T.);
#4892=ORIENTED_EDGE('',*,*,#3702,.F.);
#4893=ORIENTED_EDGE('',*,*,#3703,.F.);
#4894=ORIENTED_EDGE('',*,*,#3704,.F.);
#4895=ORIENTED_EDGE('',*,*,#3703,.T.);
#4896=ORIENTED_EDGE('',*,*,#3705,.F.);
#4897=ORIENTED_EDGE('',*,*,#3706,.F.);
#4898=ORIENTED_EDGE('',*,*,#3707,.F.);
#4899=ORIENTED_EDGE('',*,*,#3706,.T.);
#4900=ORIENTED_EDGE('',*,*,#3708,.F.);
#4901=ORIENTED_EDGE('',*,*,#3698,.F.);
#4902=ORIENTED_EDGE('',*,*,#3707,.T.);
#4903=ORIENTED_EDGE('',*,*,#3697,.T.);
#4904=ORIENTED_EDGE('',*,*,#3701,.T.);
#4905=ORIENTED_EDGE('',*,*,#3704,.T.);
#4906=ORIENTED_EDGE('',*,*,#3708,.T.);
#4907=ORIENTED_EDGE('',*,*,#3705,.T.);
#4908=ORIENTED_EDGE('',*,*,#3702,.T.);
#4909=ORIENTED_EDGE('',*,*,#3699,.T.);
#4910=ORIENTED_EDGE('',*,*,#3709,.F.);
#4911=ORIENTED_EDGE('',*,*,#3710,.T.);
#4912=ORIENTED_EDGE('',*,*,#3711,.F.);
#4913=ORIENTED_EDGE('',*,*,#3712,.F.);
#4914=ORIENTED_EDGE('',*,*,#3713,.F.);
#4915=ORIENTED_EDGE('',*,*,#3712,.T.);
#4916=ORIENTED_EDGE('',*,*,#3714,.F.);
#4917=ORIENTED_EDGE('',*,*,#3715,.F.);
#4918=ORIENTED_EDGE('',*,*,#3716,.F.);
#4919=ORIENTED_EDGE('',*,*,#3715,.T.);
#4920=ORIENTED_EDGE('',*,*,#3717,.F.);
#4921=ORIENTED_EDGE('',*,*,#3718,.F.);
#4922=ORIENTED_EDGE('',*,*,#3719,.F.);
#4923=ORIENTED_EDGE('',*,*,#3718,.T.);
#4924=ORIENTED_EDGE('',*,*,#3720,.F.);
#4925=ORIENTED_EDGE('',*,*,#3721,.F.);
#4926=ORIENTED_EDGE('',*,*,#3722,.F.);
#4927=ORIENTED_EDGE('',*,*,#3721,.T.);
#4928=ORIENTED_EDGE('',*,*,#3723,.F.);
#4929=ORIENTED_EDGE('',*,*,#3724,.F.);
#4930=ORIENTED_EDGE('',*,*,#3725,.F.);
#4931=ORIENTED_EDGE('',*,*,#3724,.T.);
#4932=ORIENTED_EDGE('',*,*,#3726,.F.);
#4933=ORIENTED_EDGE('',*,*,#3727,.F.);
#4934=ORIENTED_EDGE('',*,*,#3728,.F.);
#4935=ORIENTED_EDGE('',*,*,#3727,.T.);
#4936=ORIENTED_EDGE('',*,*,#3729,.F.);
#4937=ORIENTED_EDGE('',*,*,#3730,.F.);
#4938=ORIENTED_EDGE('',*,*,#3731,.F.);
#4939=ORIENTED_EDGE('',*,*,#3730,.T.);
#4940=ORIENTED_EDGE('',*,*,#3732,.F.);
#4941=ORIENTED_EDGE('',*,*,#3733,.F.);
#4942=ORIENTED_EDGE('',*,*,#3734,.F.);
#4943=ORIENTED_EDGE('',*,*,#3733,.T.);
#4944=ORIENTED_EDGE('',*,*,#3735,.F.);
#4945=ORIENTED_EDGE('',*,*,#3736,.F.);
#4946=ORIENTED_EDGE('',*,*,#3737,.F.);
#4947=ORIENTED_EDGE('',*,*,#3736,.T.);
#4948=ORIENTED_EDGE('',*,*,#3738,.F.);
#4949=ORIENTED_EDGE('',*,*,#3739,.F.);
#4950=ORIENTED_EDGE('',*,*,#3740,.F.);
#4951=ORIENTED_EDGE('',*,*,#3739,.T.);
#4952=ORIENTED_EDGE('',*,*,#3741,.F.);
#4953=ORIENTED_EDGE('',*,*,#3742,.F.);
#4954=ORIENTED_EDGE('',*,*,#3743,.F.);
#4955=ORIENTED_EDGE('',*,*,#3742,.T.);
#4956=ORIENTED_EDGE('',*,*,#3744,.F.);
#4957=ORIENTED_EDGE('',*,*,#3745,.F.);
#4958=ORIENTED_EDGE('',*,*,#3746,.F.);
#4959=ORIENTED_EDGE('',*,*,#3745,.T.);
#4960=ORIENTED_EDGE('',*,*,#3747,.F.);
#4961=ORIENTED_EDGE('',*,*,#3710,.F.);
#4962=ORIENTED_EDGE('',*,*,#3746,.T.);
#4963=ORIENTED_EDGE('',*,*,#3709,.T.);
#4964=ORIENTED_EDGE('',*,*,#3713,.T.);
#4965=ORIENTED_EDGE('',*,*,#3716,.T.);
#4966=ORIENTED_EDGE('',*,*,#3719,.T.);
#4967=ORIENTED_EDGE('',*,*,#3722,.T.);
#4968=ORIENTED_EDGE('',*,*,#3725,.T.);
#4969=ORIENTED_EDGE('',*,*,#3728,.T.);
#4970=ORIENTED_EDGE('',*,*,#3731,.T.);
#4971=ORIENTED_EDGE('',*,*,#3734,.T.);
#4972=ORIENTED_EDGE('',*,*,#3737,.T.);
#4973=ORIENTED_EDGE('',*,*,#3740,.T.);
#4974=ORIENTED_EDGE('',*,*,#3743,.T.);
#4975=ORIENTED_EDGE('',*,*,#3747,.T.);
#4976=ORIENTED_EDGE('',*,*,#3744,.T.);
#4977=ORIENTED_EDGE('',*,*,#3741,.T.);
#4978=ORIENTED_EDGE('',*,*,#3738,.T.);
#4979=ORIENTED_EDGE('',*,*,#3735,.T.);
#4980=ORIENTED_EDGE('',*,*,#3732,.T.);
#4981=ORIENTED_EDGE('',*,*,#3729,.T.);
#4982=ORIENTED_EDGE('',*,*,#3726,.T.);
#4983=ORIENTED_EDGE('',*,*,#3723,.T.);
#4984=ORIENTED_EDGE('',*,*,#3720,.T.);
#4985=ORIENTED_EDGE('',*,*,#3717,.T.);
#4986=ORIENTED_EDGE('',*,*,#3714,.T.);
#4987=ORIENTED_EDGE('',*,*,#3711,.T.);
#4988=ORIENTED_EDGE('',*,*,#3748,.F.);
#4989=ORIENTED_EDGE('',*,*,#3749,.T.);
#4990=ORIENTED_EDGE('',*,*,#3750,.F.);
#4991=ORIENTED_EDGE('',*,*,#3751,.F.);
#4992=ORIENTED_EDGE('',*,*,#3752,.F.);
#4993=ORIENTED_EDGE('',*,*,#3753,.T.);
#4994=ORIENTED_EDGE('',*,*,#3754,.F.);
#4995=ORIENTED_EDGE('',*,*,#3749,.F.);
#4996=ORIENTED_EDGE('',*,*,#3755,.F.);
#4997=ORIENTED_EDGE('',*,*,#3756,.T.);
#4998=ORIENTED_EDGE('',*,*,#3757,.F.);
#4999=ORIENTED_EDGE('',*,*,#3753,.F.);
#5000=ORIENTED_EDGE('',*,*,#3758,.F.);
#5001=ORIENTED_EDGE('',*,*,#3759,.T.);
#5002=ORIENTED_EDGE('',*,*,#3760,.F.);
#5003=ORIENTED_EDGE('',*,*,#3756,.F.);
#5004=ORIENTED_EDGE('',*,*,#3761,.F.);
#5005=ORIENTED_EDGE('',*,*,#3762,.T.);
#5006=ORIENTED_EDGE('',*,*,#3763,.F.);
#5007=ORIENTED_EDGE('',*,*,#3759,.F.);
#5008=ORIENTED_EDGE('',*,*,#3764,.F.);
#5009=ORIENTED_EDGE('',*,*,#3765,.T.);
#5010=ORIENTED_EDGE('',*,*,#3766,.F.);
#5011=ORIENTED_EDGE('',*,*,#3762,.F.);
#5012=ORIENTED_EDGE('',*,*,#3767,.F.);
#5013=ORIENTED_EDGE('',*,*,#3768,.T.);
#5014=ORIENTED_EDGE('',*,*,#3769,.F.);
#5015=ORIENTED_EDGE('',*,*,#3765,.F.);
#5016=ORIENTED_EDGE('',*,*,#3770,.F.);
#5017=ORIENTED_EDGE('',*,*,#3771,.T.);
#5018=ORIENTED_EDGE('',*,*,#3772,.F.);
#5019=ORIENTED_EDGE('',*,*,#3768,.F.);
#5020=ORIENTED_EDGE('',*,*,#3773,.F.);
#5021=ORIENTED_EDGE('',*,*,#3751,.T.);
#5022=ORIENTED_EDGE('',*,*,#3774,.F.);
#5023=ORIENTED_EDGE('',*,*,#3771,.F.);
#5024=ORIENTED_EDGE('',*,*,#3775,.T.);
#5025=ORIENTED_EDGE('',*,*,#3776,.T.);
#5026=ORIENTED_EDGE('',*,*,#3777,.F.);
#5027=ORIENTED_EDGE('',*,*,#3778,.F.);
#5028=ORIENTED_EDGE('',*,*,#3779,.T.);
#5029=ORIENTED_EDGE('',*,*,#3778,.T.);
#5030=ORIENTED_EDGE('',*,*,#3780,.F.);
#5031=ORIENTED_EDGE('',*,*,#3781,.F.);
#5032=ORIENTED_EDGE('',*,*,#3782,.T.);
#5033=ORIENTED_EDGE('',*,*,#3781,.T.);
#5034=ORIENTED_EDGE('',*,*,#3783,.F.);
#5035=ORIENTED_EDGE('',*,*,#3784,.F.);
#5036=ORIENTED_EDGE('',*,*,#3785,.T.);
#5037=ORIENTED_EDGE('',*,*,#3784,.T.);
#5038=ORIENTED_EDGE('',*,*,#3786,.F.);
#5039=ORIENTED_EDGE('',*,*,#3787,.F.);
#5040=ORIENTED_EDGE('',*,*,#3788,.T.);
#5041=ORIENTED_EDGE('',*,*,#3787,.T.);
#5042=ORIENTED_EDGE('',*,*,#3789,.F.);
#5043=ORIENTED_EDGE('',*,*,#3790,.F.);
#5044=ORIENTED_EDGE('',*,*,#3791,.T.);
#5045=ORIENTED_EDGE('',*,*,#3790,.T.);
#5046=ORIENTED_EDGE('',*,*,#3792,.F.);
#5047=ORIENTED_EDGE('',*,*,#3793,.F.);
#5048=ORIENTED_EDGE('',*,*,#3794,.T.);
#5049=ORIENTED_EDGE('',*,*,#3793,.T.);
#5050=ORIENTED_EDGE('',*,*,#3795,.F.);
#5051=ORIENTED_EDGE('',*,*,#3796,.F.);
#5052=ORIENTED_EDGE('',*,*,#3797,.T.);
#5053=ORIENTED_EDGE('',*,*,#3796,.T.);
#5054=ORIENTED_EDGE('',*,*,#3798,.F.);
#5055=ORIENTED_EDGE('',*,*,#3799,.F.);
#5056=ORIENTED_EDGE('',*,*,#3800,.T.);
#5057=ORIENTED_EDGE('',*,*,#3799,.T.);
#5058=ORIENTED_EDGE('',*,*,#3801,.F.);
#5059=ORIENTED_EDGE('',*,*,#3802,.F.);
#5060=ORIENTED_EDGE('',*,*,#3803,.T.);
#5061=ORIENTED_EDGE('',*,*,#3802,.T.);
#5062=ORIENTED_EDGE('',*,*,#3804,.F.);
#5063=ORIENTED_EDGE('',*,*,#3805,.F.);
#5064=ORIENTED_EDGE('',*,*,#3806,.T.);
#5065=ORIENTED_EDGE('',*,*,#3805,.T.);
#5066=ORIENTED_EDGE('',*,*,#3807,.F.);
#5067=ORIENTED_EDGE('',*,*,#3808,.F.);
#5068=ORIENTED_EDGE('',*,*,#3809,.T.);
#5069=ORIENTED_EDGE('',*,*,#3808,.T.);
#5070=ORIENTED_EDGE('',*,*,#3810,.F.);
#5071=ORIENTED_EDGE('',*,*,#3811,.F.);
#5072=ORIENTED_EDGE('',*,*,#3812,.T.);
#5073=ORIENTED_EDGE('',*,*,#3811,.T.);
#5074=ORIENTED_EDGE('',*,*,#3813,.F.);
#5075=ORIENTED_EDGE('',*,*,#3814,.F.);
#5076=ORIENTED_EDGE('',*,*,#3815,.T.);
#5077=ORIENTED_EDGE('',*,*,#3814,.T.);
#5078=ORIENTED_EDGE('',*,*,#3816,.F.);
#5079=ORIENTED_EDGE('',*,*,#3817,.F.);
#5080=ORIENTED_EDGE('',*,*,#3818,.T.);
#5081=ORIENTED_EDGE('',*,*,#3817,.T.);
#5082=ORIENTED_EDGE('',*,*,#3819,.F.);
#5083=ORIENTED_EDGE('',*,*,#3820,.F.);
#5084=ORIENTED_EDGE('',*,*,#3821,.T.);
#5085=ORIENTED_EDGE('',*,*,#3820,.T.);
#5086=ORIENTED_EDGE('',*,*,#3822,.F.);
#5087=ORIENTED_EDGE('',*,*,#3823,.F.);
#5088=ORIENTED_EDGE('',*,*,#3824,.T.);
#5089=ORIENTED_EDGE('',*,*,#3823,.T.);
#5090=ORIENTED_EDGE('',*,*,#3825,.F.);
#5091=ORIENTED_EDGE('',*,*,#3826,.F.);
#5092=ORIENTED_EDGE('',*,*,#3827,.T.);
#5093=ORIENTED_EDGE('',*,*,#3826,.T.);
#5094=ORIENTED_EDGE('',*,*,#3828,.F.);
#5095=ORIENTED_EDGE('',*,*,#3829,.F.);
#5096=ORIENTED_EDGE('',*,*,#3830,.T.);
#5097=ORIENTED_EDGE('',*,*,#3829,.T.);
#5098=ORIENTED_EDGE('',*,*,#3831,.F.);
#5099=ORIENTED_EDGE('',*,*,#3832,.F.);
#5100=ORIENTED_EDGE('',*,*,#3833,.T.);
#5101=ORIENTED_EDGE('',*,*,#3832,.T.);
#5102=ORIENTED_EDGE('',*,*,#3834,.F.);
#5103=ORIENTED_EDGE('',*,*,#3835,.F.);
#5104=ORIENTED_EDGE('',*,*,#3836,.T.);
#5105=ORIENTED_EDGE('',*,*,#3835,.T.);
#5106=ORIENTED_EDGE('',*,*,#3837,.F.);
#5107=ORIENTED_EDGE('',*,*,#3838,.F.);
#5108=ORIENTED_EDGE('',*,*,#3839,.T.);
#5109=ORIENTED_EDGE('',*,*,#3838,.T.);
#5110=ORIENTED_EDGE('',*,*,#3840,.F.);
#5111=ORIENTED_EDGE('',*,*,#3841,.F.);
#5112=ORIENTED_EDGE('',*,*,#3842,.T.);
#5113=ORIENTED_EDGE('',*,*,#3841,.T.);
#5114=ORIENTED_EDGE('',*,*,#3843,.F.);
#5115=ORIENTED_EDGE('',*,*,#3844,.F.);
#5116=ORIENTED_EDGE('',*,*,#3845,.T.);
#5117=ORIENTED_EDGE('',*,*,#3844,.T.);
#5118=ORIENTED_EDGE('',*,*,#3846,.F.);
#5119=ORIENTED_EDGE('',*,*,#3847,.F.);
#5120=ORIENTED_EDGE('',*,*,#3848,.T.);
#5121=ORIENTED_EDGE('',*,*,#3847,.T.);
#5122=ORIENTED_EDGE('',*,*,#3849,.F.);
#5123=ORIENTED_EDGE('',*,*,#3850,.F.);
#5124=ORIENTED_EDGE('',*,*,#3851,.T.);
#5125=ORIENTED_EDGE('',*,*,#3850,.T.);
#5126=ORIENTED_EDGE('',*,*,#3852,.F.);
#5127=ORIENTED_EDGE('',*,*,#3853,.F.);
#5128=ORIENTED_EDGE('',*,*,#3854,.T.);
#5129=ORIENTED_EDGE('',*,*,#3853,.T.);
#5130=ORIENTED_EDGE('',*,*,#3855,.F.);
#5131=ORIENTED_EDGE('',*,*,#3856,.F.);
#5132=ORIENTED_EDGE('',*,*,#3857,.T.);
#5133=ORIENTED_EDGE('',*,*,#3856,.T.);
#5134=ORIENTED_EDGE('',*,*,#3858,.F.);
#5135=ORIENTED_EDGE('',*,*,#3859,.F.);
#5136=ORIENTED_EDGE('',*,*,#3860,.T.);
#5137=ORIENTED_EDGE('',*,*,#3859,.T.);
#5138=ORIENTED_EDGE('',*,*,#3861,.F.);
#5139=ORIENTED_EDGE('',*,*,#3862,.F.);
#5140=ORIENTED_EDGE('',*,*,#3863,.T.);
#5141=ORIENTED_EDGE('',*,*,#3862,.T.);
#5142=ORIENTED_EDGE('',*,*,#3864,.F.);
#5143=ORIENTED_EDGE('',*,*,#3865,.F.);
#5144=ORIENTED_EDGE('',*,*,#3866,.T.);
#5145=ORIENTED_EDGE('',*,*,#3865,.T.);
#5146=ORIENTED_EDGE('',*,*,#3867,.F.);
#5147=ORIENTED_EDGE('',*,*,#3868,.F.);
#5148=ORIENTED_EDGE('',*,*,#3869,.T.);
#5149=ORIENTED_EDGE('',*,*,#3868,.T.);
#5150=ORIENTED_EDGE('',*,*,#3870,.F.);
#5151=ORIENTED_EDGE('',*,*,#3871,.F.);
#5152=ORIENTED_EDGE('',*,*,#3872,.T.);
#5153=ORIENTED_EDGE('',*,*,#3871,.T.);
#5154=ORIENTED_EDGE('',*,*,#3873,.F.);
#5155=ORIENTED_EDGE('',*,*,#3874,.F.);
#5156=ORIENTED_EDGE('',*,*,#3875,.T.);
#5157=ORIENTED_EDGE('',*,*,#3874,.T.);
#5158=ORIENTED_EDGE('',*,*,#3876,.F.);
#5159=ORIENTED_EDGE('',*,*,#3877,.F.);
#5160=ORIENTED_EDGE('',*,*,#3878,.T.);
#5161=ORIENTED_EDGE('',*,*,#3877,.T.);
#5162=ORIENTED_EDGE('',*,*,#3879,.F.);
#5163=ORIENTED_EDGE('',*,*,#3880,.F.);
#5164=ORIENTED_EDGE('',*,*,#3881,.T.);
#5165=ORIENTED_EDGE('',*,*,#3880,.T.);
#5166=ORIENTED_EDGE('',*,*,#3882,.F.);
#5167=ORIENTED_EDGE('',*,*,#3776,.F.);
#5168=ORIENTED_EDGE('',*,*,#3882,.T.);
#5169=ORIENTED_EDGE('',*,*,#3879,.T.);
#5170=ORIENTED_EDGE('',*,*,#3876,.T.);
#5171=ORIENTED_EDGE('',*,*,#3873,.T.);
#5172=ORIENTED_EDGE('',*,*,#3870,.T.);
#5173=ORIENTED_EDGE('',*,*,#3867,.T.);
#5174=ORIENTED_EDGE('',*,*,#3864,.T.);
#5175=ORIENTED_EDGE('',*,*,#3861,.T.);
#5176=ORIENTED_EDGE('',*,*,#3858,.T.);
#5177=ORIENTED_EDGE('',*,*,#3855,.T.);
#5178=ORIENTED_EDGE('',*,*,#3852,.T.);
#5179=ORIENTED_EDGE('',*,*,#3849,.T.);
#5180=ORIENTED_EDGE('',*,*,#3846,.T.);
#5181=ORIENTED_EDGE('',*,*,#3843,.T.);
#5182=ORIENTED_EDGE('',*,*,#3840,.T.);
#5183=ORIENTED_EDGE('',*,*,#3837,.T.);
#5184=ORIENTED_EDGE('',*,*,#3834,.T.);
#5185=ORIENTED_EDGE('',*,*,#3831,.T.);
#5186=ORIENTED_EDGE('',*,*,#3828,.T.);
#5187=ORIENTED_EDGE('',*,*,#3825,.T.);
#5188=ORIENTED_EDGE('',*,*,#3822,.T.);
#5189=ORIENTED_EDGE('',*,*,#3819,.T.);
#5190=ORIENTED_EDGE('',*,*,#3816,.T.);
#5191=ORIENTED_EDGE('',*,*,#3813,.T.);
#5192=ORIENTED_EDGE('',*,*,#3810,.T.);
#5193=ORIENTED_EDGE('',*,*,#3807,.T.);
#5194=ORIENTED_EDGE('',*,*,#3804,.T.);
#5195=ORIENTED_EDGE('',*,*,#3801,.T.);
#5196=ORIENTED_EDGE('',*,*,#3798,.T.);
#5197=ORIENTED_EDGE('',*,*,#3795,.T.);
#5198=ORIENTED_EDGE('',*,*,#3792,.T.);
#5199=ORIENTED_EDGE('',*,*,#3789,.T.);
#5200=ORIENTED_EDGE('',*,*,#3786,.T.);
#5201=ORIENTED_EDGE('',*,*,#3783,.T.);
#5202=ORIENTED_EDGE('',*,*,#3780,.T.);
#5203=ORIENTED_EDGE('',*,*,#3777,.T.);
#5204=ORIENTED_EDGE('',*,*,#3750,.T.);
#5205=ORIENTED_EDGE('',*,*,#3754,.T.);
#5206=ORIENTED_EDGE('',*,*,#3757,.T.);
#5207=ORIENTED_EDGE('',*,*,#3760,.T.);
#5208=ORIENTED_EDGE('',*,*,#3763,.T.);
#5209=ORIENTED_EDGE('',*,*,#3766,.T.);
#5210=ORIENTED_EDGE('',*,*,#3769,.T.);
#5211=ORIENTED_EDGE('',*,*,#3772,.T.);
#5212=ORIENTED_EDGE('',*,*,#3774,.T.);
#5213=ORIENTED_EDGE('',*,*,#3881,.F.);
#5214=ORIENTED_EDGE('',*,*,#3775,.F.);
#5215=ORIENTED_EDGE('',*,*,#3779,.F.);
#5216=ORIENTED_EDGE('',*,*,#3782,.F.);
#5217=ORIENTED_EDGE('',*,*,#3785,.F.);
#5218=ORIENTED_EDGE('',*,*,#3788,.F.);
#5219=ORIENTED_EDGE('',*,*,#3791,.F.);
#5220=ORIENTED_EDGE('',*,*,#3794,.F.);
#5221=ORIENTED_EDGE('',*,*,#3797,.F.);
#5222=ORIENTED_EDGE('',*,*,#3800,.F.);
#5223=ORIENTED_EDGE('',*,*,#3803,.F.);
#5224=ORIENTED_EDGE('',*,*,#3806,.F.);
#5225=ORIENTED_EDGE('',*,*,#3809,.F.);
#5226=ORIENTED_EDGE('',*,*,#3812,.F.);
#5227=ORIENTED_EDGE('',*,*,#3815,.F.);
#5228=ORIENTED_EDGE('',*,*,#3818,.F.);
#5229=ORIENTED_EDGE('',*,*,#3821,.F.);
#5230=ORIENTED_EDGE('',*,*,#3824,.F.);
#5231=ORIENTED_EDGE('',*,*,#3827,.F.);
#5232=ORIENTED_EDGE('',*,*,#3830,.F.);
#5233=ORIENTED_EDGE('',*,*,#3833,.F.);
#5234=ORIENTED_EDGE('',*,*,#3836,.F.);
#5235=ORIENTED_EDGE('',*,*,#3839,.F.);
#5236=ORIENTED_EDGE('',*,*,#3842,.F.);
#5237=ORIENTED_EDGE('',*,*,#3845,.F.);
#5238=ORIENTED_EDGE('',*,*,#3848,.F.);
#5239=ORIENTED_EDGE('',*,*,#3851,.F.);
#5240=ORIENTED_EDGE('',*,*,#3854,.F.);
#5241=ORIENTED_EDGE('',*,*,#3857,.F.);
#5242=ORIENTED_EDGE('',*,*,#3860,.F.);
#5243=ORIENTED_EDGE('',*,*,#3863,.F.);
#5244=ORIENTED_EDGE('',*,*,#3866,.F.);
#5245=ORIENTED_EDGE('',*,*,#3869,.F.);
#5246=ORIENTED_EDGE('',*,*,#3872,.F.);
#5247=ORIENTED_EDGE('',*,*,#3875,.F.);
#5248=ORIENTED_EDGE('',*,*,#3878,.F.);
#5249=ORIENTED_EDGE('',*,*,#3748,.T.);
#5250=ORIENTED_EDGE('',*,*,#3773,.T.);
#5251=ORIENTED_EDGE('',*,*,#3770,.T.);
#5252=ORIENTED_EDGE('',*,*,#3767,.T.);
#5253=ORIENTED_EDGE('',*,*,#3764,.T.);
#5254=ORIENTED_EDGE('',*,*,#3761,.T.);
#5255=ORIENTED_EDGE('',*,*,#3758,.T.);
#5256=ORIENTED_EDGE('',*,*,#3755,.T.);
#5257=ORIENTED_EDGE('',*,*,#3752,.T.);
#5258=ORIENTED_EDGE('',*,*,#3883,.F.);
#5259=ORIENTED_EDGE('',*,*,#3884,.T.);
#5260=ORIENTED_EDGE('',*,*,#3885,.F.);
#5261=ORIENTED_EDGE('',*,*,#3886,.F.);
#5262=ORIENTED_EDGE('',*,*,#3887,.F.);
#5263=ORIENTED_EDGE('',*,*,#3888,.T.);
#5264=ORIENTED_EDGE('',*,*,#3889,.F.);
#5265=ORIENTED_EDGE('',*,*,#3884,.F.);
#5266=ORIENTED_EDGE('',*,*,#3890,.F.);
#5267=ORIENTED_EDGE('',*,*,#3891,.T.);
#5268=ORIENTED_EDGE('',*,*,#3892,.F.);
#5269=ORIENTED_EDGE('',*,*,#3888,.F.);
#5270=ORIENTED_EDGE('',*,*,#3893,.F.);
#5271=ORIENTED_EDGE('',*,*,#3894,.T.);
#5272=ORIENTED_EDGE('',*,*,#3895,.F.);
#5273=ORIENTED_EDGE('',*,*,#3891,.F.);
#5274=ORIENTED_EDGE('',*,*,#3896,.F.);
#5275=ORIENTED_EDGE('',*,*,#3897,.T.);
#5276=ORIENTED_EDGE('',*,*,#3898,.F.);
#5277=ORIENTED_EDGE('',*,*,#3894,.F.);
#5278=ORIENTED_EDGE('',*,*,#3899,.F.);
#5279=ORIENTED_EDGE('',*,*,#3900,.T.);
#5280=ORIENTED_EDGE('',*,*,#3901,.F.);
#5281=ORIENTED_EDGE('',*,*,#3897,.F.);
#5282=ORIENTED_EDGE('',*,*,#3902,.F.);
#5283=ORIENTED_EDGE('',*,*,#3903,.T.);
#5284=ORIENTED_EDGE('',*,*,#3904,.F.);
#5285=ORIENTED_EDGE('',*,*,#3900,.F.);
#5286=ORIENTED_EDGE('',*,*,#3905,.F.);
#5287=ORIENTED_EDGE('',*,*,#3906,.T.);
#5288=ORIENTED_EDGE('',*,*,#3907,.F.);
#5289=ORIENTED_EDGE('',*,*,#3903,.F.);
#5290=ORIENTED_EDGE('',*,*,#3908,.F.);
#5291=ORIENTED_EDGE('',*,*,#3909,.T.);
#5292=ORIENTED_EDGE('',*,*,#3910,.F.);
#5293=ORIENTED_EDGE('',*,*,#3906,.F.);
#5294=ORIENTED_EDGE('',*,*,#3911,.F.);
#5295=ORIENTED_EDGE('',*,*,#3912,.T.);
#5296=ORIENTED_EDGE('',*,*,#3913,.F.);
#5297=ORIENTED_EDGE('',*,*,#3909,.F.);
#5298=ORIENTED_EDGE('',*,*,#3914,.F.);
#5299=ORIENTED_EDGE('',*,*,#3915,.T.);
#5300=ORIENTED_EDGE('',*,*,#3916,.F.);
#5301=ORIENTED_EDGE('',*,*,#3912,.F.);
#5302=ORIENTED_EDGE('',*,*,#3917,.F.);
#5303=ORIENTED_EDGE('',*,*,#3918,.T.);
#5304=ORIENTED_EDGE('',*,*,#3919,.F.);
#5305=ORIENTED_EDGE('',*,*,#3915,.F.);
#5306=ORIENTED_EDGE('',*,*,#3920,.F.);
#5307=ORIENTED_EDGE('',*,*,#3921,.T.);
#5308=ORIENTED_EDGE('',*,*,#3922,.F.);
#5309=ORIENTED_EDGE('',*,*,#3918,.F.);
#5310=ORIENTED_EDGE('',*,*,#3923,.F.);
#5311=ORIENTED_EDGE('',*,*,#3924,.T.);
#5312=ORIENTED_EDGE('',*,*,#3925,.F.);
#5313=ORIENTED_EDGE('',*,*,#3921,.F.);
#5314=ORIENTED_EDGE('',*,*,#3926,.F.);
#5315=ORIENTED_EDGE('',*,*,#3927,.T.);
#5316=ORIENTED_EDGE('',*,*,#3928,.F.);
#5317=ORIENTED_EDGE('',*,*,#3924,.F.);
#5318=ORIENTED_EDGE('',*,*,#3929,.F.);
#5319=ORIENTED_EDGE('',*,*,#3930,.T.);
#5320=ORIENTED_EDGE('',*,*,#3931,.F.);
#5321=ORIENTED_EDGE('',*,*,#3927,.F.);
#5322=ORIENTED_EDGE('',*,*,#3932,.F.);
#5323=ORIENTED_EDGE('',*,*,#3933,.T.);
#5324=ORIENTED_EDGE('',*,*,#3934,.F.);
#5325=ORIENTED_EDGE('',*,*,#3930,.F.);
#5326=ORIENTED_EDGE('',*,*,#3935,.F.);
#5327=ORIENTED_EDGE('',*,*,#3936,.T.);
#5328=ORIENTED_EDGE('',*,*,#3937,.F.);
#5329=ORIENTED_EDGE('',*,*,#3933,.F.);
#5330=ORIENTED_EDGE('',*,*,#3938,.F.);
#5331=ORIENTED_EDGE('',*,*,#3939,.T.);
#5332=ORIENTED_EDGE('',*,*,#3940,.F.);
#5333=ORIENTED_EDGE('',*,*,#3936,.F.);
#5334=ORIENTED_EDGE('',*,*,#3941,.F.);
#5335=ORIENTED_EDGE('',*,*,#3942,.T.);
#5336=ORIENTED_EDGE('',*,*,#3943,.F.);
#5337=ORIENTED_EDGE('',*,*,#3939,.F.);
#5338=ORIENTED_EDGE('',*,*,#3944,.F.);
#5339=ORIENTED_EDGE('',*,*,#3945,.T.);
#5340=ORIENTED_EDGE('',*,*,#3946,.F.);
#5341=ORIENTED_EDGE('',*,*,#3942,.F.);
#5342=ORIENTED_EDGE('',*,*,#3947,.F.);
#5343=ORIENTED_EDGE('',*,*,#3948,.T.);
#5344=ORIENTED_EDGE('',*,*,#3949,.F.);
#5345=ORIENTED_EDGE('',*,*,#3945,.F.);
#5346=ORIENTED_EDGE('',*,*,#3950,.F.);
#5347=ORIENTED_EDGE('',*,*,#3951,.T.);
#5348=ORIENTED_EDGE('',*,*,#3952,.F.);
#5349=ORIENTED_EDGE('',*,*,#3948,.F.);
#5350=ORIENTED_EDGE('',*,*,#3953,.F.);
#5351=ORIENTED_EDGE('',*,*,#3954,.T.);
#5352=ORIENTED_EDGE('',*,*,#3955,.F.);
#5353=ORIENTED_EDGE('',*,*,#3951,.F.);
#5354=ORIENTED_EDGE('',*,*,#3956,.F.);
#5355=ORIENTED_EDGE('',*,*,#3957,.T.);
#5356=ORIENTED_EDGE('',*,*,#3958,.F.);
#5357=ORIENTED_EDGE('',*,*,#3954,.F.);
#5358=ORIENTED_EDGE('',*,*,#3959,.F.);
#5359=ORIENTED_EDGE('',*,*,#3960,.T.);
#5360=ORIENTED_EDGE('',*,*,#3961,.F.);
#5361=ORIENTED_EDGE('',*,*,#3957,.F.);
#5362=ORIENTED_EDGE('',*,*,#3962,.F.);
#5363=ORIENTED_EDGE('',*,*,#3963,.T.);
#5364=ORIENTED_EDGE('',*,*,#3964,.F.);
#5365=ORIENTED_EDGE('',*,*,#3960,.F.);
#5366=ORIENTED_EDGE('',*,*,#3965,.F.);
#5367=ORIENTED_EDGE('',*,*,#3966,.T.);
#5368=ORIENTED_EDGE('',*,*,#3967,.F.);
#5369=ORIENTED_EDGE('',*,*,#3963,.F.);
#5370=ORIENTED_EDGE('',*,*,#3968,.F.);
#5371=ORIENTED_EDGE('',*,*,#3969,.T.);
#5372=ORIENTED_EDGE('',*,*,#3970,.F.);
#5373=ORIENTED_EDGE('',*,*,#3966,.F.);
#5374=ORIENTED_EDGE('',*,*,#3971,.F.);
#5375=ORIENTED_EDGE('',*,*,#3972,.T.);
#5376=ORIENTED_EDGE('',*,*,#3973,.F.);
#5377=ORIENTED_EDGE('',*,*,#3969,.F.);
#5378=ORIENTED_EDGE('',*,*,#3974,.F.);
#5379=ORIENTED_EDGE('',*,*,#3975,.T.);
#5380=ORIENTED_EDGE('',*,*,#3976,.F.);
#5381=ORIENTED_EDGE('',*,*,#3972,.F.);
#5382=ORIENTED_EDGE('',*,*,#3977,.F.);
#5383=ORIENTED_EDGE('',*,*,#3978,.T.);
#5384=ORIENTED_EDGE('',*,*,#3979,.F.);
#5385=ORIENTED_EDGE('',*,*,#3975,.F.);
#5386=ORIENTED_EDGE('',*,*,#3980,.F.);
#5387=ORIENTED_EDGE('',*,*,#3981,.T.);
#5388=ORIENTED_EDGE('',*,*,#3982,.F.);
#5389=ORIENTED_EDGE('',*,*,#3978,.F.);
#5390=ORIENTED_EDGE('',*,*,#3983,.F.);
#5391=ORIENTED_EDGE('',*,*,#3984,.T.);
#5392=ORIENTED_EDGE('',*,*,#3985,.F.);
#5393=ORIENTED_EDGE('',*,*,#3981,.F.);
#5394=ORIENTED_EDGE('',*,*,#3986,.F.);
#5395=ORIENTED_EDGE('',*,*,#3987,.T.);
#5396=ORIENTED_EDGE('',*,*,#3988,.F.);
#5397=ORIENTED_EDGE('',*,*,#3984,.F.);
#5398=ORIENTED_EDGE('',*,*,#3989,.F.);
#5399=ORIENTED_EDGE('',*,*,#3886,.T.);
#5400=ORIENTED_EDGE('',*,*,#3990,.F.);
#5401=ORIENTED_EDGE('',*,*,#3987,.F.);
#5402=ORIENTED_EDGE('',*,*,#3991,.T.);
#5403=ORIENTED_EDGE('',*,*,#3992,.T.);
#5404=ORIENTED_EDGE('',*,*,#3993,.F.);
#5405=ORIENTED_EDGE('',*,*,#3994,.F.);
#5406=ORIENTED_EDGE('',*,*,#3995,.T.);
#5407=ORIENTED_EDGE('',*,*,#3994,.T.);
#5408=ORIENTED_EDGE('',*,*,#3996,.F.);
#5409=ORIENTED_EDGE('',*,*,#3997,.F.);
#5410=ORIENTED_EDGE('',*,*,#3998,.T.);
#5411=ORIENTED_EDGE('',*,*,#3997,.T.);
#5412=ORIENTED_EDGE('',*,*,#3999,.F.);
#5413=ORIENTED_EDGE('',*,*,#4000,.F.);
#5414=ORIENTED_EDGE('',*,*,#4001,.T.);
#5415=ORIENTED_EDGE('',*,*,#4000,.T.);
#5416=ORIENTED_EDGE('',*,*,#4002,.F.);
#5417=ORIENTED_EDGE('',*,*,#4003,.F.);
#5418=ORIENTED_EDGE('',*,*,#4004,.T.);
#5419=ORIENTED_EDGE('',*,*,#4003,.T.);
#5420=ORIENTED_EDGE('',*,*,#4005,.F.);
#5421=ORIENTED_EDGE('',*,*,#4006,.F.);
#5422=ORIENTED_EDGE('',*,*,#4007,.T.);
#5423=ORIENTED_EDGE('',*,*,#4006,.T.);
#5424=ORIENTED_EDGE('',*,*,#4008,.F.);
#5425=ORIENTED_EDGE('',*,*,#4009,.F.);
#5426=ORIENTED_EDGE('',*,*,#4010,.T.);
#5427=ORIENTED_EDGE('',*,*,#4009,.T.);
#5428=ORIENTED_EDGE('',*,*,#4011,.F.);
#5429=ORIENTED_EDGE('',*,*,#4012,.F.);
#5430=ORIENTED_EDGE('',*,*,#4013,.T.);
#5431=ORIENTED_EDGE('',*,*,#4012,.T.);
#5432=ORIENTED_EDGE('',*,*,#4014,.F.);
#5433=ORIENTED_EDGE('',*,*,#4015,.F.);
#5434=ORIENTED_EDGE('',*,*,#4016,.T.);
#5435=ORIENTED_EDGE('',*,*,#4015,.T.);
#5436=ORIENTED_EDGE('',*,*,#4017,.F.);
#5437=ORIENTED_EDGE('',*,*,#4018,.F.);
#5438=ORIENTED_EDGE('',*,*,#4019,.T.);
#5439=ORIENTED_EDGE('',*,*,#4018,.T.);
#5440=ORIENTED_EDGE('',*,*,#4020,.F.);
#5441=ORIENTED_EDGE('',*,*,#4021,.F.);
#5442=ORIENTED_EDGE('',*,*,#4022,.T.);
#5443=ORIENTED_EDGE('',*,*,#4021,.T.);
#5444=ORIENTED_EDGE('',*,*,#4023,.F.);
#5445=ORIENTED_EDGE('',*,*,#4024,.F.);
#5446=ORIENTED_EDGE('',*,*,#4025,.T.);
#5447=ORIENTED_EDGE('',*,*,#4024,.T.);
#5448=ORIENTED_EDGE('',*,*,#4026,.F.);
#5449=ORIENTED_EDGE('',*,*,#4027,.F.);
#5450=ORIENTED_EDGE('',*,*,#4028,.T.);
#5451=ORIENTED_EDGE('',*,*,#4027,.T.);
#5452=ORIENTED_EDGE('',*,*,#4029,.F.);
#5453=ORIENTED_EDGE('',*,*,#4030,.F.);
#5454=ORIENTED_EDGE('',*,*,#4031,.T.);
#5455=ORIENTED_EDGE('',*,*,#4030,.T.);
#5456=ORIENTED_EDGE('',*,*,#4032,.F.);
#5457=ORIENTED_EDGE('',*,*,#4033,.F.);
#5458=ORIENTED_EDGE('',*,*,#4034,.T.);
#5459=ORIENTED_EDGE('',*,*,#4033,.T.);
#5460=ORIENTED_EDGE('',*,*,#4035,.F.);
#5461=ORIENTED_EDGE('',*,*,#4036,.F.);
#5462=ORIENTED_EDGE('',*,*,#4037,.T.);
#5463=ORIENTED_EDGE('',*,*,#4036,.T.);
#5464=ORIENTED_EDGE('',*,*,#4038,.F.);
#5465=ORIENTED_EDGE('',*,*,#4039,.F.);
#5466=ORIENTED_EDGE('',*,*,#4040,.T.);
#5467=ORIENTED_EDGE('',*,*,#4039,.T.);
#5468=ORIENTED_EDGE('',*,*,#4041,.F.);
#5469=ORIENTED_EDGE('',*,*,#4042,.F.);
#5470=ORIENTED_EDGE('',*,*,#4043,.T.);
#5471=ORIENTED_EDGE('',*,*,#4042,.T.);
#5472=ORIENTED_EDGE('',*,*,#4044,.F.);
#5473=ORIENTED_EDGE('',*,*,#4045,.F.);
#5474=ORIENTED_EDGE('',*,*,#4046,.T.);
#5475=ORIENTED_EDGE('',*,*,#4045,.T.);
#5476=ORIENTED_EDGE('',*,*,#4047,.F.);
#5477=ORIENTED_EDGE('',*,*,#4048,.F.);
#5478=ORIENTED_EDGE('',*,*,#4049,.T.);
#5479=ORIENTED_EDGE('',*,*,#4048,.T.);
#5480=ORIENTED_EDGE('',*,*,#4050,.F.);
#5481=ORIENTED_EDGE('',*,*,#3992,.F.);
#5482=ORIENTED_EDGE('',*,*,#4050,.T.);
#5483=ORIENTED_EDGE('',*,*,#4047,.T.);
#5484=ORIENTED_EDGE('',*,*,#4044,.T.);
#5485=ORIENTED_EDGE('',*,*,#4041,.T.);
#5486=ORIENTED_EDGE('',*,*,#4038,.T.);
#5487=ORIENTED_EDGE('',*,*,#4035,.T.);
#5488=ORIENTED_EDGE('',*,*,#4032,.T.);
#5489=ORIENTED_EDGE('',*,*,#4029,.T.);
#5490=ORIENTED_EDGE('',*,*,#4026,.T.);
#5491=ORIENTED_EDGE('',*,*,#4023,.T.);
#5492=ORIENTED_EDGE('',*,*,#4020,.T.);
#5493=ORIENTED_EDGE('',*,*,#4017,.T.);
#5494=ORIENTED_EDGE('',*,*,#4014,.T.);
#5495=ORIENTED_EDGE('',*,*,#4011,.T.);
#5496=ORIENTED_EDGE('',*,*,#4008,.T.);
#5497=ORIENTED_EDGE('',*,*,#4005,.T.);
#5498=ORIENTED_EDGE('',*,*,#4002,.T.);
#5499=ORIENTED_EDGE('',*,*,#3999,.T.);
#5500=ORIENTED_EDGE('',*,*,#3996,.T.);
#5501=ORIENTED_EDGE('',*,*,#3993,.T.);
#5502=ORIENTED_EDGE('',*,*,#3885,.T.);
#5503=ORIENTED_EDGE('',*,*,#3889,.T.);
#5504=ORIENTED_EDGE('',*,*,#3892,.T.);
#5505=ORIENTED_EDGE('',*,*,#3895,.T.);
#5506=ORIENTED_EDGE('',*,*,#3898,.T.);
#5507=ORIENTED_EDGE('',*,*,#3901,.T.);
#5508=ORIENTED_EDGE('',*,*,#3904,.T.);
#5509=ORIENTED_EDGE('',*,*,#3907,.T.);
#5510=ORIENTED_EDGE('',*,*,#3910,.T.);
#5511=ORIENTED_EDGE('',*,*,#3913,.T.);
#5512=ORIENTED_EDGE('',*,*,#3916,.T.);
#5513=ORIENTED_EDGE('',*,*,#3919,.T.);
#5514=ORIENTED_EDGE('',*,*,#3922,.T.);
#5515=ORIENTED_EDGE('',*,*,#3925,.T.);
#5516=ORIENTED_EDGE('',*,*,#3928,.T.);
#5517=ORIENTED_EDGE('',*,*,#3931,.T.);
#5518=ORIENTED_EDGE('',*,*,#3934,.T.);
#5519=ORIENTED_EDGE('',*,*,#3937,.T.);
#5520=ORIENTED_EDGE('',*,*,#3940,.T.);
#5521=ORIENTED_EDGE('',*,*,#3943,.T.);
#5522=ORIENTED_EDGE('',*,*,#3946,.T.);
#5523=ORIENTED_EDGE('',*,*,#3949,.T.);
#5524=ORIENTED_EDGE('',*,*,#3952,.T.);
#5525=ORIENTED_EDGE('',*,*,#3955,.T.);
#5526=ORIENTED_EDGE('',*,*,#3958,.T.);
#5527=ORIENTED_EDGE('',*,*,#3961,.T.);
#5528=ORIENTED_EDGE('',*,*,#3964,.T.);
#5529=ORIENTED_EDGE('',*,*,#3967,.T.);
#5530=ORIENTED_EDGE('',*,*,#3970,.T.);
#5531=ORIENTED_EDGE('',*,*,#3973,.T.);
#5532=ORIENTED_EDGE('',*,*,#3976,.T.);
#5533=ORIENTED_EDGE('',*,*,#3979,.T.);
#5534=ORIENTED_EDGE('',*,*,#3982,.T.);
#5535=ORIENTED_EDGE('',*,*,#3985,.T.);
#5536=ORIENTED_EDGE('',*,*,#3988,.T.);
#5537=ORIENTED_EDGE('',*,*,#3990,.T.);
#5538=ORIENTED_EDGE('',*,*,#4049,.F.);
#5539=ORIENTED_EDGE('',*,*,#3991,.F.);
#5540=ORIENTED_EDGE('',*,*,#3995,.F.);
#5541=ORIENTED_EDGE('',*,*,#3998,.F.);
#5542=ORIENTED_EDGE('',*,*,#4001,.F.);
#5543=ORIENTED_EDGE('',*,*,#4004,.F.);
#5544=ORIENTED_EDGE('',*,*,#4007,.F.);
#5545=ORIENTED_EDGE('',*,*,#4010,.F.);
#5546=ORIENTED_EDGE('',*,*,#4013,.F.);
#5547=ORIENTED_EDGE('',*,*,#4016,.F.);
#5548=ORIENTED_EDGE('',*,*,#4019,.F.);
#5549=ORIENTED_EDGE('',*,*,#4022,.F.);
#5550=ORIENTED_EDGE('',*,*,#4025,.F.);
#5551=ORIENTED_EDGE('',*,*,#4028,.F.);
#5552=ORIENTED_EDGE('',*,*,#4031,.F.);
#5553=ORIENTED_EDGE('',*,*,#4034,.F.);
#5554=ORIENTED_EDGE('',*,*,#4037,.F.);
#5555=ORIENTED_EDGE('',*,*,#4040,.F.);
#5556=ORIENTED_EDGE('',*,*,#4043,.F.);
#5557=ORIENTED_EDGE('',*,*,#4046,.F.);
#5558=ORIENTED_EDGE('',*,*,#3883,.T.);
#5559=ORIENTED_EDGE('',*,*,#3989,.T.);
#5560=ORIENTED_EDGE('',*,*,#3986,.T.);
#5561=ORIENTED_EDGE('',*,*,#3983,.T.);
#5562=ORIENTED_EDGE('',*,*,#3980,.T.);
#5563=ORIENTED_EDGE('',*,*,#3977,.T.);
#5564=ORIENTED_EDGE('',*,*,#3974,.T.);
#5565=ORIENTED_EDGE('',*,*,#3971,.T.);
#5566=ORIENTED_EDGE('',*,*,#3968,.T.);
#5567=ORIENTED_EDGE('',*,*,#3965,.T.);
#5568=ORIENTED_EDGE('',*,*,#3962,.T.);
#5569=ORIENTED_EDGE('',*,*,#3959,.T.);
#5570=ORIENTED_EDGE('',*,*,#3956,.T.);
#5571=ORIENTED_EDGE('',*,*,#3953,.T.);
#5572=ORIENTED_EDGE('',*,*,#3950,.T.);
#5573=ORIENTED_EDGE('',*,*,#3947,.T.);
#5574=ORIENTED_EDGE('',*,*,#3944,.T.);
#5575=ORIENTED_EDGE('',*,*,#3941,.T.);
#5576=ORIENTED_EDGE('',*,*,#3938,.T.);
#5577=ORIENTED_EDGE('',*,*,#3935,.T.);
#5578=ORIENTED_EDGE('',*,*,#3932,.T.);
#5579=ORIENTED_EDGE('',*,*,#3929,.T.);
#5580=ORIENTED_EDGE('',*,*,#3926,.T.);
#5581=ORIENTED_EDGE('',*,*,#3923,.T.);
#5582=ORIENTED_EDGE('',*,*,#3920,.T.);
#5583=ORIENTED_EDGE('',*,*,#3917,.T.);
#5584=ORIENTED_EDGE('',*,*,#3914,.T.);
#5585=ORIENTED_EDGE('',*,*,#3911,.T.);
#5586=ORIENTED_EDGE('',*,*,#3908,.T.);
#5587=ORIENTED_EDGE('',*,*,#3905,.T.);
#5588=ORIENTED_EDGE('',*,*,#3902,.T.);
#5589=ORIENTED_EDGE('',*,*,#3899,.T.);
#5590=ORIENTED_EDGE('',*,*,#3896,.T.);
#5591=ORIENTED_EDGE('',*,*,#3893,.T.);
#5592=ORIENTED_EDGE('',*,*,#3890,.T.);
#5593=ORIENTED_EDGE('',*,*,#3887,.T.);
#5594=ORIENTED_EDGE('',*,*,#4051,.T.);
#5595=ORIENTED_EDGE('',*,*,#4052,.T.);
#5596=ORIENTED_EDGE('',*,*,#4053,.F.);
#5597=ORIENTED_EDGE('',*,*,#4054,.F.);
#5598=ORIENTED_EDGE('',*,*,#4055,.T.);
#5599=ORIENTED_EDGE('',*,*,#4054,.T.);
#5600=ORIENTED_EDGE('',*,*,#4056,.F.);
#5601=ORIENTED_EDGE('',*,*,#4057,.F.);
#5602=ORIENTED_EDGE('',*,*,#4058,.T.);
#5603=ORIENTED_EDGE('',*,*,#4057,.T.);
#5604=ORIENTED_EDGE('',*,*,#4059,.F.);
#5605=ORIENTED_EDGE('',*,*,#4060,.F.);
#5606=ORIENTED_EDGE('',*,*,#4061,.T.);
#5607=ORIENTED_EDGE('',*,*,#4060,.T.);
#5608=ORIENTED_EDGE('',*,*,#4062,.F.);
#5609=ORIENTED_EDGE('',*,*,#4052,.F.);
#5610=ORIENTED_EDGE('',*,*,#4062,.T.);
#5611=ORIENTED_EDGE('',*,*,#4059,.T.);
#5612=ORIENTED_EDGE('',*,*,#4056,.T.);
#5613=ORIENTED_EDGE('',*,*,#4053,.T.);
#5614=ORIENTED_EDGE('',*,*,#4061,.F.);
#5615=ORIENTED_EDGE('',*,*,#4051,.F.);
#5616=ORIENTED_EDGE('',*,*,#4055,.F.);
#5617=ORIENTED_EDGE('',*,*,#4058,.F.);
#5618=ORIENTED_EDGE('',*,*,#4063,.T.);
#5619=ORIENTED_EDGE('',*,*,#4064,.T.);
#5620=ORIENTED_EDGE('',*,*,#4065,.F.);
#5621=ORIENTED_EDGE('',*,*,#4066,.F.);
#5622=ORIENTED_EDGE('',*,*,#4067,.T.);
#5623=ORIENTED_EDGE('',*,*,#4066,.T.);
#5624=ORIENTED_EDGE('',*,*,#4068,.F.);
#5625=ORIENTED_EDGE('',*,*,#4069,.F.);
#5626=ORIENTED_EDGE('',*,*,#4070,.T.);
#5627=ORIENTED_EDGE('',*,*,#4069,.T.);
#5628=ORIENTED_EDGE('',*,*,#4071,.F.);
#5629=ORIENTED_EDGE('',*,*,#4072,.F.);
#5630=ORIENTED_EDGE('',*,*,#4073,.T.);
#5631=ORIENTED_EDGE('',*,*,#4072,.T.);
#5632=ORIENTED_EDGE('',*,*,#4074,.F.);
#5633=ORIENTED_EDGE('',*,*,#4064,.F.);
#5634=ORIENTED_EDGE('',*,*,#4074,.T.);
#5635=ORIENTED_EDGE('',*,*,#4071,.T.);
#5636=ORIENTED_EDGE('',*,*,#4068,.T.);
#5637=ORIENTED_EDGE('',*,*,#4065,.T.);
#5638=ORIENTED_EDGE('',*,*,#4073,.F.);
#5639=ORIENTED_EDGE('',*,*,#4063,.F.);
#5640=ORIENTED_EDGE('',*,*,#4067,.F.);
#5641=ORIENTED_EDGE('',*,*,#4070,.F.);
#5642=ORIENTED_EDGE('',*,*,#4075,.T.);
#5643=ORIENTED_EDGE('',*,*,#4076,.T.);
#5644=ORIENTED_EDGE('',*,*,#4077,.F.);
#5645=ORIENTED_EDGE('',*,*,#4078,.F.);
#5646=ORIENTED_EDGE('',*,*,#4079,.T.);
#5647=ORIENTED_EDGE('',*,*,#4078,.T.);
#5648=ORIENTED_EDGE('',*,*,#4080,.F.);
#5649=ORIENTED_EDGE('',*,*,#4081,.F.);
#5650=ORIENTED_EDGE('',*,*,#4082,.T.);
#5651=ORIENTED_EDGE('',*,*,#4081,.T.);
#5652=ORIENTED_EDGE('',*,*,#4083,.F.);
#5653=ORIENTED_EDGE('',*,*,#4084,.F.);
#5654=ORIENTED_EDGE('',*,*,#4085,.T.);
#5655=ORIENTED_EDGE('',*,*,#4084,.T.);
#5656=ORIENTED_EDGE('',*,*,#4086,.F.);
#5657=ORIENTED_EDGE('',*,*,#4076,.F.);
#5658=ORIENTED_EDGE('',*,*,#4086,.T.);
#5659=ORIENTED_EDGE('',*,*,#4083,.T.);
#5660=ORIENTED_EDGE('',*,*,#4080,.T.);
#5661=ORIENTED_EDGE('',*,*,#4077,.T.);
#5662=ORIENTED_EDGE('',*,*,#4085,.F.);
#5663=ORIENTED_EDGE('',*,*,#4075,.F.);
#5664=ORIENTED_EDGE('',*,*,#4079,.F.);
#5665=ORIENTED_EDGE('',*,*,#4082,.F.);
#5666=ORIENTED_EDGE('',*,*,#4087,.F.);
#5667=ORIENTED_EDGE('',*,*,#4088,.T.);
#5668=ORIENTED_EDGE('',*,*,#4089,.F.);
#5669=ORIENTED_EDGE('',*,*,#4090,.F.);
#5670=ORIENTED_EDGE('',*,*,#4091,.F.);
#5671=ORIENTED_EDGE('',*,*,#4090,.T.);
#5672=ORIENTED_EDGE('',*,*,#4092,.F.);
#5673=ORIENTED_EDGE('',*,*,#4093,.F.);
#5674=ORIENTED_EDGE('',*,*,#4094,.F.);
#5675=ORIENTED_EDGE('',*,*,#4093,.T.);
#5676=ORIENTED_EDGE('',*,*,#4095,.F.);
#5677=ORIENTED_EDGE('',*,*,#4096,.F.);
#5678=ORIENTED_EDGE('',*,*,#4097,.F.);
#5679=ORIENTED_EDGE('',*,*,#4096,.T.);
#5680=ORIENTED_EDGE('',*,*,#4098,.F.);
#5681=ORIENTED_EDGE('',*,*,#4088,.F.);
#5682=ORIENTED_EDGE('',*,*,#4097,.T.);
#5683=ORIENTED_EDGE('',*,*,#4087,.T.);
#5684=ORIENTED_EDGE('',*,*,#4091,.T.);
#5685=ORIENTED_EDGE('',*,*,#4094,.T.);
#5686=ORIENTED_EDGE('',*,*,#4098,.T.);
#5687=ORIENTED_EDGE('',*,*,#4095,.T.);
#5688=ORIENTED_EDGE('',*,*,#4092,.T.);
#5689=ORIENTED_EDGE('',*,*,#4089,.T.);
#5690=ORIENTED_EDGE('',*,*,#4099,.T.);
#5691=ORIENTED_EDGE('',*,*,#4100,.T.);
#5692=ORIENTED_EDGE('',*,*,#4101,.F.);
#5693=ORIENTED_EDGE('',*,*,#4102,.F.);
#5694=ORIENTED_EDGE('',*,*,#4103,.T.);
#5695=ORIENTED_EDGE('',*,*,#4102,.T.);
#5696=ORIENTED_EDGE('',*,*,#4104,.F.);
#5697=ORIENTED_EDGE('',*,*,#4105,.F.);
#5698=ORIENTED_EDGE('',*,*,#4106,.T.);
#5699=ORIENTED_EDGE('',*,*,#4105,.T.);
#5700=ORIENTED_EDGE('',*,*,#4107,.F.);
#5701=ORIENTED_EDGE('',*,*,#4108,.F.);
#5702=ORIENTED_EDGE('',*,*,#4109,.T.);
#5703=ORIENTED_EDGE('',*,*,#4108,.T.);
#5704=ORIENTED_EDGE('',*,*,#4110,.F.);
#5705=ORIENTED_EDGE('',*,*,#4100,.F.);
#5706=ORIENTED_EDGE('',*,*,#4110,.T.);
#5707=ORIENTED_EDGE('',*,*,#4107,.T.);
#5708=ORIENTED_EDGE('',*,*,#4104,.T.);
#5709=ORIENTED_EDGE('',*,*,#4101,.T.);
#5710=ORIENTED_EDGE('',*,*,#4109,.F.);
#5711=ORIENTED_EDGE('',*,*,#4099,.F.);
#5712=ORIENTED_EDGE('',*,*,#4103,.F.);
#5713=ORIENTED_EDGE('',*,*,#4106,.F.);
#5714=ORIENTED_EDGE('',*,*,#4111,.T.);
#5715=ORIENTED_EDGE('',*,*,#4112,.T.);
#5716=ORIENTED_EDGE('',*,*,#4113,.F.);
#5717=ORIENTED_EDGE('',*,*,#4114,.F.);
#5718=ORIENTED_EDGE('',*,*,#4115,.T.);
#5719=ORIENTED_EDGE('',*,*,#4114,.T.);
#5720=ORIENTED_EDGE('',*,*,#4116,.F.);
#5721=ORIENTED_EDGE('',*,*,#4117,.F.);
#5722=ORIENTED_EDGE('',*,*,#4118,.T.);
#5723=ORIENTED_EDGE('',*,*,#4117,.T.);
#5724=ORIENTED_EDGE('',*,*,#4119,.F.);
#5725=ORIENTED_EDGE('',*,*,#4120,.F.);
#5726=ORIENTED_EDGE('',*,*,#4121,.T.);
#5727=ORIENTED_EDGE('',*,*,#4120,.T.);
#5728=ORIENTED_EDGE('',*,*,#4122,.F.);
#5729=ORIENTED_EDGE('',*,*,#4112,.F.);
#5730=ORIENTED_EDGE('',*,*,#4122,.T.);
#5731=ORIENTED_EDGE('',*,*,#4119,.T.);
#5732=ORIENTED_EDGE('',*,*,#4116,.T.);
#5733=ORIENTED_EDGE('',*,*,#4113,.T.);
#5734=ORIENTED_EDGE('',*,*,#4121,.F.);
#5735=ORIENTED_EDGE('',*,*,#4111,.F.);
#5736=ORIENTED_EDGE('',*,*,#4115,.F.);
#5737=ORIENTED_EDGE('',*,*,#4118,.F.);
#5738=ORIENTED_EDGE('',*,*,#4123,.T.);
#5739=ORIENTED_EDGE('',*,*,#4124,.T.);
#5740=ORIENTED_EDGE('',*,*,#4125,.F.);
#5741=ORIENTED_EDGE('',*,*,#4126,.F.);
#5742=ORIENTED_EDGE('',*,*,#4127,.T.);
#5743=ORIENTED_EDGE('',*,*,#4126,.T.);
#5744=ORIENTED_EDGE('',*,*,#4128,.F.);
#5745=ORIENTED_EDGE('',*,*,#4129,.F.);
#5746=ORIENTED_EDGE('',*,*,#4130,.T.);
#5747=ORIENTED_EDGE('',*,*,#4129,.T.);
#5748=ORIENTED_EDGE('',*,*,#4131,.F.);
#5749=ORIENTED_EDGE('',*,*,#4132,.F.);
#5750=ORIENTED_EDGE('',*,*,#4133,.T.);
#5751=ORIENTED_EDGE('',*,*,#4132,.T.);
#5752=ORIENTED_EDGE('',*,*,#4134,.F.);
#5753=ORIENTED_EDGE('',*,*,#4124,.F.);
#5754=ORIENTED_EDGE('',*,*,#4134,.T.);
#5755=ORIENTED_EDGE('',*,*,#4131,.T.);
#5756=ORIENTED_EDGE('',*,*,#4128,.T.);
#5757=ORIENTED_EDGE('',*,*,#4125,.T.);
#5758=ORIENTED_EDGE('',*,*,#4133,.F.);
#5759=ORIENTED_EDGE('',*,*,#4123,.F.);
#5760=ORIENTED_EDGE('',*,*,#4127,.F.);
#5761=ORIENTED_EDGE('',*,*,#4130,.F.);
#5762=ORIENTED_EDGE('',*,*,#4135,.F.);
#5763=ORIENTED_EDGE('',*,*,#4136,.T.);
#5764=ORIENTED_EDGE('',*,*,#4137,.F.);
#5765=ORIENTED_EDGE('',*,*,#4138,.F.);
#5766=ORIENTED_EDGE('',*,*,#4139,.F.);
#5767=ORIENTED_EDGE('',*,*,#4138,.T.);
#5768=ORIENTED_EDGE('',*,*,#4140,.F.);
#5769=ORIENTED_EDGE('',*,*,#4141,.F.);
#5770=ORIENTED_EDGE('',*,*,#4142,.F.);
#5771=ORIENTED_EDGE('',*,*,#4141,.T.);
#5772=ORIENTED_EDGE('',*,*,#4143,.F.);
#5773=ORIENTED_EDGE('',*,*,#4144,.F.);
#5774=ORIENTED_EDGE('',*,*,#4145,.F.);
#5775=ORIENTED_EDGE('',*,*,#4144,.T.);
#5776=ORIENTED_EDGE('',*,*,#4146,.F.);
#5777=ORIENTED_EDGE('',*,*,#4136,.F.);
#5778=ORIENTED_EDGE('',*,*,#4145,.T.);
#5779=ORIENTED_EDGE('',*,*,#4135,.T.);
#5780=ORIENTED_EDGE('',*,*,#4139,.T.);
#5781=ORIENTED_EDGE('',*,*,#4142,.T.);
#5782=ORIENTED_EDGE('',*,*,#4146,.T.);
#5783=ORIENTED_EDGE('',*,*,#4143,.T.);
#5784=ORIENTED_EDGE('',*,*,#4140,.T.);
#5785=ORIENTED_EDGE('',*,*,#4137,.T.);
#5786=ORIENTED_EDGE('',*,*,#4147,.F.);
#5787=ORIENTED_EDGE('',*,*,#4148,.T.);
#5788=ORIENTED_EDGE('',*,*,#4149,.F.);
#5789=ORIENTED_EDGE('',*,*,#4150,.F.);
#5790=ORIENTED_EDGE('',*,*,#4151,.F.);
#5791=ORIENTED_EDGE('',*,*,#4150,.T.);
#5792=ORIENTED_EDGE('',*,*,#4152,.F.);
#5793=ORIENTED_EDGE('',*,*,#4153,.F.);
#5794=ORIENTED_EDGE('',*,*,#4154,.F.);
#5795=ORIENTED_EDGE('',*,*,#4153,.T.);
#5796=ORIENTED_EDGE('',*,*,#4155,.F.);
#5797=ORIENTED_EDGE('',*,*,#4156,.F.);
#5798=ORIENTED_EDGE('',*,*,#4157,.F.);
#5799=ORIENTED_EDGE('',*,*,#4156,.T.);
#5800=ORIENTED_EDGE('',*,*,#4158,.F.);
#5801=ORIENTED_EDGE('',*,*,#4148,.F.);
#5802=ORIENTED_EDGE('',*,*,#4157,.T.);
#5803=ORIENTED_EDGE('',*,*,#4147,.T.);
#5804=ORIENTED_EDGE('',*,*,#4151,.T.);
#5805=ORIENTED_EDGE('',*,*,#4154,.T.);
#5806=ORIENTED_EDGE('',*,*,#4158,.T.);
#5807=ORIENTED_EDGE('',*,*,#4155,.T.);
#5808=ORIENTED_EDGE('',*,*,#4152,.T.);
#5809=ORIENTED_EDGE('',*,*,#4149,.T.);
#5810=ORIENTED_EDGE('',*,*,#4159,.F.);
#5811=ORIENTED_EDGE('',*,*,#4160,.T.);
#5812=ORIENTED_EDGE('',*,*,#4161,.F.);
#5813=ORIENTED_EDGE('',*,*,#4162,.F.);
#5814=ORIENTED_EDGE('',*,*,#4163,.F.);
#5815=ORIENTED_EDGE('',*,*,#4162,.T.);
#5816=ORIENTED_EDGE('',*,*,#4164,.F.);
#5817=ORIENTED_EDGE('',*,*,#4165,.F.);
#5818=ORIENTED_EDGE('',*,*,#4166,.F.);
#5819=ORIENTED_EDGE('',*,*,#4165,.T.);
#5820=ORIENTED_EDGE('',*,*,#4167,.F.);
#5821=ORIENTED_EDGE('',*,*,#4168,.F.);
#5822=ORIENTED_EDGE('',*,*,#4169,.F.);
#5823=ORIENTED_EDGE('',*,*,#4168,.T.);
#5824=ORIENTED_EDGE('',*,*,#4170,.F.);
#5825=ORIENTED_EDGE('',*,*,#4160,.F.);
#5826=ORIENTED_EDGE('',*,*,#4169,.T.);
#5827=ORIENTED_EDGE('',*,*,#4159,.T.);
#5828=ORIENTED_EDGE('',*,*,#4163,.T.);
#5829=ORIENTED_EDGE('',*,*,#4166,.T.);
#5830=ORIENTED_EDGE('',*,*,#4170,.T.);
#5831=ORIENTED_EDGE('',*,*,#4167,.T.);
#5832=ORIENTED_EDGE('',*,*,#4164,.T.);
#5833=ORIENTED_EDGE('',*,*,#4161,.T.);
#5834=ORIENTED_EDGE('',*,*,#4171,.F.);
#5835=ORIENTED_EDGE('',*,*,#4172,.T.);
#5836=ORIENTED_EDGE('',*,*,#4173,.F.);
#5837=ORIENTED_EDGE('',*,*,#4174,.F.);
#5838=ORIENTED_EDGE('',*,*,#4175,.F.);
#5839=ORIENTED_EDGE('',*,*,#4174,.T.);
#5840=ORIENTED_EDGE('',*,*,#4176,.F.);
#5841=ORIENTED_EDGE('',*,*,#4177,.F.);
#5842=ORIENTED_EDGE('',*,*,#4178,.F.);
#5843=ORIENTED_EDGE('',*,*,#4177,.T.);
#5844=ORIENTED_EDGE('',*,*,#4179,.F.);
#5845=ORIENTED_EDGE('',*,*,#4180,.F.);
#5846=ORIENTED_EDGE('',*,*,#4181,.F.);
#5847=ORIENTED_EDGE('',*,*,#4180,.T.);
#5848=ORIENTED_EDGE('',*,*,#4182,.F.);
#5849=ORIENTED_EDGE('',*,*,#4172,.F.);
#5850=ORIENTED_EDGE('',*,*,#4181,.T.);
#5851=ORIENTED_EDGE('',*,*,#4171,.T.);
#5852=ORIENTED_EDGE('',*,*,#4175,.T.);
#5853=ORIENTED_EDGE('',*,*,#4178,.T.);
#5854=ORIENTED_EDGE('',*,*,#4182,.T.);
#5855=ORIENTED_EDGE('',*,*,#4179,.T.);
#5856=ORIENTED_EDGE('',*,*,#4176,.T.);
#5857=ORIENTED_EDGE('',*,*,#4173,.T.);
#5858=ORIENTED_EDGE('',*,*,#4183,.F.);
#5859=ORIENTED_EDGE('',*,*,#4184,.T.);
#5860=ORIENTED_EDGE('',*,*,#4185,.F.);
#5861=ORIENTED_EDGE('',*,*,#4186,.F.);
#5862=ORIENTED_EDGE('',*,*,#4187,.F.);
#5863=ORIENTED_EDGE('',*,*,#4186,.T.);
#5864=ORIENTED_EDGE('',*,*,#4188,.F.);
#5865=ORIENTED_EDGE('',*,*,#4189,.F.);
#5866=ORIENTED_EDGE('',*,*,#4190,.F.);
#5867=ORIENTED_EDGE('',*,*,#4189,.T.);
#5868=ORIENTED_EDGE('',*,*,#4191,.F.);
#5869=ORIENTED_EDGE('',*,*,#4192,.F.);
#5870=ORIENTED_EDGE('',*,*,#4193,.F.);
#5871=ORIENTED_EDGE('',*,*,#4192,.T.);
#5872=ORIENTED_EDGE('',*,*,#4194,.F.);
#5873=ORIENTED_EDGE('',*,*,#4184,.F.);
#5874=ORIENTED_EDGE('',*,*,#4193,.T.);
#5875=ORIENTED_EDGE('',*,*,#4183,.T.);
#5876=ORIENTED_EDGE('',*,*,#4187,.T.);
#5877=ORIENTED_EDGE('',*,*,#4190,.T.);
#5878=ORIENTED_EDGE('',*,*,#4194,.T.);
#5879=ORIENTED_EDGE('',*,*,#4191,.T.);
#5880=ORIENTED_EDGE('',*,*,#4188,.T.);
#5881=ORIENTED_EDGE('',*,*,#4185,.T.);
#5882=ORIENTED_EDGE('',*,*,#4195,.F.);
#5883=ORIENTED_EDGE('',*,*,#4196,.T.);
#5884=ORIENTED_EDGE('',*,*,#4197,.F.);
#5885=ORIENTED_EDGE('',*,*,#4198,.F.);
#5886=ORIENTED_EDGE('',*,*,#4199,.F.);
#5887=ORIENTED_EDGE('',*,*,#4198,.T.);
#5888=ORIENTED_EDGE('',*,*,#4200,.F.);
#5889=ORIENTED_EDGE('',*,*,#4201,.F.);
#5890=ORIENTED_EDGE('',*,*,#4202,.F.);
#5891=ORIENTED_EDGE('',*,*,#4201,.T.);
#5892=ORIENTED_EDGE('',*,*,#4203,.F.);
#5893=ORIENTED_EDGE('',*,*,#4204,.F.);
#5894=ORIENTED_EDGE('',*,*,#4205,.F.);
#5895=ORIENTED_EDGE('',*,*,#4204,.T.);
#5896=ORIENTED_EDGE('',*,*,#4206,.F.);
#5897=ORIENTED_EDGE('',*,*,#4196,.F.);
#5898=ORIENTED_EDGE('',*,*,#4205,.T.);
#5899=ORIENTED_EDGE('',*,*,#4195,.T.);
#5900=ORIENTED_EDGE('',*,*,#4199,.T.);
#5901=ORIENTED_EDGE('',*,*,#4202,.T.);
#5902=ORIENTED_EDGE('',*,*,#4206,.T.);
#5903=ORIENTED_EDGE('',*,*,#4203,.T.);
#5904=ORIENTED_EDGE('',*,*,#4200,.T.);
#5905=ORIENTED_EDGE('',*,*,#4197,.T.);
#5906=ORIENTED_EDGE('',*,*,#4207,.F.);
#5907=ORIENTED_EDGE('',*,*,#4208,.T.);
#5908=ORIENTED_EDGE('',*,*,#4209,.T.);
#5909=ORIENTED_EDGE('',*,*,#4210,.F.);
#5910=ORIENTED_EDGE('',*,*,#4211,.F.);
#5911=ORIENTED_EDGE('',*,*,#4212,.T.);
#5912=ORIENTED_EDGE('',*,*,#4213,.T.);
#5913=ORIENTED_EDGE('',*,*,#4208,.F.);
#5914=ORIENTED_EDGE('',*,*,#4214,.F.);
#5915=ORIENTED_EDGE('',*,*,#4215,.F.);
#5916=ORIENTED_EDGE('',*,*,#4216,.T.);
#5917=ORIENTED_EDGE('',*,*,#4212,.F.);
#5918=ORIENTED_EDGE('',*,*,#4217,.F.);
#5919=ORIENTED_EDGE('',*,*,#4218,.T.);
#5920=ORIENTED_EDGE('',*,*,#4219,.T.);
#5921=ORIENTED_EDGE('',*,*,#4220,.F.);
#5922=ORIENTED_EDGE('',*,*,#4221,.F.);
#5923=ORIENTED_EDGE('',*,*,#4222,.T.);
#5924=ORIENTED_EDGE('',*,*,#4223,.T.);
#5925=ORIENTED_EDGE('',*,*,#4218,.F.);
#5926=ORIENTED_EDGE('',*,*,#4224,.F.);
#5927=ORIENTED_EDGE('',*,*,#4225,.T.);
#5928=ORIENTED_EDGE('',*,*,#4226,.T.);
#5929=ORIENTED_EDGE('',*,*,#4222,.F.);
#5930=ORIENTED_EDGE('',*,*,#4227,.F.);
#5931=ORIENTED_EDGE('',*,*,#4210,.T.);
#5932=ORIENTED_EDGE('',*,*,#4228,.T.);
#5933=ORIENTED_EDGE('',*,*,#4225,.F.);
#5934=ORIENTED_EDGE('',*,*,#4228,.F.);
#5935=ORIENTED_EDGE('',*,*,#4209,.F.);
#5936=ORIENTED_EDGE('',*,*,#4213,.F.);
#5937=ORIENTED_EDGE('',*,*,#4216,.F.);
#5938=ORIENTED_EDGE('',*,*,#4229,.F.);
#5939=ORIENTED_EDGE('',*,*,#4219,.F.);
#5940=ORIENTED_EDGE('',*,*,#4223,.F.);
#5941=ORIENTED_EDGE('',*,*,#4226,.F.);
#5942=ORIENTED_EDGE('',*,*,#4220,.T.);
#5943=ORIENTED_EDGE('',*,*,#4229,.T.);
#5944=ORIENTED_EDGE('',*,*,#4215,.T.);
#5945=ORIENTED_EDGE('',*,*,#4230,.F.);
#5946=ORIENTED_EDGE('',*,*,#4231,.T.);
#5947=ORIENTED_EDGE('',*,*,#4232,.F.);
#5948=ORIENTED_EDGE('',*,*,#4233,.F.);
#5949=ORIENTED_EDGE('',*,*,#4234,.F.);
#5950=ORIENTED_EDGE('',*,*,#4235,.F.);
#5951=ORIENTED_EDGE('',*,*,#4236,.T.);
#5952=ORIENTED_EDGE('',*,*,#4237,.F.);
#5953=ORIENTED_EDGE('',*,*,#4238,.F.);
#5954=ORIENTED_EDGE('',*,*,#4239,.F.);
#5955=ORIENTED_EDGE('',*,*,#4240,.T.);
#5956=ORIENTED_EDGE('',*,*,#4241,.F.);
#5957=ORIENTED_EDGE('',*,*,#4236,.F.);
#5958=ORIENTED_EDGE('',*,*,#4242,.F.);
#5959=ORIENTED_EDGE('',*,*,#4243,.T.);
#5960=ORIENTED_EDGE('',*,*,#4244,.F.);
#5961=ORIENTED_EDGE('',*,*,#4240,.F.);
#5962=ORIENTED_EDGE('',*,*,#4245,.F.);
#5963=ORIENTED_EDGE('',*,*,#4238,.T.);
#5964=ORIENTED_EDGE('',*,*,#4246,.F.);
#5965=ORIENTED_EDGE('',*,*,#4243,.F.);
#5966=ORIENTED_EDGE('',*,*,#4247,.F.);
#5967=ORIENTED_EDGE('',*,*,#4248,.T.);
#5968=ORIENTED_EDGE('',*,*,#4249,.F.);
#5969=ORIENTED_EDGE('',*,*,#4250,.F.);
#5970=ORIENTED_EDGE('',*,*,#4251,.F.);
#5971=ORIENTED_EDGE('',*,*,#4252,.T.);
#5972=ORIENTED_EDGE('',*,*,#4253,.F.);
#5973=ORIENTED_EDGE('',*,*,#4248,.F.);
#5974=ORIENTED_EDGE('',*,*,#4254,.F.);
#5975=ORIENTED_EDGE('',*,*,#4255,.T.);
#5976=ORIENTED_EDGE('',*,*,#4256,.F.);
#5977=ORIENTED_EDGE('',*,*,#4252,.F.);
#5978=ORIENTED_EDGE('',*,*,#4257,.F.);
#5979=ORIENTED_EDGE('',*,*,#4250,.T.);
#5980=ORIENTED_EDGE('',*,*,#4258,.F.);
#5981=ORIENTED_EDGE('',*,*,#4255,.F.);
#5982=ORIENTED_EDGE('',*,*,#4259,.F.);
#5983=ORIENTED_EDGE('',*,*,#4260,.T.);
#5984=ORIENTED_EDGE('',*,*,#4261,.F.);
#5985=ORIENTED_EDGE('',*,*,#4262,.F.);
#5986=ORIENTED_EDGE('',*,*,#4263,.F.);
#5987=ORIENTED_EDGE('',*,*,#4264,.T.);
#5988=ORIENTED_EDGE('',*,*,#4265,.F.);
#5989=ORIENTED_EDGE('',*,*,#4260,.F.);
#5990=ORIENTED_EDGE('',*,*,#4266,.F.);
#5991=ORIENTED_EDGE('',*,*,#4267,.T.);
#5992=ORIENTED_EDGE('',*,*,#4268,.F.);
#5993=ORIENTED_EDGE('',*,*,#4264,.F.);
#5994=ORIENTED_EDGE('',*,*,#4269,.F.);
#5995=ORIENTED_EDGE('',*,*,#4262,.T.);
#5996=ORIENTED_EDGE('',*,*,#4270,.F.);
#5997=ORIENTED_EDGE('',*,*,#4267,.F.);
#5998=ORIENTED_EDGE('',*,*,#4271,.F.);
#5999=ORIENTED_EDGE('',*,*,#4272,.T.);
#6000=ORIENTED_EDGE('',*,*,#4273,.F.);
#6001=ORIENTED_EDGE('',*,*,#4274,.F.);
#6002=ORIENTED_EDGE('',*,*,#4275,.F.);
#6003=ORIENTED_EDGE('',*,*,#4276,.T.);
#6004=ORIENTED_EDGE('',*,*,#4277,.F.);
#6005=ORIENTED_EDGE('',*,*,#4272,.F.);
#6006=ORIENTED_EDGE('',*,*,#4278,.F.);
#6007=ORIENTED_EDGE('',*,*,#4279,.T.);
#6008=ORIENTED_EDGE('',*,*,#4280,.F.);
#6009=ORIENTED_EDGE('',*,*,#4276,.F.);
#6010=ORIENTED_EDGE('',*,*,#4281,.F.);
#6011=ORIENTED_EDGE('',*,*,#4274,.T.);
#6012=ORIENTED_EDGE('',*,*,#4282,.F.);
#6013=ORIENTED_EDGE('',*,*,#4279,.F.);
#6014=ORIENTED_EDGE('',*,*,#4283,.F.);
#6015=ORIENTED_EDGE('',*,*,#4284,.T.);
#6016=ORIENTED_EDGE('',*,*,#4285,.F.);
#6017=ORIENTED_EDGE('',*,*,#4286,.F.);
#6018=ORIENTED_EDGE('',*,*,#4287,.F.);
#6019=ORIENTED_EDGE('',*,*,#4288,.T.);
#6020=ORIENTED_EDGE('',*,*,#4289,.F.);
#6021=ORIENTED_EDGE('',*,*,#4284,.F.);
#6022=ORIENTED_EDGE('',*,*,#4290,.F.);
#6023=ORIENTED_EDGE('',*,*,#4291,.T.);
#6024=ORIENTED_EDGE('',*,*,#4292,.F.);
#6025=ORIENTED_EDGE('',*,*,#4288,.F.);
#6026=ORIENTED_EDGE('',*,*,#4293,.F.);
#6027=ORIENTED_EDGE('',*,*,#4286,.T.);
#6028=ORIENTED_EDGE('',*,*,#4294,.F.);
#6029=ORIENTED_EDGE('',*,*,#4291,.F.);
#6030=ORIENTED_EDGE('',*,*,#4295,.F.);
#6031=ORIENTED_EDGE('',*,*,#4296,.T.);
#6032=ORIENTED_EDGE('',*,*,#4297,.F.);
#6033=ORIENTED_EDGE('',*,*,#4298,.F.);
#6034=ORIENTED_EDGE('',*,*,#4299,.F.);
#6035=ORIENTED_EDGE('',*,*,#4300,.T.);
#6036=ORIENTED_EDGE('',*,*,#4301,.F.);
#6037=ORIENTED_EDGE('',*,*,#4296,.F.);
#6038=ORIENTED_EDGE('',*,*,#4302,.F.);
#6039=ORIENTED_EDGE('',*,*,#4303,.T.);
#6040=ORIENTED_EDGE('',*,*,#4304,.F.);
#6041=ORIENTED_EDGE('',*,*,#4300,.F.);
#6042=ORIENTED_EDGE('',*,*,#4305,.F.);
#6043=ORIENTED_EDGE('',*,*,#4298,.T.);
#6044=ORIENTED_EDGE('',*,*,#4306,.F.);
#6045=ORIENTED_EDGE('',*,*,#4303,.F.);
#6046=ORIENTED_EDGE('',*,*,#4307,.F.);
#6047=ORIENTED_EDGE('',*,*,#4308,.T.);
#6048=ORIENTED_EDGE('',*,*,#4309,.F.);
#6049=ORIENTED_EDGE('',*,*,#4310,.F.);
#6050=ORIENTED_EDGE('',*,*,#4311,.F.);
#6051=ORIENTED_EDGE('',*,*,#4312,.T.);
#6052=ORIENTED_EDGE('',*,*,#4313,.F.);
#6053=ORIENTED_EDGE('',*,*,#4308,.F.);
#6054=ORIENTED_EDGE('',*,*,#4314,.F.);
#6055=ORIENTED_EDGE('',*,*,#4315,.T.);
#6056=ORIENTED_EDGE('',*,*,#4316,.F.);
#6057=ORIENTED_EDGE('',*,*,#4312,.F.);
#6058=ORIENTED_EDGE('',*,*,#4317,.F.);
#6059=ORIENTED_EDGE('',*,*,#4310,.T.);
#6060=ORIENTED_EDGE('',*,*,#4318,.F.);
#6061=ORIENTED_EDGE('',*,*,#4315,.F.);
#6062=ORIENTED_EDGE('',*,*,#4319,.F.);
#6063=ORIENTED_EDGE('',*,*,#4320,.T.);
#6064=ORIENTED_EDGE('',*,*,#4321,.F.);
#6065=ORIENTED_EDGE('',*,*,#4322,.F.);
#6066=ORIENTED_EDGE('',*,*,#4323,.F.);
#6067=ORIENTED_EDGE('',*,*,#4324,.T.);
#6068=ORIENTED_EDGE('',*,*,#4325,.F.);
#6069=ORIENTED_EDGE('',*,*,#4320,.F.);
#6070=ORIENTED_EDGE('',*,*,#4326,.F.);
#6071=ORIENTED_EDGE('',*,*,#4327,.T.);
#6072=ORIENTED_EDGE('',*,*,#4328,.F.);
#6073=ORIENTED_EDGE('',*,*,#4324,.F.);
#6074=ORIENTED_EDGE('',*,*,#4329,.F.);
#6075=ORIENTED_EDGE('',*,*,#4322,.T.);
#6076=ORIENTED_EDGE('',*,*,#4330,.F.);
#6077=ORIENTED_EDGE('',*,*,#4327,.F.);
#6078=ORIENTED_EDGE('',*,*,#4331,.F.);
#6079=ORIENTED_EDGE('',*,*,#4332,.T.);
#6080=ORIENTED_EDGE('',*,*,#4333,.F.);
#6081=ORIENTED_EDGE('',*,*,#4334,.F.);
#6082=ORIENTED_EDGE('',*,*,#4335,.F.);
#6083=ORIENTED_EDGE('',*,*,#4336,.T.);
#6084=ORIENTED_EDGE('',*,*,#4337,.F.);
#6085=ORIENTED_EDGE('',*,*,#4332,.F.);
#6086=ORIENTED_EDGE('',*,*,#4338,.F.);
#6087=ORIENTED_EDGE('',*,*,#4339,.T.);
#6088=ORIENTED_EDGE('',*,*,#4340,.F.);
#6089=ORIENTED_EDGE('',*,*,#4336,.F.);
#6090=ORIENTED_EDGE('',*,*,#4341,.F.);
#6091=ORIENTED_EDGE('',*,*,#4334,.T.);
#6092=ORIENTED_EDGE('',*,*,#4342,.F.);
#6093=ORIENTED_EDGE('',*,*,#4339,.F.);
#6094=ORIENTED_EDGE('',*,*,#4343,.F.);
#6095=ORIENTED_EDGE('',*,*,#4344,.T.);
#6096=ORIENTED_EDGE('',*,*,#4345,.F.);
#6097=ORIENTED_EDGE('',*,*,#4346,.F.);
#6098=ORIENTED_EDGE('',*,*,#4347,.F.);
#6099=ORIENTED_EDGE('',*,*,#4348,.T.);
#6100=ORIENTED_EDGE('',*,*,#4349,.F.);
#6101=ORIENTED_EDGE('',*,*,#4344,.F.);
#6102=ORIENTED_EDGE('',*,*,#4350,.F.);
#6103=ORIENTED_EDGE('',*,*,#4351,.T.);
#6104=ORIENTED_EDGE('',*,*,#4352,.F.);
#6105=ORIENTED_EDGE('',*,*,#4348,.F.);
#6106=ORIENTED_EDGE('',*,*,#4353,.F.);
#6107=ORIENTED_EDGE('',*,*,#4346,.T.);
#6108=ORIENTED_EDGE('',*,*,#4354,.F.);
#6109=ORIENTED_EDGE('',*,*,#4351,.F.);
#6110=ORIENTED_EDGE('',*,*,#4355,.F.);
#6111=ORIENTED_EDGE('',*,*,#4356,.T.);
#6112=ORIENTED_EDGE('',*,*,#4357,.F.);
#6113=ORIENTED_EDGE('',*,*,#4358,.F.);
#6114=ORIENTED_EDGE('',*,*,#4359,.F.);
#6115=ORIENTED_EDGE('',*,*,#4360,.T.);
#6116=ORIENTED_EDGE('',*,*,#4361,.F.);
#6117=ORIENTED_EDGE('',*,*,#4356,.F.);
#6118=ORIENTED_EDGE('',*,*,#4362,.F.);
#6119=ORIENTED_EDGE('',*,*,#4363,.T.);
#6120=ORIENTED_EDGE('',*,*,#4364,.F.);
#6121=ORIENTED_EDGE('',*,*,#4360,.F.);
#6122=ORIENTED_EDGE('',*,*,#4365,.F.);
#6123=ORIENTED_EDGE('',*,*,#4358,.T.);
#6124=ORIENTED_EDGE('',*,*,#4366,.F.);
#6125=ORIENTED_EDGE('',*,*,#4363,.F.);
#6126=ORIENTED_EDGE('',*,*,#4367,.F.);
#6127=ORIENTED_EDGE('',*,*,#4368,.T.);
#6128=ORIENTED_EDGE('',*,*,#4369,.F.);
#6129=ORIENTED_EDGE('',*,*,#4370,.F.);
#6130=ORIENTED_EDGE('',*,*,#4371,.F.);
#6131=ORIENTED_EDGE('',*,*,#4372,.T.);
#6132=ORIENTED_EDGE('',*,*,#4373,.F.);
#6133=ORIENTED_EDGE('',*,*,#4368,.F.);
#6134=ORIENTED_EDGE('',*,*,#4374,.F.);
#6135=ORIENTED_EDGE('',*,*,#4375,.T.);
#6136=ORIENTED_EDGE('',*,*,#4376,.F.);
#6137=ORIENTED_EDGE('',*,*,#4372,.F.);
#6138=ORIENTED_EDGE('',*,*,#4377,.F.);
#6139=ORIENTED_EDGE('',*,*,#4370,.T.);
#6140=ORIENTED_EDGE('',*,*,#4378,.F.);
#6141=ORIENTED_EDGE('',*,*,#4375,.F.);
#6142=ORIENTED_EDGE('',*,*,#4379,.F.);
#6143=ORIENTED_EDGE('',*,*,#4380,.T.);
#6144=ORIENTED_EDGE('',*,*,#4381,.F.);
#6145=ORIENTED_EDGE('',*,*,#4382,.F.);
#6146=ORIENTED_EDGE('',*,*,#4383,.F.);
#6147=ORIENTED_EDGE('',*,*,#4384,.T.);
#6148=ORIENTED_EDGE('',*,*,#4385,.F.);
#6149=ORIENTED_EDGE('',*,*,#4380,.F.);
#6150=ORIENTED_EDGE('',*,*,#4386,.F.);
#6151=ORIENTED_EDGE('',*,*,#4387,.T.);
#6152=ORIENTED_EDGE('',*,*,#4388,.F.);
#6153=ORIENTED_EDGE('',*,*,#4384,.F.);
#6154=ORIENTED_EDGE('',*,*,#4389,.F.);
#6155=ORIENTED_EDGE('',*,*,#4382,.T.);
#6156=ORIENTED_EDGE('',*,*,#4390,.F.);
#6157=ORIENTED_EDGE('',*,*,#4387,.F.);
#6158=ORIENTED_EDGE('',*,*,#4391,.F.);
#6159=ORIENTED_EDGE('',*,*,#4392,.T.);
#6160=ORIENTED_EDGE('',*,*,#4393,.F.);
#6161=ORIENTED_EDGE('',*,*,#4231,.F.);
#6162=ORIENTED_EDGE('',*,*,#4394,.F.);
#6163=ORIENTED_EDGE('',*,*,#4233,.T.);
#6164=ORIENTED_EDGE('',*,*,#4395,.F.);
#6165=ORIENTED_EDGE('',*,*,#4396,.F.);
#6166=ORIENTED_EDGE('',*,*,#4397,.F.);
#6167=ORIENTED_EDGE('',*,*,#4396,.T.);
#6168=ORIENTED_EDGE('',*,*,#4398,.F.);
#6169=ORIENTED_EDGE('',*,*,#4392,.F.);
#6170=ORIENTED_EDGE('',*,*,#4217,.T.);
#6171=ORIENTED_EDGE('',*,*,#4234,.T.);
#6172=ORIENTED_EDGE('',*,*,#4394,.T.);
#6173=ORIENTED_EDGE('',*,*,#4397,.T.);
#6174=ORIENTED_EDGE('',*,*,#4391,.T.);
#6175=ORIENTED_EDGE('',*,*,#4230,.T.);
#6176=ORIENTED_EDGE('',*,*,#4214,.T.);
#6177=ORIENTED_EDGE('',*,*,#4211,.T.);
#6178=ORIENTED_EDGE('',*,*,#4207,.T.);
#6179=ORIENTED_EDGE('',*,*,#4227,.T.);
#6180=ORIENTED_EDGE('',*,*,#4224,.T.);
#6181=ORIENTED_EDGE('',*,*,#4221,.T.);
#6182=ORIENTED_EDGE('',*,*,#4235,.T.);
#6183=ORIENTED_EDGE('',*,*,#4245,.T.);
#6184=ORIENTED_EDGE('',*,*,#4242,.T.);
#6185=ORIENTED_EDGE('',*,*,#4239,.T.);
#6186=ORIENTED_EDGE('',*,*,#4247,.T.);
#6187=ORIENTED_EDGE('',*,*,#4257,.T.);
#6188=ORIENTED_EDGE('',*,*,#4254,.T.);
#6189=ORIENTED_EDGE('',*,*,#4251,.T.);
#6190=ORIENTED_EDGE('',*,*,#4259,.T.);
#6191=ORIENTED_EDGE('',*,*,#4269,.T.);
#6192=ORIENTED_EDGE('',*,*,#4266,.T.);
#6193=ORIENTED_EDGE('',*,*,#4263,.T.);
#6194=ORIENTED_EDGE('',*,*,#4271,.T.);
#6195=ORIENTED_EDGE('',*,*,#4281,.T.);
#6196=ORIENTED_EDGE('',*,*,#4278,.T.);
#6197=ORIENTED_EDGE('',*,*,#4275,.T.);
#6198=ORIENTED_EDGE('',*,*,#4283,.T.);
#6199=ORIENTED_EDGE('',*,*,#4293,.T.);
#6200=ORIENTED_EDGE('',*,*,#4290,.T.);
#6201=ORIENTED_EDGE('',*,*,#4287,.T.);
#6202=ORIENTED_EDGE('',*,*,#4295,.T.);
#6203=ORIENTED_EDGE('',*,*,#4305,.T.);
#6204=ORIENTED_EDGE('',*,*,#4302,.T.);
#6205=ORIENTED_EDGE('',*,*,#4299,.T.);
#6206=ORIENTED_EDGE('',*,*,#4307,.T.);
#6207=ORIENTED_EDGE('',*,*,#4317,.T.);
#6208=ORIENTED_EDGE('',*,*,#4314,.T.);
#6209=ORIENTED_EDGE('',*,*,#4311,.T.);
#6210=ORIENTED_EDGE('',*,*,#4319,.T.);
#6211=ORIENTED_EDGE('',*,*,#4329,.T.);
#6212=ORIENTED_EDGE('',*,*,#4326,.T.);
#6213=ORIENTED_EDGE('',*,*,#4323,.T.);
#6214=ORIENTED_EDGE('',*,*,#4331,.T.);
#6215=ORIENTED_EDGE('',*,*,#4341,.T.);
#6216=ORIENTED_EDGE('',*,*,#4338,.T.);
#6217=ORIENTED_EDGE('',*,*,#4335,.T.);
#6218=ORIENTED_EDGE('',*,*,#4343,.T.);
#6219=ORIENTED_EDGE('',*,*,#4353,.T.);
#6220=ORIENTED_EDGE('',*,*,#4350,.T.);
#6221=ORIENTED_EDGE('',*,*,#4347,.T.);
#6222=ORIENTED_EDGE('',*,*,#4355,.T.);
#6223=ORIENTED_EDGE('',*,*,#4365,.T.);
#6224=ORIENTED_EDGE('',*,*,#4362,.T.);
#6225=ORIENTED_EDGE('',*,*,#4359,.T.);
#6226=ORIENTED_EDGE('',*,*,#4367,.T.);
#6227=ORIENTED_EDGE('',*,*,#4377,.T.);
#6228=ORIENTED_EDGE('',*,*,#4374,.T.);
#6229=ORIENTED_EDGE('',*,*,#4371,.T.);
#6230=ORIENTED_EDGE('',*,*,#4379,.T.);
#6231=ORIENTED_EDGE('',*,*,#4389,.T.);
#6232=ORIENTED_EDGE('',*,*,#4386,.T.);
#6233=ORIENTED_EDGE('',*,*,#4383,.T.);
#6234=ORIENTED_EDGE('',*,*,#4398,.T.);
#6235=ORIENTED_EDGE('',*,*,#4395,.T.);
#6236=ORIENTED_EDGE('',*,*,#4232,.T.);
#6237=ORIENTED_EDGE('',*,*,#4393,.T.);
#6238=ORIENTED_EDGE('',*,*,#4237,.T.);
#6239=ORIENTED_EDGE('',*,*,#4241,.T.);
#6240=ORIENTED_EDGE('',*,*,#4244,.T.);
#6241=ORIENTED_EDGE('',*,*,#4246,.T.);
#6242=ORIENTED_EDGE('',*,*,#4249,.T.);
#6243=ORIENTED_EDGE('',*,*,#4253,.T.);
#6244=ORIENTED_EDGE('',*,*,#4256,.T.);
#6245=ORIENTED_EDGE('',*,*,#4258,.T.);
#6246=ORIENTED_EDGE('',*,*,#4261,.T.);
#6247=ORIENTED_EDGE('',*,*,#4265,.T.);
#6248=ORIENTED_EDGE('',*,*,#4268,.T.);
#6249=ORIENTED_EDGE('',*,*,#4270,.T.);
#6250=ORIENTED_EDGE('',*,*,#4273,.T.);
#6251=ORIENTED_EDGE('',*,*,#4277,.T.);
#6252=ORIENTED_EDGE('',*,*,#4280,.T.);
#6253=ORIENTED_EDGE('',*,*,#4282,.T.);
#6254=ORIENTED_EDGE('',*,*,#4285,.T.);
#6255=ORIENTED_EDGE('',*,*,#4289,.T.);
#6256=ORIENTED_EDGE('',*,*,#4292,.T.);
#6257=ORIENTED_EDGE('',*,*,#4294,.T.);
#6258=ORIENTED_EDGE('',*,*,#4297,.T.);
#6259=ORIENTED_EDGE('',*,*,#4301,.T.);
#6260=ORIENTED_EDGE('',*,*,#4304,.T.);
#6261=ORIENTED_EDGE('',*,*,#4306,.T.);
#6262=ORIENTED_EDGE('',*,*,#4309,.T.);
#6263=ORIENTED_EDGE('',*,*,#4313,.T.);
#6264=ORIENTED_EDGE('',*,*,#4316,.T.);
#6265=ORIENTED_EDGE('',*,*,#4318,.T.);
#6266=ORIENTED_EDGE('',*,*,#4321,.T.);
#6267=ORIENTED_EDGE('',*,*,#4325,.T.);
#6268=ORIENTED_EDGE('',*,*,#4328,.T.);
#6269=ORIENTED_EDGE('',*,*,#4330,.T.);
#6270=ORIENTED_EDGE('',*,*,#4333,.T.);
#6271=ORIENTED_EDGE('',*,*,#4337,.T.);
#6272=ORIENTED_EDGE('',*,*,#4340,.T.);
#6273=ORIENTED_EDGE('',*,*,#4342,.T.);
#6274=ORIENTED_EDGE('',*,*,#4345,.T.);
#6275=ORIENTED_EDGE('',*,*,#4349,.T.);
#6276=ORIENTED_EDGE('',*,*,#4352,.T.);
#6277=ORIENTED_EDGE('',*,*,#4354,.T.);
#6278=ORIENTED_EDGE('',*,*,#4357,.T.);
#6279=ORIENTED_EDGE('',*,*,#4361,.T.);
#6280=ORIENTED_EDGE('',*,*,#4364,.T.);
#6281=ORIENTED_EDGE('',*,*,#4366,.T.);
#6282=ORIENTED_EDGE('',*,*,#4369,.T.);
#6283=ORIENTED_EDGE('',*,*,#4373,.T.);
#6284=ORIENTED_EDGE('',*,*,#4376,.T.);
#6285=ORIENTED_EDGE('',*,*,#4378,.T.);
#6286=ORIENTED_EDGE('',*,*,#4381,.T.);
#6287=ORIENTED_EDGE('',*,*,#4385,.T.);
#6288=ORIENTED_EDGE('',*,*,#4388,.T.);
#6289=ORIENTED_EDGE('',*,*,#4390,.T.);
#6290=ORIENTED_EDGE('',*,*,#4399,.F.);
#6291=ORIENTED_EDGE('',*,*,#4400,.F.);
#6292=ORIENTED_EDGE('',*,*,#4401,.F.);
#6293=ORIENTED_EDGE('',*,*,#4400,.T.);
#6294=ORIENTED_EDGE('',*,*,#4401,.T.);
#6295=ORIENTED_EDGE('',*,*,#4402,.T.);
#6296=ORIENTED_EDGE('',*,*,#4403,.T.);
#6297=ORIENTED_EDGE('',*,*,#4404,.F.);
#6298=ORIENTED_EDGE('',*,*,#4405,.F.);
#6299=ORIENTED_EDGE('',*,*,#4406,.T.);
#6300=ORIENTED_EDGE('',*,*,#4405,.T.);
#6301=ORIENTED_EDGE('',*,*,#4407,.F.);
#6302=ORIENTED_EDGE('',*,*,#4408,.F.);
#6303=ORIENTED_EDGE('',*,*,#4409,.T.);
#6304=ORIENTED_EDGE('',*,*,#4408,.T.);
#6305=ORIENTED_EDGE('',*,*,#4410,.F.);
#6306=ORIENTED_EDGE('',*,*,#4411,.F.);
#6307=ORIENTED_EDGE('',*,*,#4412,.T.);
#6308=ORIENTED_EDGE('',*,*,#4411,.T.);
#6309=ORIENTED_EDGE('',*,*,#4413,.F.);
#6310=ORIENTED_EDGE('',*,*,#4403,.F.);
#6311=ORIENTED_EDGE('',*,*,#4413,.T.);
#6312=ORIENTED_EDGE('',*,*,#4410,.T.);
#6313=ORIENTED_EDGE('',*,*,#4407,.T.);
#6314=ORIENTED_EDGE('',*,*,#4404,.T.);
#6315=ORIENTED_EDGE('',*,*,#4412,.F.);
#6316=ORIENTED_EDGE('',*,*,#4402,.F.);
#6317=ORIENTED_EDGE('',*,*,#4406,.F.);
#6318=ORIENTED_EDGE('',*,*,#4409,.F.);
#6319=ORIENTED_EDGE('',*,*,#4399,.T.);
#6320=ORIENTED_EDGE('',*,*,#4414,.F.);
#6321=ORIENTED_EDGE('',*,*,#4415,.T.);
#6322=ORIENTED_EDGE('',*,*,#4414,.T.);
#6323=ORIENTED_EDGE('',*,*,#4415,.F.);
#6324=ORIENTED_EDGE('',*,*,#4416,.T.);
#6325=ORIENTED_EDGE('',*,*,#4417,.T.);
#6326=ORIENTED_EDGE('',*,*,#4418,.F.);
#6327=ORIENTED_EDGE('',*,*,#4419,.F.);
#6328=ORIENTED_EDGE('',*,*,#4420,.T.);
#6329=ORIENTED_EDGE('',*,*,#4419,.T.);
#6330=ORIENTED_EDGE('',*,*,#4421,.F.);
#6331=ORIENTED_EDGE('',*,*,#4422,.F.);
#6332=ORIENTED_EDGE('',*,*,#4423,.T.);
#6333=ORIENTED_EDGE('',*,*,#4422,.T.);
#6334=ORIENTED_EDGE('',*,*,#4424,.F.);
#6335=ORIENTED_EDGE('',*,*,#4425,.F.);
#6336=ORIENTED_EDGE('',*,*,#4426,.T.);
#6337=ORIENTED_EDGE('',*,*,#4425,.T.);
#6338=ORIENTED_EDGE('',*,*,#4427,.F.);
#6339=ORIENTED_EDGE('',*,*,#4428,.F.);
#6340=ORIENTED_EDGE('',*,*,#4429,.T.);
#6341=ORIENTED_EDGE('',*,*,#4428,.T.);
#6342=ORIENTED_EDGE('',*,*,#4430,.F.);
#6343=ORIENTED_EDGE('',*,*,#4431,.F.);
#6344=ORIENTED_EDGE('',*,*,#4432,.T.);
#6345=ORIENTED_EDGE('',*,*,#4431,.T.);
#6346=ORIENTED_EDGE('',*,*,#4433,.F.);
#6347=ORIENTED_EDGE('',*,*,#4434,.F.);
#6348=ORIENTED_EDGE('',*,*,#4435,.T.);
#6349=ORIENTED_EDGE('',*,*,#4434,.T.);
#6350=ORIENTED_EDGE('',*,*,#4436,.F.);
#6351=ORIENTED_EDGE('',*,*,#4437,.F.);
#6352=ORIENTED_EDGE('',*,*,#4438,.T.);
#6353=ORIENTED_EDGE('',*,*,#4437,.T.);
#6354=ORIENTED_EDGE('',*,*,#4439,.F.);
#6355=ORIENTED_EDGE('',*,*,#4417,.F.);
#6356=ORIENTED_EDGE('',*,*,#4439,.T.);
#6357=ORIENTED_EDGE('',*,*,#4436,.T.);
#6358=ORIENTED_EDGE('',*,*,#4433,.T.);
#6359=ORIENTED_EDGE('',*,*,#4430,.T.);
#6360=ORIENTED_EDGE('',*,*,#4427,.T.);
#6361=ORIENTED_EDGE('',*,*,#4424,.T.);
#6362=ORIENTED_EDGE('',*,*,#4421,.T.);
#6363=ORIENTED_EDGE('',*,*,#4418,.T.);
#6364=ORIENTED_EDGE('',*,*,#4438,.F.);
#6365=ORIENTED_EDGE('',*,*,#4416,.F.);
#6366=ORIENTED_EDGE('',*,*,#4420,.F.);
#6367=ORIENTED_EDGE('',*,*,#4423,.F.);
#6368=ORIENTED_EDGE('',*,*,#4426,.F.);
#6369=ORIENTED_EDGE('',*,*,#4429,.F.);
#6370=ORIENTED_EDGE('',*,*,#4432,.F.);
#6371=ORIENTED_EDGE('',*,*,#4435,.F.);
#6372=CYLINDRICAL_SURFACE('',#6924,0.590586056818576);
#6373=CYLINDRICAL_SURFACE('',#6928,0.582082144037735);
#6374=CYLINDRICAL_SURFACE('',#6931,0.568308117171806);
#6375=CYLINDRICAL_SURFACE('',#6934,0.541088644261234);
#6376=CYLINDRICAL_SURFACE('',#6937,0.35562862949775);
#6377=CYLINDRICAL_SURFACE('',#6940,0.262627486192926);
#6378=CYLINDRICAL_SURFACE('',#6943,0.266080240119816);
#6379=CYLINDRICAL_SURFACE('',#6946,0.339337886426436);
#6380=CYLINDRICAL_SURFACE('',#6949,0.357967026118328);
#6381=CYLINDRICAL_SURFACE('',#6952,0.160341447644843);
#6382=CYLINDRICAL_SURFACE('',#6955,0.502554061276681);
#6383=CYLINDRICAL_SURFACE('',#6958,0.31015616560089);
#6384=CYLINDRICAL_SURFACE('',#6961,0.208121647144662);
#6385=CYLINDRICAL_SURFACE('',#6964,0.279003795335946);
#6386=CYLINDRICAL_SURFACE('',#6967,0.474265805895394);
#6387=CYLINDRICAL_SURFACE('',#6970,0.501606350616149);
#6388=CYLINDRICAL_SURFACE('',#6974,1.01082455072964);
#6389=CYLINDRICAL_SURFACE('',#6977,0.16034144764482);
#6390=CYLINDRICAL_SURFACE('',#6987,0.125568056070296);
#6391=CYLINDRICAL_SURFACE('',#6990,0.110468670802781);
#6392=CYLINDRICAL_SURFACE('',#6993,0.0816252138764342);
#6393=CYLINDRICAL_SURFACE('',#6996,0.110146997390659);
#6394=CYLINDRICAL_SURFACE('',#7002,0.0548438291742378);
#6395=CYLINDRICAL_SURFACE('',#7012,0.125568056070296);
#6396=CYLINDRICAL_SURFACE('',#7015,0.110468670802783);
#6397=CYLINDRICAL_SURFACE('',#7018,0.0816252138764342);
#6398=CYLINDRICAL_SURFACE('',#7021,0.11014699739066);
#6399=CYLINDRICAL_SURFACE('',#7027,0.0548438291742323);
#6400=CYLINDRICAL_SURFACE('',#7032,0.105334519968146);
#6401=CYLINDRICAL_SURFACE('',#7035,0.0971790413955277);
#6402=CYLINDRICAL_SURFACE('',#7038,0.147594944001083);
#6403=CYLINDRICAL_SURFACE('',#7042,0.0572428562907741);
#6404=CYLINDRICAL_SURFACE('',#7045,0.0580207008054388);
#6405=CYLINDRICAL_SURFACE('',#7048,0.036003189804497);
#6406=CYLINDRICAL_SURFACE('',#7051,0.0349416248292104);
#6407=CYLINDRICAL_SURFACE('',#7067,0.112553612533164);
#6408=CYLINDRICAL_SURFACE('',#7072,0.0542778021716721);
#6409=CYLINDRICAL_SURFACE('',#7100,0.125568056070296);
#6410=CYLINDRICAL_SURFACE('',#7103,0.110468670802783);
#6411=CYLINDRICAL_SURFACE('',#7106,0.0816252138764342);
#6412=CYLINDRICAL_SURFACE('',#7109,0.11014699739066);
#6413=CYLINDRICAL_SURFACE('',#7115,0.0548438291742354);
#6414=CYLINDRICAL_SURFACE('',#7120,0.144128052048807);
#6415=CYLINDRICAL_SURFACE('',#7125,0.0648312367759875);
#6416=CYLINDRICAL_SURFACE('',#7128,0.218815480119707);
#6417=CYLINDRICAL_SURFACE('',#7131,0.0782817474666292);
#6418=CYLINDRICAL_SURFACE('',#7134,0.0520834664012006);
#6419=CYLINDRICAL_SURFACE('',#7137,0.062763757231861);
#6420=CYLINDRICAL_SURFACE('',#7140,0.0519569591985461);
#6421=CYLINDRICAL_SURFACE('',#7143,0.261624932330131);
#6422=CYLINDRICAL_SURFACE('',#7146,0.139574882934078);
#6423=CYLINDRICAL_SURFACE('',#7149,0.122212626580873);
#6424=CYLINDRICAL_SURFACE('',#7152,0.155543404710444);
#6425=CYLINDRICAL_SURFACE('',#7155,0.128770818930325);
#6426=CYLINDRICAL_SURFACE('',#7158,0.150342940479229);
#6427=CYLINDRICAL_SURFACE('',#7161,0.415074235190525);
#6428=CYLINDRICAL_SURFACE('',#7166,0.904131942955274);
#6429=CYLINDRICAL_SURFACE('',#7169,0.149918896932146);
#6430=CYLINDRICAL_SURFACE('',#7172,0.120874819942602);
#6431=CYLINDRICAL_SURFACE('',#7175,0.0564474818233488);
#6432=CYLINDRICAL_SURFACE('',#7178,0.05674969860951);
#6433=CYLINDRICAL_SURFACE('',#7181,0.0538480919115353);
#6434=CYLINDRICAL_SURFACE('',#7184,0.0504065033625591);
#6435=CYLINDRICAL_SURFACE('',#7187,0.128213019270422);
#6436=CYLINDRICAL_SURFACE('',#7190,0.0861704800434831);
#6437=CYLINDRICAL_SURFACE('',#7195,0.17800267260066);
#6438=CYLINDRICAL_SURFACE('',#7198,0.15758044967139);
#6439=CYLINDRICAL_SURFACE('',#7201,0.291299142373768);
#6440=CYLINDRICAL_SURFACE('',#7204,0.0912199869046643);
#6441=CYLINDRICAL_SURFACE('',#7207,0.234049632720168);
#6442=CYLINDRICAL_SURFACE('',#7210,0.107759595770793);
#6443=CYLINDRICAL_SURFACE('',#7213,0.1050247233761);
#6444=CYLINDRICAL_SURFACE('',#7216,0.118657100442731);
#6445=CYLINDRICAL_SURFACE('',#7219,0.135610633976155);
#6446=CYLINDRICAL_SURFACE('',#7222,0.0983346185764533);
#6447=CYLINDRICAL_SURFACE('',#7225,0.116469332548756);
#6448=CYLINDRICAL_SURFACE('',#7228,0.0895694600640642);
#6449=CYLINDRICAL_SURFACE('',#7231,0.123850060716544);
#6450=CYLINDRICAL_SURFACE('',#7234,0.421843786842175);
#6451=CYLINDRICAL_SURFACE('',#7237,0.643809337406953);
#6452=CYLINDRICAL_SURFACE('',#7240,0.338518399749573);
#6453=CYLINDRICAL_SURFACE('',#7245,0.21125014828098);
#6454=CYLINDRICAL_SURFACE('',#7248,0.423133967538098);
#6455=CYLINDRICAL_SURFACE('',#7251,0.326839264499495);
#6456=CYLINDRICAL_SURFACE('',#7254,0.236443200597977);
#6457=CYLINDRICAL_SURFACE('',#7257,0.116879068096996);
#6458=CYLINDRICAL_SURFACE('',#7260,0.081177448059881);
#6459=CYLINDRICAL_SURFACE('',#7263,0.0436178182739742);
#6460=CYLINDRICAL_SURFACE('',#7266,0.0452418995164228);
#6461=CYLINDRICAL_SURFACE('',#7269,0.0363794136339088);
#6462=CYLINDRICAL_SURFACE('',#7272,0.0363794136339497);
#6463=CYLINDRICAL_SURFACE('',#7275,0.0452418995164295);
#6464=CYLINDRICAL_SURFACE('',#7278,0.04361781827396);
#6465=CYLINDRICAL_SURFACE('',#7281,0.0811774480599047);
#6466=CYLINDRICAL_SURFACE('',#7284,0.116879068096972);
#6467=CYLINDRICAL_SURFACE('',#7287,0.236443200598134);
#6468=CYLINDRICAL_SURFACE('',#7290,0.326839264499581);
#6469=CYLINDRICAL_SURFACE('',#7293,0.423133967538016);
#6470=CYLINDRICAL_SURFACE('',#7296,0.211250148280998);
#6471=CYLINDRICAL_SURFACE('',#7299,0.211250148280915);
#6472=CYLINDRICAL_SURFACE('',#7302,0.423133967538098);
#6473=CYLINDRICAL_SURFACE('',#7305,0.326839264499489);
#6474=CYLINDRICAL_SURFACE('',#7308,0.23644320059798);
#6475=CYLINDRICAL_SURFACE('',#7311,0.116879068096996);
#6476=CYLINDRICAL_SURFACE('',#7314,0.0811774480598802);
#6477=CYLINDRICAL_SURFACE('',#7317,0.0436178182739668);
#6478=CYLINDRICAL_SURFACE('',#7320,0.0452418995164285);
#6479=CYLINDRICAL_SURFACE('',#7323,0.0363794136339089);
#6480=CYLINDRICAL_SURFACE('',#7326,0.0363794136339498);
#6481=CYLINDRICAL_SURFACE('',#7329,0.0452418995164288);
#6482=CYLINDRICAL_SURFACE('',#7332,0.0436178182739746);
#6483=CYLINDRICAL_SURFACE('',#7335,0.0811774480598839);
#6484=CYLINDRICAL_SURFACE('',#7338,0.116879068096972);
#6485=CYLINDRICAL_SURFACE('',#7341,0.236443200598133);
#6486=CYLINDRICAL_SURFACE('',#7344,0.326839264499346);
#6487=CYLINDRICAL_SURFACE('',#7347,0.423133967538018);
#6488=CYLINDRICAL_SURFACE('',#7350,0.211250148280998);
#6489=CYLINDRICAL_SURFACE('',#7353,0.446974142646314);
#6490=CYLINDRICAL_SURFACE('',#7356,0.225278112419487);
#6491=CYLINDRICAL_SURFACE('',#7359,0.165158408641083);
#6492=CYLINDRICAL_SURFACE('',#7362,0.0998721723736783);
#6493=CYLINDRICAL_SURFACE('',#7365,0.141944769195998);
#6494=CYLINDRICAL_SURFACE('',#7368,0.14194476919602);
#6495=CYLINDRICAL_SURFACE('',#7371,0.0998721723736518);
#6496=CYLINDRICAL_SURFACE('',#7374,0.165158408641076);
#6497=CYLINDRICAL_SURFACE('',#7377,0.225278112419503);
#6498=CYLINDRICAL_SURFACE('',#7380,0.446974142646207);
#6499=CYLINDRICAL_SURFACE('',#7383,0.44697414264631);
#6500=CYLINDRICAL_SURFACE('',#7386,0.225278112419504);
#6501=CYLINDRICAL_SURFACE('',#7389,0.165158408641077);
#6502=CYLINDRICAL_SURFACE('',#7392,0.0998721723736723);
#6503=CYLINDRICAL_SURFACE('',#7395,0.141944769195998);
#6504=CYLINDRICAL_SURFACE('',#7398,0.141944769196019);
#6505=CYLINDRICAL_SURFACE('',#7401,0.0998721723736751);
#6506=CYLINDRICAL_SURFACE('',#7404,0.165158408641065);
#6507=CYLINDRICAL_SURFACE('',#7407,0.225278112419502);
#6508=CYLINDRICAL_SURFACE('',#7410,0.446974142646239);
#6509=CYLINDRICAL_SURFACE('',#7562,0.3);
#6510=CYLINDRICAL_SURFACE('',#7572,0.3);
#6511=ADVANCED_FACE('',(#376),#6372,.T.);
#6512=ADVANCED_FACE('',(#377),#133,.T.);
#6513=ADVANCED_FACE('',(#378),#6373,.T.);
#6514=ADVANCED_FACE('',(#379),#6374,.T.);
#6515=ADVANCED_FACE('',(#380),#6375,.T.);
#6516=ADVANCED_FACE('',(#381),#6376,.T.);
#6517=ADVANCED_FACE('',(#382),#6377,.T.);
#6518=ADVANCED_FACE('',(#383),#6378,.T.);
#6519=ADVANCED_FACE('',(#384),#6379,.T.);
#6520=ADVANCED_FACE('',(#385),#6380,.T.);
#6521=ADVANCED_FACE('',(#386),#6381,.F.);
#6522=ADVANCED_FACE('',(#387),#6382,.F.);
#6523=ADVANCED_FACE('',(#388),#6383,.F.);
#6524=ADVANCED_FACE('',(#389),#6384,.F.);
#6525=ADVANCED_FACE('',(#390),#6385,.F.);
#6526=ADVANCED_FACE('',(#391),#6386,.F.);
#6527=ADVANCED_FACE('',(#392),#6387,.F.);
#6528=ADVANCED_FACE('',(#393),#134,.T.);
#6529=ADVANCED_FACE('',(#394),#6388,.F.);
#6530=ADVANCED_FACE('',(#395),#6389,.F.);
#6531=ADVANCED_FACE('',(#396),#135,.F.);
#6532=ADVANCED_FACE('',(#397),#136,.T.);
#6533=ADVANCED_FACE('',(#398),#137,.T.);
#6534=ADVANCED_FACE('',(#399),#138,.T.);
#6535=ADVANCED_FACE('',(#400),#139,.T.);
#6536=ADVANCED_FACE('',(#401),#140,.T.);
#6537=ADVANCED_FACE('',(#402),#141,.T.);
#6538=ADVANCED_FACE('',(#403),#6390,.T.);
#6539=ADVANCED_FACE('',(#404),#6391,.T.);
#6540=ADVANCED_FACE('',(#405),#6392,.T.);
#6541=ADVANCED_FACE('',(#406),#6393,.T.);
#6542=ADVANCED_FACE('',(#407),#142,.T.);
#6543=ADVANCED_FACE('',(#408),#143,.T.);
#6544=ADVANCED_FACE('',(#409),#144,.T.);
#6545=ADVANCED_FACE('',(#410),#6394,.F.);
#6546=ADVANCED_FACE('',(#411),#145,.F.);
#6547=ADVANCED_FACE('',(#412),#146,.T.);
#6548=ADVANCED_FACE('',(#413),#147,.T.);
#6549=ADVANCED_FACE('',(#414),#148,.T.);
#6550=ADVANCED_FACE('',(#415),#149,.T.);
#6551=ADVANCED_FACE('',(#416),#150,.T.);
#6552=ADVANCED_FACE('',(#417),#151,.T.);
#6553=ADVANCED_FACE('',(#418),#6395,.T.);
#6554=ADVANCED_FACE('',(#419),#6396,.T.);
#6555=ADVANCED_FACE('',(#420),#6397,.T.);
#6556=ADVANCED_FACE('',(#421),#6398,.T.);
#6557=ADVANCED_FACE('',(#422),#152,.T.);
#6558=ADVANCED_FACE('',(#423),#153,.T.);
#6559=ADVANCED_FACE('',(#424),#154,.T.);
#6560=ADVANCED_FACE('',(#425),#6399,.F.);
#6561=ADVANCED_FACE('',(#426),#155,.F.);
#6562=ADVANCED_FACE('',(#427),#156,.T.);
#6563=ADVANCED_FACE('',(#428),#6400,.T.);
#6564=ADVANCED_FACE('',(#429),#6401,.T.);
#6565=ADVANCED_FACE('',(#430),#6402,.T.);
#6566=ADVANCED_FACE('',(#431),#157,.T.);
#6567=ADVANCED_FACE('',(#432),#6403,.F.);
#6568=ADVANCED_FACE('',(#433),#6404,.F.);
#6569=ADVANCED_FACE('',(#434),#6405,.F.);
#6570=ADVANCED_FACE('',(#435),#6406,.F.);
#6571=ADVANCED_FACE('',(#436),#158,.T.);
#6572=ADVANCED_FACE('',(#437),#159,.T.);
#6573=ADVANCED_FACE('',(#438),#160,.T.);
#6574=ADVANCED_FACE('',(#439),#161,.T.);
#6575=ADVANCED_FACE('',(#440),#162,.T.);
#6576=ADVANCED_FACE('',(#441),#163,.T.);
#6577=ADVANCED_FACE('',(#442),#164,.T.);
#6578=ADVANCED_FACE('',(#443),#165,.T.);
#6579=ADVANCED_FACE('',(#444),#166,.T.);
#6580=ADVANCED_FACE('',(#445),#167,.T.);
#6581=ADVANCED_FACE('',(#446),#168,.T.);
#6582=ADVANCED_FACE('',(#447),#169,.T.);
#6583=ADVANCED_FACE('',(#448),#170,.F.);
#6584=ADVANCED_FACE('',(#449,#41),#6407,.T.);
#6585=ADVANCED_FACE('',(#450),#171,.F.);
#6586=ADVANCED_FACE('',(#451),#172,.T.);
#6587=ADVANCED_FACE('',(#452,#42),#6408,.T.);
#6588=ADVANCED_FACE('',(#453),#173,.F.);
#6589=ADVANCED_FACE('',(#454),#174,.T.);
#6590=ADVANCED_FACE('',(#455),#175,.T.);
#6591=ADVANCED_FACE('',(#456),#176,.T.);
#6592=ADVANCED_FACE('',(#457),#177,.T.);
#6593=ADVANCED_FACE('',(#458),#178,.T.);
#6594=ADVANCED_FACE('',(#459),#179,.T.);
#6595=ADVANCED_FACE('',(#460),#180,.F.);
#6596=ADVANCED_FACE('',(#461),#181,.T.);
#6597=ADVANCED_FACE('',(#462),#182,.T.);
#6598=ADVANCED_FACE('',(#463),#183,.T.);
#6599=ADVANCED_FACE('',(#464),#184,.T.);
#6600=ADVANCED_FACE('',(#465),#185,.F.);
#6601=ADVANCED_FACE('',(#466),#186,.T.);
#6602=ADVANCED_FACE('',(#467),#187,.T.);
#6603=ADVANCED_FACE('',(#468),#188,.T.);
#6604=ADVANCED_FACE('',(#469),#189,.T.);
#6605=ADVANCED_FACE('',(#470),#190,.T.);
#6606=ADVANCED_FACE('',(#471),#191,.F.);
#6607=ADVANCED_FACE('',(#472),#192,.T.);
#6608=ADVANCED_FACE('',(#473),#193,.T.);
#6609=ADVANCED_FACE('',(#474),#194,.T.);
#6610=ADVANCED_FACE('',(#475),#195,.T.);
#6611=ADVANCED_FACE('',(#476),#196,.T.);
#6612=ADVANCED_FACE('',(#477),#197,.T.);
#6613=ADVANCED_FACE('',(#478),#6409,.T.);
#6614=ADVANCED_FACE('',(#479),#6410,.T.);
#6615=ADVANCED_FACE('',(#480),#6411,.T.);
#6616=ADVANCED_FACE('',(#481),#6412,.T.);
#6617=ADVANCED_FACE('',(#482),#198,.T.);
#6618=ADVANCED_FACE('',(#483),#199,.T.);
#6619=ADVANCED_FACE('',(#484),#200,.T.);
#6620=ADVANCED_FACE('',(#485),#6413,.F.);
#6621=ADVANCED_FACE('',(#486),#201,.F.);
#6622=ADVANCED_FACE('',(#487),#202,.T.);
#6623=ADVANCED_FACE('',(#488),#6414,.F.);
#6624=ADVANCED_FACE('',(#489),#203,.F.);
#6625=ADVANCED_FACE('',(#490),#204,.F.);
#6626=ADVANCED_FACE('',(#491),#6415,.F.);
#6627=ADVANCED_FACE('',(#492),#6416,.F.);
#6628=ADVANCED_FACE('',(#493),#6417,.F.);
#6629=ADVANCED_FACE('',(#494),#6418,.F.);
#6630=ADVANCED_FACE('',(#495),#6419,.F.);
#6631=ADVANCED_FACE('',(#496),#6420,.F.);
#6632=ADVANCED_FACE('',(#497),#6421,.T.);
#6633=ADVANCED_FACE('',(#498),#6422,.T.);
#6634=ADVANCED_FACE('',(#499),#6423,.T.);
#6635=ADVANCED_FACE('',(#500),#6424,.T.);
#6636=ADVANCED_FACE('',(#501),#6425,.T.);
#6637=ADVANCED_FACE('',(#502),#6426,.T.);
#6638=ADVANCED_FACE('',(#503),#6427,.T.);
#6639=ADVANCED_FACE('',(#504),#205,.T.);
#6640=ADVANCED_FACE('',(#505),#206,.T.);
#6641=ADVANCED_FACE('',(#506),#6428,.F.);
#6642=ADVANCED_FACE('',(#507),#6429,.F.);
#6643=ADVANCED_FACE('',(#508),#6430,.F.);
#6644=ADVANCED_FACE('',(#509),#6431,.F.);
#6645=ADVANCED_FACE('',(#510),#6432,.F.);
#6646=ADVANCED_FACE('',(#511),#6433,.F.);
#6647=ADVANCED_FACE('',(#512),#6434,.F.);
#6648=ADVANCED_FACE('',(#513),#6435,.F.);
#6649=ADVANCED_FACE('',(#514),#6436,.F.);
#6650=ADVANCED_FACE('',(#515),#207,.T.);
#6651=ADVANCED_FACE('',(#516),#208,.T.);
#6652=ADVANCED_FACE('',(#517),#6437,.T.);
#6653=ADVANCED_FACE('',(#518),#6438,.T.);
#6654=ADVANCED_FACE('',(#519),#6439,.T.);
#6655=ADVANCED_FACE('',(#520),#6440,.T.);
#6656=ADVANCED_FACE('',(#521),#6441,.T.);
#6657=ADVANCED_FACE('',(#522),#6442,.T.);
#6658=ADVANCED_FACE('',(#523),#6443,.T.);
#6659=ADVANCED_FACE('',(#524),#6444,.T.);
#6660=ADVANCED_FACE('',(#525),#6445,.T.);
#6661=ADVANCED_FACE('',(#526),#6446,.T.);
#6662=ADVANCED_FACE('',(#527),#6447,.T.);
#6663=ADVANCED_FACE('',(#528),#6448,.T.);
#6664=ADVANCED_FACE('',(#529),#6449,.T.);
#6665=ADVANCED_FACE('',(#530),#6450,.T.);
#6666=ADVANCED_FACE('',(#531),#6451,.T.);
#6667=ADVANCED_FACE('',(#532),#6452,.T.);
#6668=ADVANCED_FACE('',(#533,#43),#209,.T.);
#6669=ADVANCED_FACE('',(#534,#44),#210,.F.);
#6670=ADVANCED_FACE('',(#535),#6453,.F.);
#6671=ADVANCED_FACE('',(#536),#6454,.F.);
#6672=ADVANCED_FACE('',(#537),#6455,.F.);
#6673=ADVANCED_FACE('',(#538),#6456,.F.);
#6674=ADVANCED_FACE('',(#539),#6457,.F.);
#6675=ADVANCED_FACE('',(#540),#6458,.F.);
#6676=ADVANCED_FACE('',(#541),#6459,.F.);
#6677=ADVANCED_FACE('',(#542),#6460,.F.);
#6678=ADVANCED_FACE('',(#543),#6461,.F.);
#6679=ADVANCED_FACE('',(#544),#6462,.F.);
#6680=ADVANCED_FACE('',(#545),#6463,.F.);
#6681=ADVANCED_FACE('',(#546),#6464,.F.);
#6682=ADVANCED_FACE('',(#547),#6465,.F.);
#6683=ADVANCED_FACE('',(#548),#6466,.F.);
#6684=ADVANCED_FACE('',(#549),#6467,.F.);
#6685=ADVANCED_FACE('',(#550),#6468,.F.);
#6686=ADVANCED_FACE('',(#551),#6469,.F.);
#6687=ADVANCED_FACE('',(#552),#6470,.F.);
#6688=ADVANCED_FACE('',(#553),#6471,.F.);
#6689=ADVANCED_FACE('',(#554),#6472,.F.);
#6690=ADVANCED_FACE('',(#555),#6473,.F.);
#6691=ADVANCED_FACE('',(#556),#6474,.F.);
#6692=ADVANCED_FACE('',(#557),#6475,.F.);
#6693=ADVANCED_FACE('',(#558),#6476,.F.);
#6694=ADVANCED_FACE('',(#559),#6477,.F.);
#6695=ADVANCED_FACE('',(#560),#6478,.F.);
#6696=ADVANCED_FACE('',(#561),#6479,.F.);
#6697=ADVANCED_FACE('',(#562),#6480,.F.);
#6698=ADVANCED_FACE('',(#563),#6481,.F.);
#6699=ADVANCED_FACE('',(#564),#6482,.F.);
#6700=ADVANCED_FACE('',(#565),#6483,.F.);
#6701=ADVANCED_FACE('',(#566),#6484,.F.);
#6702=ADVANCED_FACE('',(#567),#6485,.F.);
#6703=ADVANCED_FACE('',(#568),#6486,.F.);
#6704=ADVANCED_FACE('',(#569),#6487,.F.);
#6705=ADVANCED_FACE('',(#570),#6488,.F.);
#6706=ADVANCED_FACE('',(#571),#6489,.T.);
#6707=ADVANCED_FACE('',(#572),#6490,.T.);
#6708=ADVANCED_FACE('',(#573),#6491,.T.);
#6709=ADVANCED_FACE('',(#574),#6492,.T.);
#6710=ADVANCED_FACE('',(#575),#6493,.T.);
#6711=ADVANCED_FACE('',(#576),#6494,.T.);
#6712=ADVANCED_FACE('',(#577),#6495,.T.);
#6713=ADVANCED_FACE('',(#578),#6496,.T.);
#6714=ADVANCED_FACE('',(#579),#6497,.T.);
#6715=ADVANCED_FACE('',(#580),#6498,.T.);
#6716=ADVANCED_FACE('',(#581),#6499,.T.);
#6717=ADVANCED_FACE('',(#582),#6500,.T.);
#6718=ADVANCED_FACE('',(#583),#6501,.T.);
#6719=ADVANCED_FACE('',(#584),#6502,.T.);
#6720=ADVANCED_FACE('',(#585),#6503,.T.);
#6721=ADVANCED_FACE('',(#586),#6504,.T.);
#6722=ADVANCED_FACE('',(#587),#6505,.T.);
#6723=ADVANCED_FACE('',(#588),#6506,.T.);
#6724=ADVANCED_FACE('',(#589),#6507,.T.);
#6725=ADVANCED_FACE('',(#590),#6508,.T.);
#6726=ADVANCED_FACE('',(#591,#45),#211,.T.);
#6727=ADVANCED_FACE('',(#592,#46),#212,.F.);
#6728=ADVANCED_FACE('',(#593),#213,.T.);
#6729=ADVANCED_FACE('',(#594),#214,.T.);
#6730=ADVANCED_FACE('',(#595),#215,.T.);
#6731=ADVANCED_FACE('',(#596),#216,.T.);
#6732=ADVANCED_FACE('',(#597),#217,.T.);
#6733=ADVANCED_FACE('',(#598),#218,.F.);
#6734=ADVANCED_FACE('',(#599),#219,.T.);
#6735=ADVANCED_FACE('',(#600),#220,.T.);
#6736=ADVANCED_FACE('',(#601),#221,.T.);
#6737=ADVANCED_FACE('',(#602),#222,.T.);
#6738=ADVANCED_FACE('',(#603),#223,.T.);
#6739=ADVANCED_FACE('',(#604),#224,.F.);
#6740=ADVANCED_FACE('',(#605),#225,.T.);
#6741=ADVANCED_FACE('',(#606),#226,.T.);
#6742=ADVANCED_FACE('',(#607),#227,.T.);
#6743=ADVANCED_FACE('',(#608),#228,.T.);
#6744=ADVANCED_FACE('',(#609),#229,.T.);
#6745=ADVANCED_FACE('',(#610),#230,.F.);
#6746=ADVANCED_FACE('',(#611),#231,.T.);
#6747=ADVANCED_FACE('',(#612),#232,.T.);
#6748=ADVANCED_FACE('',(#613),#233,.T.);
#6749=ADVANCED_FACE('',(#614),#234,.T.);
#6750=ADVANCED_FACE('',(#615),#235,.F.);
#6751=ADVANCED_FACE('',(#616),#236,.T.);
#6752=ADVANCED_FACE('',(#617),#237,.T.);
#6753=ADVANCED_FACE('',(#618),#238,.T.);
#6754=ADVANCED_FACE('',(#619),#239,.T.);
#6755=ADVANCED_FACE('',(#620),#240,.T.);
#6756=ADVANCED_FACE('',(#621),#241,.T.);
#6757=ADVANCED_FACE('',(#622),#242,.F.);
#6758=ADVANCED_FACE('',(#623),#243,.T.);
#6759=ADVANCED_FACE('',(#624),#244,.T.);
#6760=ADVANCED_FACE('',(#625),#245,.T.);
#6761=ADVANCED_FACE('',(#626),#246,.T.);
#6762=ADVANCED_FACE('',(#627),#247,.T.);
#6763=ADVANCED_FACE('',(#628),#248,.F.);
#6764=ADVANCED_FACE('',(#629),#249,.T.);
#6765=ADVANCED_FACE('',(#630),#250,.T.);
#6766=ADVANCED_FACE('',(#631),#251,.T.);
#6767=ADVANCED_FACE('',(#632),#252,.T.);
#6768=ADVANCED_FACE('',(#633),#253,.T.);
#6769=ADVANCED_FACE('',(#634),#254,.F.);
#6770=ADVANCED_FACE('',(#635),#255,.T.);
#6771=ADVANCED_FACE('',(#636),#256,.T.);
#6772=ADVANCED_FACE('',(#637),#257,.T.);
#6773=ADVANCED_FACE('',(#638),#258,.T.);
#6774=ADVANCED_FACE('',(#639),#259,.F.);
#6775=ADVANCED_FACE('',(#640),#260,.T.);
#6776=ADVANCED_FACE('',(#641),#261,.T.);
#6777=ADVANCED_FACE('',(#642),#262,.T.);
#6778=ADVANCED_FACE('',(#643),#263,.T.);
#6779=ADVANCED_FACE('',(#644),#264,.T.);
#6780=ADVANCED_FACE('',(#645),#265,.F.);
#6781=ADVANCED_FACE('',(#646),#266,.T.);
#6782=ADVANCED_FACE('',(#647),#267,.T.);
#6783=ADVANCED_FACE('',(#648),#268,.T.);
#6784=ADVANCED_FACE('',(#649),#269,.T.);
#6785=ADVANCED_FACE('',(#650),#270,.T.);
#6786=ADVANCED_FACE('',(#651),#271,.F.);
#6787=ADVANCED_FACE('',(#652),#272,.T.);
#6788=ADVANCED_FACE('',(#653),#273,.T.);
#6789=ADVANCED_FACE('',(#654),#274,.T.);
#6790=ADVANCED_FACE('',(#655),#275,.T.);
#6791=ADVANCED_FACE('',(#656),#276,.T.);
#6792=ADVANCED_FACE('',(#657),#277,.F.);
#6793=ADVANCED_FACE('',(#658),#278,.T.);
#6794=ADVANCED_FACE('',(#659),#279,.T.);
#6795=ADVANCED_FACE('',(#660),#280,.T.);
#6796=ADVANCED_FACE('',(#661),#281,.T.);
#6797=ADVANCED_FACE('',(#662),#282,.T.);
#6798=ADVANCED_FACE('',(#663),#283,.F.);
#6799=ADVANCED_FACE('',(#664),#284,.T.);
#6800=ADVANCED_FACE('',(#665),#285,.T.);
#6801=ADVANCED_FACE('',(#666),#286,.T.);
#6802=ADVANCED_FACE('',(#667),#287,.T.);
#6803=ADVANCED_FACE('',(#668),#288,.T.);
#6804=ADVANCED_FACE('',(#669),#289,.F.);
#6805=ADVANCED_FACE('',(#670),#290,.T.);
#6806=ADVANCED_FACE('',(#671),#291,.F.);
#6807=ADVANCED_FACE('',(#672),#292,.F.);
#6808=ADVANCED_FACE('',(#673),#293,.F.);
#6809=ADVANCED_FACE('',(#674),#294,.F.);
#6810=ADVANCED_FACE('',(#675),#295,.F.);
#6811=ADVANCED_FACE('',(#676),#296,.F.);
#6812=ADVANCED_FACE('',(#677),#297,.F.);
#6813=ADVANCED_FACE('',(#678),#298,.F.);
#6814=ADVANCED_FACE('',(#679),#299,.T.);
#6815=ADVANCED_FACE('',(#680),#300,.F.);
#6816=ADVANCED_FACE('',(#681),#301,.F.);
#6817=ADVANCED_FACE('',(#682),#302,.F.);
#6818=ADVANCED_FACE('',(#683),#303,.F.);
#6819=ADVANCED_FACE('',(#684),#304,.F.);
#6820=ADVANCED_FACE('',(#685),#305,.F.);
#6821=ADVANCED_FACE('',(#686),#306,.F.);
#6822=ADVANCED_FACE('',(#687),#307,.F.);
#6823=ADVANCED_FACE('',(#688),#308,.F.);
#6824=ADVANCED_FACE('',(#689),#309,.F.);
#6825=ADVANCED_FACE('',(#690),#310,.F.);
#6826=ADVANCED_FACE('',(#691),#311,.F.);
#6827=ADVANCED_FACE('',(#692),#312,.F.);
#6828=ADVANCED_FACE('',(#693),#313,.F.);
#6829=ADVANCED_FACE('',(#694),#314,.F.);
#6830=ADVANCED_FACE('',(#695),#315,.F.);
#6831=ADVANCED_FACE('',(#696),#316,.F.);
#6832=ADVANCED_FACE('',(#697),#317,.F.);
#6833=ADVANCED_FACE('',(#698),#318,.F.);
#6834=ADVANCED_FACE('',(#699),#319,.F.);
#6835=ADVANCED_FACE('',(#700),#320,.F.);
#6836=ADVANCED_FACE('',(#701),#321,.F.);
#6837=ADVANCED_FACE('',(#702),#322,.F.);
#6838=ADVANCED_FACE('',(#703),#323,.F.);
#6839=ADVANCED_FACE('',(#704),#324,.F.);
#6840=ADVANCED_FACE('',(#705),#325,.F.);
#6841=ADVANCED_FACE('',(#706),#326,.F.);
#6842=ADVANCED_FACE('',(#707),#327,.F.);
#6843=ADVANCED_FACE('',(#708),#328,.F.);
#6844=ADVANCED_FACE('',(#709),#329,.F.);
#6845=ADVANCED_FACE('',(#710),#330,.F.);
#6846=ADVANCED_FACE('',(#711),#331,.F.);
#6847=ADVANCED_FACE('',(#712),#332,.F.);
#6848=ADVANCED_FACE('',(#713),#333,.F.);
#6849=ADVANCED_FACE('',(#714),#334,.F.);
#6850=ADVANCED_FACE('',(#715),#335,.F.);
#6851=ADVANCED_FACE('',(#716),#336,.F.);
#6852=ADVANCED_FACE('',(#717),#337,.F.);
#6853=ADVANCED_FACE('',(#718),#338,.F.);
#6854=ADVANCED_FACE('',(#719),#339,.F.);
#6855=ADVANCED_FACE('',(#720),#340,.F.);
#6856=ADVANCED_FACE('',(#721),#341,.F.);
#6857=ADVANCED_FACE('',(#722),#342,.F.);
#6858=ADVANCED_FACE('',(#723),#343,.F.);
#6859=ADVANCED_FACE('',(#724),#344,.F.);
#6860=ADVANCED_FACE('',(#725),#345,.F.);
#6861=ADVANCED_FACE('',(#726),#346,.F.);
#6862=ADVANCED_FACE('',(#727),#347,.F.);
#6863=ADVANCED_FACE('',(#728),#348,.F.);
#6864=ADVANCED_FACE('',(#729),#349,.F.);
#6865=ADVANCED_FACE('',(#730),#350,.F.);
#6866=ADVANCED_FACE('',(#731),#351,.F.);
#6867=ADVANCED_FACE('',(#732),#352,.T.);
#6868=ADVANCED_FACE('',(#733),#353,.T.);
#6869=ADVANCED_FACE('',(#734),#354,.T.);
#6870=ADVANCED_FACE('',(#735,#47,#48,#49,#50,#51,#52,#53,#54,#55,#56,#57,
#58,#59),#355,.F.);
#6871=ADVANCED_FACE('',(#736,#60,#61,#62,#63,#64,#65,#66,#67,#68,#69,#70,
#71,#72),#356,.T.);
#6872=ADVANCED_FACE('',(#737),#6509,.F.);
#6873=ADVANCED_FACE('',(#738),#357,.T.);
#6874=ADVANCED_FACE('',(#739),#358,.T.);
#6875=ADVANCED_FACE('',(#740),#359,.T.);
#6876=ADVANCED_FACE('',(#741),#360,.T.);
#6877=ADVANCED_FACE('',(#742),#361,.T.);
#6878=ADVANCED_FACE('',(#743),#362,.T.);
#6879=ADVANCED_FACE('',(#744,#73),#363,.T.);
#6880=ADVANCED_FACE('',(#745,#74),#6510,.T.);
#6881=ADVANCED_FACE('',(#746),#364,.T.);
#6882=ADVANCED_FACE('',(#747),#365,.F.);
#6883=ADVANCED_FACE('',(#748),#366,.T.);
#6884=ADVANCED_FACE('',(#749),#367,.T.);
#6885=ADVANCED_FACE('',(#750),#368,.T.);
#6886=ADVANCED_FACE('',(#751),#369,.T.);
#6887=ADVANCED_FACE('',(#752),#370,.T.);
#6888=ADVANCED_FACE('',(#753),#371,.T.);
#6889=ADVANCED_FACE('',(#754),#372,.T.);
#6890=ADVANCED_FACE('',(#755),#373,.T.);
#6891=ADVANCED_FACE('',(#756),#374,.T.);
#6892=ADVANCED_FACE('',(#757),#375,.F.);
#6893=CLOSED_SHELL('',(#6511,#6512,#6513,#6514,#6515,#6516,#6517,#6518,
#6519,#6520,#6521,#6522,#6523,#6524,#6525,#6526,#6527,#6528,#6529,#6530,
#6531,#6532));
#6894=CLOSED_SHELL('',(#6533,#6534,#6535,#6536,#6537,#6538,#6539,#6540,
#6541,#6542,#6543,#6544,#6545,#6546,#6547));
#6895=CLOSED_SHELL('',(#6548,#6549,#6550,#6551,#6552,#6553,#6554,#6555,
#6556,#6557,#6558,#6559,#6560,#6561,#6562));
#6896=CLOSED_SHELL('',(#6563,#6564,#6565,#6566,#6567,#6568,#6569,#6570,
#6571,#6572,#6573,#6574,#6575,#6576,#6577,#6578,#6579,#6580,#6581,#6582,
#6583));
#6897=CLOSED_SHELL('',(#6584,#6585,#6586));
#6898=CLOSED_SHELL('',(#6587,#6588,#6589));
#6899=CLOSED_SHELL('',(#6590,#6591,#6592,#6593,#6594,#6595));
#6900=CLOSED_SHELL('',(#6596,#6597,#6598,#6599,#6600,#6601));
#6901=CLOSED_SHELL('',(#6602,#6603,#6604,#6605,#6606,#6607));
#6902=CLOSED_SHELL('',(#6608,#6609,#6610,#6611,#6612,#6613,#6614,#6615,
#6616,#6617,#6618,#6619,#6620,#6621,#6622));
#6903=CLOSED_SHELL('',(#6623,#6624,#6625,#6626,#6627,#6628,#6629,#6630,
#6631,#6632,#6633,#6634,#6635,#6636,#6637,#6638,#6639,#6640,#6641,#6642,
#6643,#6644,#6645,#6646,#6647,#6648,#6649,#6650,#6651,#6652,#6653,#6654,
#6655,#6656,#6657,#6658,#6659,#6660,#6661,#6662,#6663,#6664,#6665,#6666,
#6667,#6668,#6669));
#6904=CLOSED_SHELL('',(#6670,#6671,#6672,#6673,#6674,#6675,#6676,#6677,
#6678,#6679,#6680,#6681,#6682,#6683,#6684,#6685,#6686,#6687,#6688,#6689,
#6690,#6691,#6692,#6693,#6694,#6695,#6696,#6697,#6698,#6699,#6700,#6701,
#6702,#6703,#6704,#6705,#6706,#6707,#6708,#6709,#6710,#6711,#6712,#6713,
#6714,#6715,#6716,#6717,#6718,#6719,#6720,#6721,#6722,#6723,#6724,#6725,
#6726,#6727));
#6905=CLOSED_SHELL('',(#6728,#6729,#6730,#6731,#6732,#6733));
#6906=CLOSED_SHELL('',(#6734,#6735,#6736,#6737,#6738,#6739));
#6907=CLOSED_SHELL('',(#6740,#6741,#6742,#6743,#6744,#6745));
#6908=CLOSED_SHELL('',(#6746,#6747,#6748,#6749,#6750,#6751));
#6909=CLOSED_SHELL('',(#6752,#6753,#6754,#6755,#6756,#6757));
#6910=CLOSED_SHELL('',(#6758,#6759,#6760,#6761,#6762,#6763));
#6911=CLOSED_SHELL('',(#6764,#6765,#6766,#6767,#6768,#6769));
#6912=CLOSED_SHELL('',(#6770,#6771,#6772,#6773,#6774,#6775));
#6913=CLOSED_SHELL('',(#6776,#6777,#6778,#6779,#6780,#6781));
#6914=CLOSED_SHELL('',(#6782,#6783,#6784,#6785,#6786,#6787));
#6915=CLOSED_SHELL('',(#6788,#6789,#6790,#6791,#6792,#6793));
#6916=CLOSED_SHELL('',(#6794,#6795,#6796,#6797,#6798,#6799));
#6917=CLOSED_SHELL('',(#6800,#6801,#6802,#6803,#6804,#6805));
#6918=CLOSED_SHELL('',(#6806,#6807,#6808,#6809,#6810,#6811,#6812,#6813,
#6814,#6815,#6816,#6817,#6818,#6819,#6820,#6821,#6822,#6823,#6824,#6825,
#6826,#6827,#6828,#6829,#6830,#6831,#6832,#6833,#6834,#6835,#6836,#6837,
#6838,#6839,#6840,#6841,#6842,#6843,#6844,#6845,#6846,#6847,#6848,#6849,
#6850,#6851,#6852,#6853,#6854,#6855,#6856,#6857,#6858,#6859,#6860,#6861,
#6862,#6863,#6864,#6865,#6866,#6867,#6868,#6869,#6870,#6871));
#6919=CLOSED_SHELL('',(#6872,#6873,#6874,#6875,#6876,#6877,#6878,#6879));
#6920=CLOSED_SHELL('',(#6880,#6881,#6882));
#6921=CLOSED_SHELL('',(#6883,#6884,#6885,#6886,#6887,#6888,#6889,#6890,
#6891,#6892));
#6922=AXIS2_PLACEMENT_3D('placement',#9617,#7591,#7592);
#6923=AXIS2_PLACEMENT_3D('placement',#9618,#7593,#7594);
#6924=AXIS2_PLACEMENT_3D('',#9619,#7595,#7596);
#6925=AXIS2_PLACEMENT_3D('',#9622,#7597,#7598);
#6926=AXIS2_PLACEMENT_3D('',#9626,#7600,#7601);
#6927=AXIS2_PLACEMENT_3D('',#9628,#7603,#7604);
#6928=AXIS2_PLACEMENT_3D('',#9634,#7608,#7609);
#6929=AXIS2_PLACEMENT_3D('',#9636,#7610,#7611);
#6930=AXIS2_PLACEMENT_3D('',#9638,#7612,#7613);
#6931=AXIS2_PLACEMENT_3D('',#9640,#7615,#7616);
#6932=AXIS2_PLACEMENT_3D('',#9642,#7617,#7618);
#6933=AXIS2_PLACEMENT_3D('',#9644,#7619,#7620);
#6934=AXIS2_PLACEMENT_3D('',#9646,#7622,#7623);
#6935=AXIS2_PLACEMENT_3D('',#9648,#7624,#7625);
#6936=AXIS2_PLACEMENT_3D('',#9650,#7626,#7627);
#6937=AXIS2_PLACEMENT_3D('',#9652,#7629,#7630);
#6938=AXIS2_PLACEMENT_3D('',#9654,#7631,#7632);
#6939=AXIS2_PLACEMENT_3D('',#9656,#7633,#7634);
#6940=AXIS2_PLACEMENT_3D('',#9658,#7636,#7637);
#6941=AXIS2_PLACEMENT_3D('',#9660,#7638,#7639);
#6942=AXIS2_PLACEMENT_3D('',#9662,#7640,#7641);
#6943=AXIS2_PLACEMENT_3D('',#9664,#7643,#7644);
#6944=AXIS2_PLACEMENT_3D('',#9666,#7645,#7646);
#6945=AXIS2_PLACEMENT_3D('',#9668,#7647,#7648);
#6946=AXIS2_PLACEMENT_3D('',#9670,#7650,#7651);
#6947=AXIS2_PLACEMENT_3D('',#9672,#7652,#7653);
#6948=AXIS2_PLACEMENT_3D('',#9674,#7654,#7655);
#6949=AXIS2_PLACEMENT_3D('',#9676,#7657,#7658);
#6950=AXIS2_PLACEMENT_3D('',#9678,#7659,#7660);
#6951=AXIS2_PLACEMENT_3D('',#9680,#7661,#7662);
#6952=AXIS2_PLACEMENT_3D('',#9682,#7664,#7665);
#6953=AXIS2_PLACEMENT_3D('',#9684,#7666,#7667);
#6954=AXIS2_PLACEMENT_3D('',#9686,#7668,#7669);
#6955=AXIS2_PLACEMENT_3D('',#9688,#7671,#7672);
#6956=AXIS2_PLACEMENT_3D('',#9690,#7673,#7674);
#6957=AXIS2_PLACEMENT_3D('',#9692,#7675,#7676);
#6958=AXIS2_PLACEMENT_3D('',#9694,#7678,#7679);
#6959=AXIS2_PLACEMENT_3D('',#9696,#7680,#7681);
#6960=AXIS2_PLACEMENT_3D('',#9698,#7682,#7683);
#6961=AXIS2_PLACEMENT_3D('',#9700,#7685,#7686);
#6962=AXIS2_PLACEMENT_3D('',#9702,#7687,#7688);
#6963=AXIS2_PLACEMENT_3D('',#9704,#7689,#7690);
#6964=AXIS2_PLACEMENT_3D('',#9706,#7692,#7693);
#6965=AXIS2_PLACEMENT_3D('',#9708,#7694,#7695);
#6966=AXIS2_PLACEMENT_3D('',#9710,#7696,#7697);
#6967=AXIS2_PLACEMENT_3D('',#9712,#7699,#7700);
#6968=AXIS2_PLACEMENT_3D('',#9714,#7701,#7702);
#6969=AXIS2_PLACEMENT_3D('',#9716,#7703,#7704);
#6970=AXIS2_PLACEMENT_3D('',#9718,#7706,#7707);
#6971=AXIS2_PLACEMENT_3D('',#9720,#7708,#7709);
#6972=AXIS2_PLACEMENT_3D('',#9722,#7710,#7711);
#6973=AXIS2_PLACEMENT_3D('',#9724,#7713,#7714);
#6974=AXIS2_PLACEMENT_3D('',#9730,#7718,#7719);
#6975=AXIS2_PLACEMENT_3D('',#9732,#7720,#7721);
#6976=AXIS2_PLACEMENT_3D('',#9734,#7722,#7723);
#6977=AXIS2_PLACEMENT_3D('',#9736,#7725,#7726);
#6978=AXIS2_PLACEMENT_3D('',#9737,#7727,#7728);
#6979=AXIS2_PLACEMENT_3D('',#9738,#7729,#7730);
#6980=AXIS2_PLACEMENT_3D('',#9739,#7731,#7732);
#6981=AXIS2_PLACEMENT_3D('',#9740,#7733,#7734);
#6982=AXIS2_PLACEMENT_3D('',#9741,#7735,#7736);
#6983=AXIS2_PLACEMENT_3D('',#9750,#7741,#7742);
#6984=AXIS2_PLACEMENT_3D('',#9756,#7746,#7747);
#6985=AXIS2_PLACEMENT_3D('',#9762,#7751,#7752);
#6986=AXIS2_PLACEMENT_3D('',#9768,#7756,#7757);
#6987=AXIS2_PLACEMENT_3D('',#9774,#7761,#7762);
#6988=AXIS2_PLACEMENT_3D('',#9776,#7763,#7764);
#6989=AXIS2_PLACEMENT_3D('',#9778,#7765,#7766);
#6990=AXIS2_PLACEMENT_3D('',#9780,#7768,#7769);
#6991=AXIS2_PLACEMENT_3D('',#9782,#7770,#7771);
#6992=AXIS2_PLACEMENT_3D('',#9784,#7772,#7773);
#6993=AXIS2_PLACEMENT_3D('',#9786,#7775,#7776);
#6994=AXIS2_PLACEMENT_3D('',#9788,#7777,#7778);
#6995=AXIS2_PLACEMENT_3D('',#9790,#7779,#7780);
#6996=AXIS2_PLACEMENT_3D('',#9792,#7782,#7783);
#6997=AXIS2_PLACEMENT_3D('',#9794,#7784,#7785);
#6998=AXIS2_PLACEMENT_3D('',#9796,#7786,#7787);
#6999=AXIS2_PLACEMENT_3D('',#9798,#7789,#7790);
#7000=AXIS2_PLACEMENT_3D('',#9804,#7794,#7795);
#7001=AXIS2_PLACEMENT_3D('',#9810,#7799,#7800);
#7002=AXIS2_PLACEMENT_3D('',#9816,#7804,#7805);
#7003=AXIS2_PLACEMENT_3D('',#9817,#7806,#7807);
#7004=AXIS2_PLACEMENT_3D('',#9818,#7808,#7809);
#7005=AXIS2_PLACEMENT_3D('',#9819,#7810,#7811);
#7006=AXIS2_PLACEMENT_3D('',#9820,#7812,#7813);
#7007=AXIS2_PLACEMENT_3D('',#9821,#7814,#7815);
#7008=AXIS2_PLACEMENT_3D('',#9830,#7820,#7821);
#7009=AXIS2_PLACEMENT_3D('',#9836,#7825,#7826);
#7010=AXIS2_PLACEMENT_3D('',#9842,#7830,#7831);
#7011=AXIS2_PLACEMENT_3D('',#9848,#7835,#7836);
#7012=AXIS2_PLACEMENT_3D('',#9854,#7840,#7841);
#7013=AXIS2_PLACEMENT_3D('',#9856,#7842,#7843);
#7014=AXIS2_PLACEMENT_3D('',#9858,#7844,#7845);
#7015=AXIS2_PLACEMENT_3D('',#9860,#7847,#7848);
#7016=AXIS2_PLACEMENT_3D('',#9862,#7849,#7850);
#7017=AXIS2_PLACEMENT_3D('',#9864,#7851,#7852);
#7018=AXIS2_PLACEMENT_3D('',#9866,#7854,#7855);
#7019=AXIS2_PLACEMENT_3D('',#9868,#7856,#7857);
#7020=AXIS2_PLACEMENT_3D('',#9870,#7858,#7859);
#7021=AXIS2_PLACEMENT_3D('',#9872,#7861,#7862);
#7022=AXIS2_PLACEMENT_3D('',#9874,#7863,#7864);
#7023=AXIS2_PLACEMENT_3D('',#9876,#7865,#7866);
#7024=AXIS2_PLACEMENT_3D('',#9878,#7868,#7869);
#7025=AXIS2_PLACEMENT_3D('',#9884,#7873,#7874);
#7026=AXIS2_PLACEMENT_3D('',#9890,#7878,#7879);
#7027=AXIS2_PLACEMENT_3D('',#9896,#7883,#7884);
#7028=AXIS2_PLACEMENT_3D('',#9897,#7885,#7886);
#7029=AXIS2_PLACEMENT_3D('',#9898,#7887,#7888);
#7030=AXIS2_PLACEMENT_3D('',#9899,#7889,#7890);
#7031=AXIS2_PLACEMENT_3D('',#9900,#7891,#7892);
#7032=AXIS2_PLACEMENT_3D('',#9901,#7893,#7894);
#7033=AXIS2_PLACEMENT_3D('',#9904,#7895,#7896);
#7034=AXIS2_PLACEMENT_3D('',#9908,#7898,#7899);
#7035=AXIS2_PLACEMENT_3D('',#9910,#7901,#7902);
#7036=AXIS2_PLACEMENT_3D('',#9912,#7903,#7904);
#7037=AXIS2_PLACEMENT_3D('',#9914,#7905,#7906);
#7038=AXIS2_PLACEMENT_3D('',#9916,#7908,#7909);
#7039=AXIS2_PLACEMENT_3D('',#9918,#7910,#7911);
#7040=AXIS2_PLACEMENT_3D('',#9920,#7912,#7913);
#7041=AXIS2_PLACEMENT_3D('',#9922,#7915,#7916);
#7042=AXIS2_PLACEMENT_3D('',#9928,#7920,#7921);
#7043=AXIS2_PLACEMENT_3D('',#9930,#7922,#7923);
#7044=AXIS2_PLACEMENT_3D('',#9932,#7924,#7925);
#7045=AXIS2_PLACEMENT_3D('',#9934,#7927,#7928);
#7046=AXIS2_PLACEMENT_3D('',#9936,#7929,#7930);
#7047=AXIS2_PLACEMENT_3D('',#9938,#7931,#7932);
#7048=AXIS2_PLACEMENT_3D('',#9940,#7934,#7935);
#7049=AXIS2_PLACEMENT_3D('',#9942,#7936,#7937);
#7050=AXIS2_PLACEMENT_3D('',#9944,#7938,#7939);
#7051=AXIS2_PLACEMENT_3D('',#9946,#7941,#7942);
#7052=AXIS2_PLACEMENT_3D('',#9948,#7943,#7944);
#7053=AXIS2_PLACEMENT_3D('',#9950,#7945,#7946);
#7054=AXIS2_PLACEMENT_3D('',#9952,#7948,#7949);
#7055=AXIS2_PLACEMENT_3D('',#9958,#7953,#7954);
#7056=AXIS2_PLACEMENT_3D('',#9964,#7958,#7959);
#7057=AXIS2_PLACEMENT_3D('',#9970,#7963,#7964);
#7058=AXIS2_PLACEMENT_3D('',#9976,#7968,#7969);
#7059=AXIS2_PLACEMENT_3D('',#9982,#7973,#7974);
#7060=AXIS2_PLACEMENT_3D('',#9988,#7978,#7979);
#7061=AXIS2_PLACEMENT_3D('',#9994,#7983,#7984);
#7062=AXIS2_PLACEMENT_3D('',#10000,#7988,#7989);
#7063=AXIS2_PLACEMENT_3D('',#10006,#7993,#7994);
#7064=AXIS2_PLACEMENT_3D('',#10012,#7998,#7999);
#7065=AXIS2_PLACEMENT_3D('',#10015,#8002,#8003);
#7066=AXIS2_PLACEMENT_3D('',#10016,#8004,#8005);
#7067=AXIS2_PLACEMENT_3D('',#10017,#8006,#8007);
#7068=AXIS2_PLACEMENT_3D('',#10019,#8008,#8009);
#7069=AXIS2_PLACEMENT_3D('',#10021,#8010,#8011);
#7070=AXIS2_PLACEMENT_3D('',#10022,#8012,#8013);
#7071=AXIS2_PLACEMENT_3D('',#10023,#8014,#8015);
#7072=AXIS2_PLACEMENT_3D('',#10024,#8016,#8017);
#7073=AXIS2_PLACEMENT_3D('',#10026,#8018,#8019);
#7074=AXIS2_PLACEMENT_3D('',#10028,#8020,#8021);
#7075=AXIS2_PLACEMENT_3D('',#10029,#8022,#8023);
#7076=AXIS2_PLACEMENT_3D('',#10030,#8024,#8025);
#7077=AXIS2_PLACEMENT_3D('',#10031,#8026,#8027);
#7078=AXIS2_PLACEMENT_3D('',#10040,#8032,#8033);
#7079=AXIS2_PLACEMENT_3D('',#10046,#8037,#8038);
#7080=AXIS2_PLACEMENT_3D('',#10052,#8042,#8043);
#7081=AXIS2_PLACEMENT_3D('',#10055,#8046,#8047);
#7082=AXIS2_PLACEMENT_3D('',#10056,#8048,#8049);
#7083=AXIS2_PLACEMENT_3D('',#10057,#8050,#8051);
#7084=AXIS2_PLACEMENT_3D('',#10066,#8056,#8057);
#7085=AXIS2_PLACEMENT_3D('',#10072,#8061,#8062);
#7086=AXIS2_PLACEMENT_3D('',#10078,#8066,#8067);
#7087=AXIS2_PLACEMENT_3D('',#10081,#8070,#8071);
#7088=AXIS2_PLACEMENT_3D('',#10082,#8072,#8073);
#7089=AXIS2_PLACEMENT_3D('',#10083,#8074,#8075);
#7090=AXIS2_PLACEMENT_3D('',#10092,#8080,#8081);
#7091=AXIS2_PLACEMENT_3D('',#10098,#8085,#8086);
#7092=AXIS2_PLACEMENT_3D('',#10104,#8090,#8091);
#7093=AXIS2_PLACEMENT_3D('',#10107,#8094,#8095);
#7094=AXIS2_PLACEMENT_3D('',#10108,#8096,#8097);
#7095=AXIS2_PLACEMENT_3D('',#10109,#8098,#8099);
#7096=AXIS2_PLACEMENT_3D('',#10118,#8104,#8105);
#7097=AXIS2_PLACEMENT_3D('',#10124,#8109,#8110);
#7098=AXIS2_PLACEMENT_3D('',#10130,#8114,#8115);
#7099=AXIS2_PLACEMENT_3D('',#10136,#8119,#8120);
#7100=AXIS2_PLACEMENT_3D('',#10142,#8124,#8125);
#7101=AXIS2_PLACEMENT_3D('',#10144,#8126,#8127);
#7102=AXIS2_PLACEMENT_3D('',#10146,#8128,#8129);
#7103=AXIS2_PLACEMENT_3D('',#10148,#8131,#8132);
#7104=AXIS2_PLACEMENT_3D('',#10150,#8133,#8134);
#7105=AXIS2_PLACEMENT_3D('',#10152,#8135,#8136);
#7106=AXIS2_PLACEMENT_3D('',#10154,#8138,#8139);
#7107=AXIS2_PLACEMENT_3D('',#10156,#8140,#8141);
#7108=AXIS2_PLACEMENT_3D('',#10158,#8142,#8143);
#7109=AXIS2_PLACEMENT_3D('',#10160,#8145,#8146);
#7110=AXIS2_PLACEMENT_3D('',#10162,#8147,#8148);
#7111=AXIS2_PLACEMENT_3D('',#10164,#8149,#8150);
#7112=AXIS2_PLACEMENT_3D('',#10166,#8152,#8153);
#7113=AXIS2_PLACEMENT_3D('',#10172,#8157,#8158);
#7114=AXIS2_PLACEMENT_3D('',#10178,#8162,#8163);
#7115=AXIS2_PLACEMENT_3D('',#10184,#8167,#8168);
#7116=AXIS2_PLACEMENT_3D('',#10185,#8169,#8170);
#7117=AXIS2_PLACEMENT_3D('',#10186,#8171,#8172);
#7118=AXIS2_PLACEMENT_3D('',#10187,#8173,#8174);
#7119=AXIS2_PLACEMENT_3D('',#10188,#8175,#8176);
#7120=AXIS2_PLACEMENT_3D('',#10189,#8177,#8178);
#7121=AXIS2_PLACEMENT_3D('',#10192,#8179,#8180);
#7122=AXIS2_PLACEMENT_3D('',#10196,#8182,#8183);
#7123=AXIS2_PLACEMENT_3D('',#10198,#8185,#8186);
#7124=AXIS2_PLACEMENT_3D('',#10204,#8190,#8191);
#7125=AXIS2_PLACEMENT_3D('',#10210,#8195,#8196);
#7126=AXIS2_PLACEMENT_3D('',#10212,#8197,#8198);
#7127=AXIS2_PLACEMENT_3D('',#10215,#8200,#8201);
#7128=AXIS2_PLACEMENT_3D('',#10216,#8202,#8203);
#7129=AXIS2_PLACEMENT_3D('',#10218,#8204,#8205);
#7130=AXIS2_PLACEMENT_3D('',#10221,#8207,#8208);
#7131=AXIS2_PLACEMENT_3D('',#10222,#8209,#8210);
#7132=AXIS2_PLACEMENT_3D('',#10224,#8211,#8212);
#7133=AXIS2_PLACEMENT_3D('',#10227,#8214,#8215);
#7134=AXIS2_PLACEMENT_3D('',#10228,#8216,#8217);
#7135=AXIS2_PLACEMENT_3D('',#10230,#8218,#8219);
#7136=AXIS2_PLACEMENT_3D('',#10233,#8221,#8222);
#7137=AXIS2_PLACEMENT_3D('',#10234,#8223,#8224);
#7138=AXIS2_PLACEMENT_3D('',#10236,#8225,#8226);
#7139=AXIS2_PLACEMENT_3D('',#10239,#8228,#8229);
#7140=AXIS2_PLACEMENT_3D('',#10240,#8230,#8231);
#7141=AXIS2_PLACEMENT_3D('',#10241,#8232,#8233);
#7142=AXIS2_PLACEMENT_3D('',#10242,#8234,#8235);
#7143=AXIS2_PLACEMENT_3D('',#10243,#8236,#8237);
#7144=AXIS2_PLACEMENT_3D('',#10246,#8238,#8239);
#7145=AXIS2_PLACEMENT_3D('',#10250,#8241,#8242);
#7146=AXIS2_PLACEMENT_3D('',#10252,#8244,#8245);
#7147=AXIS2_PLACEMENT_3D('',#10254,#8246,#8247);
#7148=AXIS2_PLACEMENT_3D('',#10256,#8248,#8249);
#7149=AXIS2_PLACEMENT_3D('',#10258,#8251,#8252);
#7150=AXIS2_PLACEMENT_3D('',#10260,#8253,#8254);
#7151=AXIS2_PLACEMENT_3D('',#10262,#8255,#8256);
#7152=AXIS2_PLACEMENT_3D('',#10264,#8258,#8259);
#7153=AXIS2_PLACEMENT_3D('',#10266,#8260,#8261);
#7154=AXIS2_PLACEMENT_3D('',#10268,#8262,#8263);
#7155=AXIS2_PLACEMENT_3D('',#10270,#8265,#8266);
#7156=AXIS2_PLACEMENT_3D('',#10272,#8267,#8268);
#7157=AXIS2_PLACEMENT_3D('',#10274,#8269,#8270);
#7158=AXIS2_PLACEMENT_3D('',#10276,#8272,#8273);
#7159=AXIS2_PLACEMENT_3D('',#10278,#8274,#8275);
#7160=AXIS2_PLACEMENT_3D('',#10280,#8276,#8277);
#7161=AXIS2_PLACEMENT_3D('',#10282,#8279,#8280);
#7162=AXIS2_PLACEMENT_3D('',#10284,#8281,#8282);
#7163=AXIS2_PLACEMENT_3D('',#10286,#8283,#8284);
#7164=AXIS2_PLACEMENT_3D('',#10288,#8286,#8287);
#7165=AXIS2_PLACEMENT_3D('',#10294,#8291,#8292);
#7166=AXIS2_PLACEMENT_3D('',#10300,#8296,#8297);
#7167=AXIS2_PLACEMENT_3D('',#10302,#8298,#8299);
#7168=AXIS2_PLACEMENT_3D('',#10304,#8300,#8301);
#7169=AXIS2_PLACEMENT_3D('',#10306,#8303,#8304);
#7170=AXIS2_PLACEMENT_3D('',#10308,#8305,#8306);
#7171=AXIS2_PLACEMENT_3D('',#10310,#8307,#8308);
#7172=AXIS2_PLACEMENT_3D('',#10312,#8310,#8311);
#7173=AXIS2_PLACEMENT_3D('',#10314,#8312,#8313);
#7174=AXIS2_PLACEMENT_3D('',#10316,#8314,#8315);
#7175=AXIS2_PLACEMENT_3D('',#10318,#8317,#8318);
#7176=AXIS2_PLACEMENT_3D('',#10320,#8319,#8320);
#7177=AXIS2_PLACEMENT_3D('',#10322,#8321,#8322);
#7178=AXIS2_PLACEMENT_3D('',#10324,#8324,#8325);
#7179=AXIS2_PLACEMENT_3D('',#10326,#8326,#8327);
#7180=AXIS2_PLACEMENT_3D('',#10328,#8328,#8329);
#7181=AXIS2_PLACEMENT_3D('',#10330,#8331,#8332);
#7182=AXIS2_PLACEMENT_3D('',#10332,#8333,#8334);
#7183=AXIS2_PLACEMENT_3D('',#10334,#8335,#8336);
#7184=AXIS2_PLACEMENT_3D('',#10336,#8338,#8339);
#7185=AXIS2_PLACEMENT_3D('',#10338,#8340,#8341);
#7186=AXIS2_PLACEMENT_3D('',#10340,#8342,#8343);
#7187=AXIS2_PLACEMENT_3D('',#10342,#8345,#8346);
#7188=AXIS2_PLACEMENT_3D('',#10344,#8347,#8348);
#7189=AXIS2_PLACEMENT_3D('',#10346,#8349,#8350);
#7190=AXIS2_PLACEMENT_3D('',#10348,#8352,#8353);
#7191=AXIS2_PLACEMENT_3D('',#10350,#8354,#8355);
#7192=AXIS2_PLACEMENT_3D('',#10352,#8356,#8357);
#7193=AXIS2_PLACEMENT_3D('',#10354,#8359,#8360);
#7194=AXIS2_PLACEMENT_3D('',#10360,#8364,#8365);
#7195=AXIS2_PLACEMENT_3D('',#10366,#8369,#8370);
#7196=AXIS2_PLACEMENT_3D('',#10368,#8371,#8372);
#7197=AXIS2_PLACEMENT_3D('',#10370,#8373,#8374);
#7198=AXIS2_PLACEMENT_3D('',#10372,#8376,#8377);
#7199=AXIS2_PLACEMENT_3D('',#10374,#8378,#8379);
#7200=AXIS2_PLACEMENT_3D('',#10376,#8380,#8381);
#7201=AXIS2_PLACEMENT_3D('',#10378,#8383,#8384);
#7202=AXIS2_PLACEMENT_3D('',#10380,#8385,#8386);
#7203=AXIS2_PLACEMENT_3D('',#10382,#8387,#8388);
#7204=AXIS2_PLACEMENT_3D('',#10384,#8390,#8391);
#7205=AXIS2_PLACEMENT_3D('',#10386,#8392,#8393);
#7206=AXIS2_PLACEMENT_3D('',#10388,#8394,#8395);
#7207=AXIS2_PLACEMENT_3D('',#10390,#8397,#8398);
#7208=AXIS2_PLACEMENT_3D('',#10392,#8399,#8400);
#7209=AXIS2_PLACEMENT_3D('',#10394,#8401,#8402);
#7210=AXIS2_PLACEMENT_3D('',#10396,#8404,#8405);
#7211=AXIS2_PLACEMENT_3D('',#10398,#8406,#8407);
#7212=AXIS2_PLACEMENT_3D('',#10400,#8408,#8409);
#7213=AXIS2_PLACEMENT_3D('',#10402,#8411,#8412);
#7214=AXIS2_PLACEMENT_3D('',#10404,#8413,#8414);
#7215=AXIS2_PLACEMENT_3D('',#10406,#8415,#8416);
#7216=AXIS2_PLACEMENT_3D('',#10408,#8418,#8419);
#7217=AXIS2_PLACEMENT_3D('',#10410,#8420,#8421);
#7218=AXIS2_PLACEMENT_3D('',#10412,#8422,#8423);
#7219=AXIS2_PLACEMENT_3D('',#10414,#8425,#8426);
#7220=AXIS2_PLACEMENT_3D('',#10416,#8427,#8428);
#7221=AXIS2_PLACEMENT_3D('',#10418,#8429,#8430);
#7222=AXIS2_PLACEMENT_3D('',#10420,#8432,#8433);
#7223=AXIS2_PLACEMENT_3D('',#10422,#8434,#8435);
#7224=AXIS2_PLACEMENT_3D('',#10424,#8436,#8437);
#7225=AXIS2_PLACEMENT_3D('',#10426,#8439,#8440);
#7226=AXIS2_PLACEMENT_3D('',#10428,#8441,#8442);
#7227=AXIS2_PLACEMENT_3D('',#10430,#8443,#8444);
#7228=AXIS2_PLACEMENT_3D('',#10432,#8446,#8447);
#7229=AXIS2_PLACEMENT_3D('',#10434,#8448,#8449);
#7230=AXIS2_PLACEMENT_3D('',#10436,#8450,#8451);
#7231=AXIS2_PLACEMENT_3D('',#10438,#8453,#8454);
#7232=AXIS2_PLACEMENT_3D('',#10440,#8455,#8456);
#7233=AXIS2_PLACEMENT_3D('',#10442,#8457,#8458);
#7234=AXIS2_PLACEMENT_3D('',#10444,#8460,#8461);
#7235=AXIS2_PLACEMENT_3D('',#10446,#8462,#8463);
#7236=AXIS2_PLACEMENT_3D('',#10448,#8464,#8465);
#7237=AXIS2_PLACEMENT_3D('',#10450,#8467,#8468);
#7238=AXIS2_PLACEMENT_3D('',#10452,#8469,#8470);
#7239=AXIS2_PLACEMENT_3D('',#10454,#8471,#8472);
#7240=AXIS2_PLACEMENT_3D('',#10456,#8474,#8475);
#7241=AXIS2_PLACEMENT_3D('',#10457,#8476,#8477);
#7242=AXIS2_PLACEMENT_3D('',#10458,#8478,#8479);
#7243=AXIS2_PLACEMENT_3D('',#10459,#8480,#8481);
#7244=AXIS2_PLACEMENT_3D('',#10460,#8482,#8483);
#7245=AXIS2_PLACEMENT_3D('',#10461,#8484,#8485);
#7246=AXIS2_PLACEMENT_3D('',#10464,#8486,#8487);
#7247=AXIS2_PLACEMENT_3D('',#10468,#8489,#8490);
#7248=AXIS2_PLACEMENT_3D('',#10470,#8492,#8493);
#7249=AXIS2_PLACEMENT_3D('',#10472,#8494,#8495);
#7250=AXIS2_PLACEMENT_3D('',#10475,#8497,#8498);
#7251=AXIS2_PLACEMENT_3D('',#10476,#8499,#8500);
#7252=AXIS2_PLACEMENT_3D('',#10478,#8501,#8502);
#7253=AXIS2_PLACEMENT_3D('',#10481,#8504,#8505);
#7254=AXIS2_PLACEMENT_3D('',#10482,#8506,#8507);
#7255=AXIS2_PLACEMENT_3D('',#10484,#8508,#8509);
#7256=AXIS2_PLACEMENT_3D('',#10487,#8511,#8512);
#7257=AXIS2_PLACEMENT_3D('',#10488,#8513,#8514);
#7258=AXIS2_PLACEMENT_3D('',#10490,#8515,#8516);
#7259=AXIS2_PLACEMENT_3D('',#10493,#8518,#8519);
#7260=AXIS2_PLACEMENT_3D('',#10494,#8520,#8521);
#7261=AXIS2_PLACEMENT_3D('',#10496,#8522,#8523);
#7262=AXIS2_PLACEMENT_3D('',#10499,#8525,#8526);
#7263=AXIS2_PLACEMENT_3D('',#10500,#8527,#8528);
#7264=AXIS2_PLACEMENT_3D('',#10502,#8529,#8530);
#7265=AXIS2_PLACEMENT_3D('',#10505,#8532,#8533);
#7266=AXIS2_PLACEMENT_3D('',#10506,#8534,#8535);
#7267=AXIS2_PLACEMENT_3D('',#10508,#8536,#8537);
#7268=AXIS2_PLACEMENT_3D('',#10511,#8539,#8540);
#7269=AXIS2_PLACEMENT_3D('',#10512,#8541,#8542);
#7270=AXIS2_PLACEMENT_3D('',#10514,#8543,#8544);
#7271=AXIS2_PLACEMENT_3D('',#10517,#8546,#8547);
#7272=AXIS2_PLACEMENT_3D('',#10518,#8548,#8549);
#7273=AXIS2_PLACEMENT_3D('',#10520,#8550,#8551);
#7274=AXIS2_PLACEMENT_3D('',#10523,#8553,#8554);
#7275=AXIS2_PLACEMENT_3D('',#10524,#8555,#8556);
#7276=AXIS2_PLACEMENT_3D('',#10526,#8557,#8558);
#7277=AXIS2_PLACEMENT_3D('',#10529,#8560,#8561);
#7278=AXIS2_PLACEMENT_3D('',#10530,#8562,#8563);
#7279=AXIS2_PLACEMENT_3D('',#10532,#8564,#8565);
#7280=AXIS2_PLACEMENT_3D('',#10535,#8567,#8568);
#7281=AXIS2_PLACEMENT_3D('',#10536,#8569,#8570);
#7282=AXIS2_PLACEMENT_3D('',#10538,#8571,#8572);
#7283=AXIS2_PLACEMENT_3D('',#10541,#8574,#8575);
#7284=AXIS2_PLACEMENT_3D('',#10542,#8576,#8577);
#7285=AXIS2_PLACEMENT_3D('',#10544,#8578,#8579);
#7286=AXIS2_PLACEMENT_3D('',#10547,#8581,#8582);
#7287=AXIS2_PLACEMENT_3D('',#10548,#8583,#8584);
#7288=AXIS2_PLACEMENT_3D('',#10550,#8585,#8586);
#7289=AXIS2_PLACEMENT_3D('',#10553,#8588,#8589);
#7290=AXIS2_PLACEMENT_3D('',#10554,#8590,#8591);
#7291=AXIS2_PLACEMENT_3D('',#10556,#8592,#8593);
#7292=AXIS2_PLACEMENT_3D('',#10559,#8595,#8596);
#7293=AXIS2_PLACEMENT_3D('',#10560,#8597,#8598);
#7294=AXIS2_PLACEMENT_3D('',#10562,#8599,#8600);
#7295=AXIS2_PLACEMENT_3D('',#10565,#8602,#8603);
#7296=AXIS2_PLACEMENT_3D('',#10566,#8604,#8605);
#7297=AXIS2_PLACEMENT_3D('',#10568,#8606,#8607);
#7298=AXIS2_PLACEMENT_3D('',#10571,#8609,#8610);
#7299=AXIS2_PLACEMENT_3D('',#10572,#8611,#8612);
#7300=AXIS2_PLACEMENT_3D('',#10574,#8613,#8614);
#7301=AXIS2_PLACEMENT_3D('',#10577,#8616,#8617);
#7302=AXIS2_PLACEMENT_3D('',#10578,#8618,#8619);
#7303=AXIS2_PLACEMENT_3D('',#10580,#8620,#8621);
#7304=AXIS2_PLACEMENT_3D('',#10583,#8623,#8624);
#7305=AXIS2_PLACEMENT_3D('',#10584,#8625,#8626);
#7306=AXIS2_PLACEMENT_3D('',#10586,#8627,#8628);
#7307=AXIS2_PLACEMENT_3D('',#10589,#8630,#8631);
#7308=AXIS2_PLACEMENT_3D('',#10590,#8632,#8633);
#7309=AXIS2_PLACEMENT_3D('',#10592,#8634,#8635);
#7310=AXIS2_PLACEMENT_3D('',#10595,#8637,#8638);
#7311=AXIS2_PLACEMENT_3D('',#10596,#8639,#8640);
#7312=AXIS2_PLACEMENT_3D('',#10598,#8641,#8642);
#7313=AXIS2_PLACEMENT_3D('',#10601,#8644,#8645);
#7314=AXIS2_PLACEMENT_3D('',#10602,#8646,#8647);
#7315=AXIS2_PLACEMENT_3D('',#10604,#8648,#8649);
#7316=AXIS2_PLACEMENT_3D('',#10607,#8651,#8652);
#7317=AXIS2_PLACEMENT_3D('',#10608,#8653,#8654);
#7318=AXIS2_PLACEMENT_3D('',#10610,#8655,#8656);
#7319=AXIS2_PLACEMENT_3D('',#10613,#8658,#8659);
#7320=AXIS2_PLACEMENT_3D('',#10614,#8660,#8661);
#7321=AXIS2_PLACEMENT_3D('',#10616,#8662,#8663);
#7322=AXIS2_PLACEMENT_3D('',#10619,#8665,#8666);
#7323=AXIS2_PLACEMENT_3D('',#10620,#8667,#8668);
#7324=AXIS2_PLACEMENT_3D('',#10622,#8669,#8670);
#7325=AXIS2_PLACEMENT_3D('',#10625,#8672,#8673);
#7326=AXIS2_PLACEMENT_3D('',#10626,#8674,#8675);
#7327=AXIS2_PLACEMENT_3D('',#10628,#8676,#8677);
#7328=AXIS2_PLACEMENT_3D('',#10631,#8679,#8680);
#7329=AXIS2_PLACEMENT_3D('',#10632,#8681,#8682);
#7330=AXIS2_PLACEMENT_3D('',#10634,#8683,#8684);
#7331=AXIS2_PLACEMENT_3D('',#10637,#8686,#8687);
#7332=AXIS2_PLACEMENT_3D('',#10638,#8688,#8689);
#7333=AXIS2_PLACEMENT_3D('',#10640,#8690,#8691);
#7334=AXIS2_PLACEMENT_3D('',#10643,#8693,#8694);
#7335=AXIS2_PLACEMENT_3D('',#10644,#8695,#8696);
#7336=AXIS2_PLACEMENT_3D('',#10646,#8697,#8698);
#7337=AXIS2_PLACEMENT_3D('',#10649,#8700,#8701);
#7338=AXIS2_PLACEMENT_3D('',#10650,#8702,#8703);
#7339=AXIS2_PLACEMENT_3D('',#10652,#8704,#8705);
#7340=AXIS2_PLACEMENT_3D('',#10655,#8707,#8708);
#7341=AXIS2_PLACEMENT_3D('',#10656,#8709,#8710);
#7342=AXIS2_PLACEMENT_3D('',#10658,#8711,#8712);
#7343=AXIS2_PLACEMENT_3D('',#10661,#8714,#8715);
#7344=AXIS2_PLACEMENT_3D('',#10662,#8716,#8717);
#7345=AXIS2_PLACEMENT_3D('',#10664,#8718,#8719);
#7346=AXIS2_PLACEMENT_3D('',#10667,#8721,#8722);
#7347=AXIS2_PLACEMENT_3D('',#10668,#8723,#8724);
#7348=AXIS2_PLACEMENT_3D('',#10670,#8725,#8726);
#7349=AXIS2_PLACEMENT_3D('',#10673,#8728,#8729);
#7350=AXIS2_PLACEMENT_3D('',#10674,#8730,#8731);
#7351=AXIS2_PLACEMENT_3D('',#10675,#8732,#8733);
#7352=AXIS2_PLACEMENT_3D('',#10676,#8734,#8735);
#7353=AXIS2_PLACEMENT_3D('',#10677,#8736,#8737);
#7354=AXIS2_PLACEMENT_3D('',#10680,#8738,#8739);
#7355=AXIS2_PLACEMENT_3D('',#10684,#8741,#8742);
#7356=AXIS2_PLACEMENT_3D('',#10686,#8744,#8745);
#7357=AXIS2_PLACEMENT_3D('',#10688,#8746,#8747);
#7358=AXIS2_PLACEMENT_3D('',#10690,#8748,#8749);
#7359=AXIS2_PLACEMENT_3D('',#10692,#8751,#8752);
#7360=AXIS2_PLACEMENT_3D('',#10694,#8753,#8754);
#7361=AXIS2_PLACEMENT_3D('',#10696,#8755,#8756);
#7362=AXIS2_PLACEMENT_3D('',#10698,#8758,#8759);
#7363=AXIS2_PLACEMENT_3D('',#10700,#8760,#8761);
#7364=AXIS2_PLACEMENT_3D('',#10702,#8762,#8763);
#7365=AXIS2_PLACEMENT_3D('',#10704,#8765,#8766);
#7366=AXIS2_PLACEMENT_3D('',#10706,#8767,#8768);
#7367=AXIS2_PLACEMENT_3D('',#10708,#8769,#8770);
#7368=AXIS2_PLACEMENT_3D('',#10710,#8772,#8773);
#7369=AXIS2_PLACEMENT_3D('',#10712,#8774,#8775);
#7370=AXIS2_PLACEMENT_3D('',#10714,#8776,#8777);
#7371=AXIS2_PLACEMENT_3D('',#10716,#8779,#8780);
#7372=AXIS2_PLACEMENT_3D('',#10718,#8781,#8782);
#7373=AXIS2_PLACEMENT_3D('',#10720,#8783,#8784);
#7374=AXIS2_PLACEMENT_3D('',#10722,#8786,#8787);
#7375=AXIS2_PLACEMENT_3D('',#10724,#8788,#8789);
#7376=AXIS2_PLACEMENT_3D('',#10726,#8790,#8791);
#7377=AXIS2_PLACEMENT_3D('',#10728,#8793,#8794);
#7378=AXIS2_PLACEMENT_3D('',#10730,#8795,#8796);
#7379=AXIS2_PLACEMENT_3D('',#10732,#8797,#8798);
#7380=AXIS2_PLACEMENT_3D('',#10734,#8800,#8801);
#7381=AXIS2_PLACEMENT_3D('',#10736,#8802,#8803);
#7382=AXIS2_PLACEMENT_3D('',#10738,#8804,#8805);
#7383=AXIS2_PLACEMENT_3D('',#10740,#8807,#8808);
#7384=AXIS2_PLACEMENT_3D('',#10742,#8809,#8810);
#7385=AXIS2_PLACEMENT_3D('',#10744,#8811,#8812);
#7386=AXIS2_PLACEMENT_3D('',#10746,#8814,#8815);
#7387=AXIS2_PLACEMENT_3D('',#10748,#8816,#8817);
#7388=AXIS2_PLACEMENT_3D('',#10750,#8818,#8819);
#7389=AXIS2_PLACEMENT_3D('',#10752,#8821,#8822);
#7390=AXIS2_PLACEMENT_3D('',#10754,#8823,#8824);
#7391=AXIS2_PLACEMENT_3D('',#10756,#8825,#8826);
#7392=AXIS2_PLACEMENT_3D('',#10758,#8828,#8829);
#7393=AXIS2_PLACEMENT_3D('',#10760,#8830,#8831);
#7394=AXIS2_PLACEMENT_3D('',#10762,#8832,#8833);
#7395=AXIS2_PLACEMENT_3D('',#10764,#8835,#8836);
#7396=AXIS2_PLACEMENT_3D('',#10766,#8837,#8838);
#7397=AXIS2_PLACEMENT_3D('',#10768,#8839,#8840);
#7398=AXIS2_PLACEMENT_3D('',#10770,#8842,#8843);
#7399=AXIS2_PLACEMENT_3D('',#10772,#8844,#8845);
#7400=AXIS2_PLACEMENT_3D('',#10774,#8846,#8847);
#7401=AXIS2_PLACEMENT_3D('',#10776,#8849,#8850);
#7402=AXIS2_PLACEMENT_3D('',#10778,#8851,#8852);
#7403=AXIS2_PLACEMENT_3D('',#10780,#8853,#8854);
#7404=AXIS2_PLACEMENT_3D('',#10782,#8856,#8857);
#7405=AXIS2_PLACEMENT_3D('',#10784,#8858,#8859);
#7406=AXIS2_PLACEMENT_3D('',#10786,#8860,#8861);
#7407=AXIS2_PLACEMENT_3D('',#10788,#8863,#8864);
#7408=AXIS2_PLACEMENT_3D('',#10790,#8865,#8866);
#7409=AXIS2_PLACEMENT_3D('',#10792,#8867,#8868);
#7410=AXIS2_PLACEMENT_3D('',#10794,#8870,#8871);
#7411=AXIS2_PLACEMENT_3D('',#10795,#8872,#8873);
#7412=AXIS2_PLACEMENT_3D('',#10796,#8874,#8875);
#7413=AXIS2_PLACEMENT_3D('',#10797,#8876,#8877);
#7414=AXIS2_PLACEMENT_3D('',#10798,#8878,#8879);
#7415=AXIS2_PLACEMENT_3D('placement',#10799,#8880,#8881);
#7416=AXIS2_PLACEMENT_3D('',#10800,#8882,#8883);
#7417=AXIS2_PLACEMENT_3D('',#10809,#8888,#8889);
#7418=AXIS2_PLACEMENT_3D('',#10815,#8893,#8894);
#7419=AXIS2_PLACEMENT_3D('',#10821,#8898,#8899);
#7420=AXIS2_PLACEMENT_3D('',#10824,#8902,#8903);
#7421=AXIS2_PLACEMENT_3D('',#10825,#8904,#8905);
#7422=AXIS2_PLACEMENT_3D('',#10826,#8906,#8907);
#7423=AXIS2_PLACEMENT_3D('',#10835,#8912,#8913);
#7424=AXIS2_PLACEMENT_3D('',#10841,#8917,#8918);
#7425=AXIS2_PLACEMENT_3D('',#10847,#8922,#8923);
#7426=AXIS2_PLACEMENT_3D('',#10850,#8926,#8927);
#7427=AXIS2_PLACEMENT_3D('',#10851,#8928,#8929);
#7428=AXIS2_PLACEMENT_3D('',#10852,#8930,#8931);
#7429=AXIS2_PLACEMENT_3D('',#10861,#8936,#8937);
#7430=AXIS2_PLACEMENT_3D('',#10867,#8941,#8942);
#7431=AXIS2_PLACEMENT_3D('',#10873,#8946,#8947);
#7432=AXIS2_PLACEMENT_3D('',#10876,#8950,#8951);
#7433=AXIS2_PLACEMENT_3D('',#10877,#8952,#8953);
#7434=AXIS2_PLACEMENT_3D('',#10878,#8954,#8955);
#7435=AXIS2_PLACEMENT_3D('',#10887,#8960,#8961);
#7436=AXIS2_PLACEMENT_3D('',#10893,#8965,#8966);
#7437=AXIS2_PLACEMENT_3D('',#10899,#8970,#8971);
#7438=AXIS2_PLACEMENT_3D('',#10902,#8974,#8975);
#7439=AXIS2_PLACEMENT_3D('',#10903,#8976,#8977);
#7440=AXIS2_PLACEMENT_3D('',#10904,#8978,#8979);
#7441=AXIS2_PLACEMENT_3D('',#10913,#8984,#8985);
#7442=AXIS2_PLACEMENT_3D('',#10919,#8989,#8990);
#7443=AXIS2_PLACEMENT_3D('',#10925,#8994,#8995);
#7444=AXIS2_PLACEMENT_3D('',#10928,#8998,#8999);
#7445=AXIS2_PLACEMENT_3D('',#10929,#9000,#9001);
#7446=AXIS2_PLACEMENT_3D('',#10930,#9002,#9003);
#7447=AXIS2_PLACEMENT_3D('',#10939,#9008,#9009);
#7448=AXIS2_PLACEMENT_3D('',#10945,#9013,#9014);
#7449=AXIS2_PLACEMENT_3D('',#10951,#9018,#9019);
#7450=AXIS2_PLACEMENT_3D('',#10954,#9022,#9023);
#7451=AXIS2_PLACEMENT_3D('',#10955,#9024,#9025);
#7452=AXIS2_PLACEMENT_3D('',#10956,#9026,#9027);
#7453=AXIS2_PLACEMENT_3D('',#10965,#9032,#9033);
#7454=AXIS2_PLACEMENT_3D('',#10971,#9037,#9038);
#7455=AXIS2_PLACEMENT_3D('',#10977,#9042,#9043);
#7456=AXIS2_PLACEMENT_3D('',#10980,#9046,#9047);
#7457=AXIS2_PLACEMENT_3D('',#10981,#9048,#9049);
#7458=AXIS2_PLACEMENT_3D('placement',#10982,#9050,#9051);
#7459=AXIS2_PLACEMENT_3D('',#10983,#9052,#9053);
#7460=AXIS2_PLACEMENT_3D('',#10992,#9058,#9059);
#7461=AXIS2_PLACEMENT_3D('',#10998,#9063,#9064);
#7462=AXIS2_PLACEMENT_3D('',#11004,#9068,#9069);
#7463=AXIS2_PLACEMENT_3D('',#11007,#9072,#9073);
#7464=AXIS2_PLACEMENT_3D('',#11008,#9074,#9075);
#7465=AXIS2_PLACEMENT_3D('',#11009,#9076,#9077);
#7466=AXIS2_PLACEMENT_3D('',#11018,#9082,#9083);
#7467=AXIS2_PLACEMENT_3D('',#11024,#9087,#9088);
#7468=AXIS2_PLACEMENT_3D('',#11030,#9092,#9093);
#7469=AXIS2_PLACEMENT_3D('',#11033,#9096,#9097);
#7470=AXIS2_PLACEMENT_3D('',#11034,#9098,#9099);
#7471=AXIS2_PLACEMENT_3D('',#11035,#9100,#9101);
#7472=AXIS2_PLACEMENT_3D('',#11044,#9106,#9107);
#7473=AXIS2_PLACEMENT_3D('',#11050,#9111,#9112);
#7474=AXIS2_PLACEMENT_3D('',#11056,#9116,#9117);
#7475=AXIS2_PLACEMENT_3D('',#11059,#9120,#9121);
#7476=AXIS2_PLACEMENT_3D('',#11060,#9122,#9123);
#7477=AXIS2_PLACEMENT_3D('',#11061,#9124,#9125);
#7478=AXIS2_PLACEMENT_3D('',#11070,#9130,#9131);
#7479=AXIS2_PLACEMENT_3D('',#11076,#9135,#9136);
#7480=AXIS2_PLACEMENT_3D('',#11082,#9140,#9141);
#7481=AXIS2_PLACEMENT_3D('',#11085,#9144,#9145);
#7482=AXIS2_PLACEMENT_3D('',#11086,#9146,#9147);
#7483=AXIS2_PLACEMENT_3D('',#11087,#9148,#9149);
#7484=AXIS2_PLACEMENT_3D('',#11096,#9154,#9155);
#7485=AXIS2_PLACEMENT_3D('',#11102,#9159,#9160);
#7486=AXIS2_PLACEMENT_3D('',#11108,#9164,#9165);
#7487=AXIS2_PLACEMENT_3D('',#11111,#9168,#9169);
#7488=AXIS2_PLACEMENT_3D('',#11112,#9170,#9171);
#7489=AXIS2_PLACEMENT_3D('',#11113,#9172,#9173);
#7490=AXIS2_PLACEMENT_3D('',#11122,#9178,#9179);
#7491=AXIS2_PLACEMENT_3D('',#11128,#9183,#9184);
#7492=AXIS2_PLACEMENT_3D('',#11134,#9188,#9189);
#7493=AXIS2_PLACEMENT_3D('',#11137,#9192,#9193);
#7494=AXIS2_PLACEMENT_3D('',#11138,#9194,#9195);
#7495=AXIS2_PLACEMENT_3D('placement',#11139,#9196,#9197);
#7496=AXIS2_PLACEMENT_3D('',#11140,#9198,#9199);
#7497=AXIS2_PLACEMENT_3D('',#11149,#9204,#9205);
#7498=AXIS2_PLACEMENT_3D('',#11155,#9209,#9210);
#7499=AXIS2_PLACEMENT_3D('',#11161,#9214,#9215);
#7500=AXIS2_PLACEMENT_3D('',#11170,#9220,#9221);
#7501=AXIS2_PLACEMENT_3D('',#11176,#9225,#9226);
#7502=AXIS2_PLACEMENT_3D('',#11182,#9230,#9231);
#7503=AXIS2_PLACEMENT_3D('',#11185,#9234,#9235);
#7504=AXIS2_PLACEMENT_3D('',#11187,#9237,#9238);
#7505=AXIS2_PLACEMENT_3D('',#11197,#9244,#9245);
#7506=AXIS2_PLACEMENT_3D('',#11206,#9250,#9251);
#7507=AXIS2_PLACEMENT_3D('',#11212,#9255,#9256);
#7508=AXIS2_PLACEMENT_3D('',#11218,#9260,#9261);
#7509=AXIS2_PLACEMENT_3D('',#11221,#9264,#9265);
#7510=AXIS2_PLACEMENT_3D('',#11230,#9270,#9271);
#7511=AXIS2_PLACEMENT_3D('',#11236,#9275,#9276);
#7512=AXIS2_PLACEMENT_3D('',#11242,#9280,#9281);
#7513=AXIS2_PLACEMENT_3D('',#11245,#9284,#9285);
#7514=AXIS2_PLACEMENT_3D('',#11254,#9290,#9291);
#7515=AXIS2_PLACEMENT_3D('',#11260,#9295,#9296);
#7516=AXIS2_PLACEMENT_3D('',#11266,#9300,#9301);
#7517=AXIS2_PLACEMENT_3D('',#11269,#9304,#9305);
#7518=AXIS2_PLACEMENT_3D('',#11278,#9310,#9311);
#7519=AXIS2_PLACEMENT_3D('',#11284,#9315,#9316);
#7520=AXIS2_PLACEMENT_3D('',#11290,#9320,#9321);
#7521=AXIS2_PLACEMENT_3D('',#11293,#9324,#9325);
#7522=AXIS2_PLACEMENT_3D('',#11302,#9330,#9331);
#7523=AXIS2_PLACEMENT_3D('',#11308,#9335,#9336);
#7524=AXIS2_PLACEMENT_3D('',#11314,#9340,#9341);
#7525=AXIS2_PLACEMENT_3D('',#11317,#9344,#9345);
#7526=AXIS2_PLACEMENT_3D('',#11326,#9350,#9351);
#7527=AXIS2_PLACEMENT_3D('',#11332,#9355,#9356);
#7528=AXIS2_PLACEMENT_3D('',#11338,#9360,#9361);
#7529=AXIS2_PLACEMENT_3D('',#11341,#9364,#9365);
#7530=AXIS2_PLACEMENT_3D('',#11350,#9370,#9371);
#7531=AXIS2_PLACEMENT_3D('',#11356,#9375,#9376);
#7532=AXIS2_PLACEMENT_3D('',#11362,#9380,#9381);
#7533=AXIS2_PLACEMENT_3D('',#11365,#9384,#9385);
#7534=AXIS2_PLACEMENT_3D('',#11374,#9390,#9391);
#7535=AXIS2_PLACEMENT_3D('',#11380,#9395,#9396);
#7536=AXIS2_PLACEMENT_3D('',#11386,#9400,#9401);
#7537=AXIS2_PLACEMENT_3D('',#11389,#9404,#9405);
#7538=AXIS2_PLACEMENT_3D('',#11398,#9410,#9411);
#7539=AXIS2_PLACEMENT_3D('',#11404,#9415,#9416);
#7540=AXIS2_PLACEMENT_3D('',#11410,#9420,#9421);
#7541=AXIS2_PLACEMENT_3D('',#11413,#9424,#9425);
#7542=AXIS2_PLACEMENT_3D('',#11422,#9430,#9431);
#7543=AXIS2_PLACEMENT_3D('',#11428,#9435,#9436);
#7544=AXIS2_PLACEMENT_3D('',#11434,#9440,#9441);
#7545=AXIS2_PLACEMENT_3D('',#11437,#9444,#9445);
#7546=AXIS2_PLACEMENT_3D('',#11446,#9450,#9451);
#7547=AXIS2_PLACEMENT_3D('',#11452,#9455,#9456);
#7548=AXIS2_PLACEMENT_3D('',#11458,#9460,#9461);
#7549=AXIS2_PLACEMENT_3D('',#11461,#9464,#9465);
#7550=AXIS2_PLACEMENT_3D('',#11470,#9470,#9471);
#7551=AXIS2_PLACEMENT_3D('',#11476,#9475,#9476);
#7552=AXIS2_PLACEMENT_3D('',#11482,#9480,#9481);
#7553=AXIS2_PLACEMENT_3D('',#11485,#9484,#9485);
#7554=AXIS2_PLACEMENT_3D('',#11494,#9490,#9491);
#7555=AXIS2_PLACEMENT_3D('',#11500,#9495,#9496);
#7556=AXIS2_PLACEMENT_3D('',#11506,#9500,#9501);
#7557=AXIS2_PLACEMENT_3D('',#11509,#9504,#9505);
#7558=AXIS2_PLACEMENT_3D('',#11515,#9509,#9510);
#7559=AXIS2_PLACEMENT_3D('',#11521,#9514,#9515);
#7560=AXIS2_PLACEMENT_3D('',#11524,#9518,#9519);
#7561=AXIS2_PLACEMENT_3D('',#11525,#9520,#9521);
#7562=AXIS2_PLACEMENT_3D('',#11526,#9522,#9523);
#7563=AXIS2_PLACEMENT_3D('',#11528,#9524,#9525);
#7564=AXIS2_PLACEMENT_3D('',#11531,#9527,#9528);
#7565=AXIS2_PLACEMENT_3D('',#11532,#9529,#9530);
#7566=AXIS2_PLACEMENT_3D('',#11533,#9531,#9532);
#7567=AXIS2_PLACEMENT_3D('',#11542,#9537,#9538);
#7568=AXIS2_PLACEMENT_3D('',#11548,#9542,#9543);
#7569=AXIS2_PLACEMENT_3D('',#11554,#9547,#9548);
#7570=AXIS2_PLACEMENT_3D('',#11557,#9551,#9552);
#7571=AXIS2_PLACEMENT_3D('',#11558,#9553,#9554);
#7572=AXIS2_PLACEMENT_3D('',#11559,#9555,#9556);
#7573=AXIS2_PLACEMENT_3D('',#11561,#9557,#9558);
#7574=AXIS2_PLACEMENT_3D('',#11563,#9559,#9560);
#7575=AXIS2_PLACEMENT_3D('',#11564,#9561,#9562);
#7576=AXIS2_PLACEMENT_3D('',#11565,#9563,#9564);
#7577=AXIS2_PLACEMENT_3D('',#11566,#9565,#9566);
#7578=AXIS2_PLACEMENT_3D('',#11575,#9571,#9572);
#7579=AXIS2_PLACEMENT_3D('',#11581,#9576,#9577);
#7580=AXIS2_PLACEMENT_3D('',#11587,#9581,#9582);
#7581=AXIS2_PLACEMENT_3D('',#11593,#9586,#9587);
#7582=AXIS2_PLACEMENT_3D('',#11599,#9591,#9592);
#7583=AXIS2_PLACEMENT_3D('',#11605,#9596,#9597);
#7584=AXIS2_PLACEMENT_3D('',#11611,#9601,#9602);
#7585=AXIS2_PLACEMENT_3D('',#11614,#9605,#9606);
#7586=AXIS2_PLACEMENT_3D('',#11615,#9607,#9608);
#7587=AXIS2_PLACEMENT_3D('',#11616,#9609,#9610);
#7588=AXIS2_PLACEMENT_3D('',#11617,#9611,#9612);
#7589=AXIS2_PLACEMENT_3D('',#11618,#9613,#9614);
#7590=AXIS2_PLACEMENT_3D('',#11619,#9615,#9616);
#7591=DIRECTION('axis',(0.,0.,1.));
#7592=DIRECTION('refdir',(1.,0.,0.));
#7593=DIRECTION('axis',(0.,0.,1.));
#7594=DIRECTION('refdir',(1.,0.,0.));
#7595=DIRECTION('center_axis',(0.,0.,1.));
#7596=DIRECTION('ref_axis',(-0.309693852670839,-0.950836325356732,0.));
#7597=DIRECTION('center_axis',(0.,0.,-1.));
#7598=DIRECTION('ref_axis',(-0.309693852670839,-0.950836325356732,0.));
#7599=DIRECTION('',(0.,0.,1.));
#7600=DIRECTION('center_axis',(0.,0.,1.));
#7601=DIRECTION('ref_axis',(-0.309693852670839,-0.950836325356732,0.));
#7602=DIRECTION('',(0.,0.,1.));
#7603=DIRECTION('center_axis',(0.974057022501049,0.226302710802126,0.));
#7604=DIRECTION('ref_axis',(-0.226302710802126,0.974057022501049,0.));
#7605=DIRECTION('',(0.226302710802126,-0.974057022501049,0.));
#7606=DIRECTION('',(-0.226302710802126,0.974057022501049,0.));
#7607=DIRECTION('',(0.,0.,1.));
#7608=DIRECTION('center_axis',(0.,0.,1.));
#7609=DIRECTION('ref_axis',(0.0571247638037561,0.998367047413107,0.));
#7610=DIRECTION('center_axis',(0.,0.,-1.));
#7611=DIRECTION('ref_axis',(0.0571247638037561,0.998367047413107,0.));
#7612=DIRECTION('center_axis',(0.,0.,1.));
#7613=DIRECTION('ref_axis',(0.0571247638037561,0.998367047413107,0.));
#7614=DIRECTION('',(0.,0.,1.));
#7615=DIRECTION('center_axis',(0.,0.,1.));
#7616=DIRECTION('ref_axis',(0.457567116683212,0.889175086093966,0.));
#7617=DIRECTION('center_axis',(0.,0.,-1.));
#7618=DIRECTION('ref_axis',(0.457567116683212,0.889175086093966,0.));
#7619=DIRECTION('center_axis',(0.,0.,1.));
#7620=DIRECTION('ref_axis',(0.457567116683212,0.889175086093966,0.));
#7621=DIRECTION('',(0.,0.,1.));
#7622=DIRECTION('center_axis',(0.,0.,1.));
#7623=DIRECTION('ref_axis',(0.630804460933913,0.775941835491472,0.));
#7624=DIRECTION('center_axis',(0.,0.,-1.));
#7625=DIRECTION('ref_axis',(0.630804460933913,0.775941835491472,0.));
#7626=DIRECTION('center_axis',(0.,0.,1.));
#7627=DIRECTION('ref_axis',(0.630804460933913,0.775941835491472,0.));
#7628=DIRECTION('',(0.,0.,1.));
#7629=DIRECTION('center_axis',(0.,0.,1.));
#7630=DIRECTION('ref_axis',(0.898503675579093,0.438965995232956,0.));
#7631=DIRECTION('center_axis',(0.,0.,-1.));
#7632=DIRECTION('ref_axis',(0.898503675579093,0.438965995232956,0.));
#7633=DIRECTION('center_axis',(0.,0.,1.));
#7634=DIRECTION('ref_axis',(0.898503675579093,0.438965995232956,0.));
#7635=DIRECTION('',(0.,0.,1.));
#7636=DIRECTION('center_axis',(0.,0.,1.));
#7637=DIRECTION('ref_axis',(0.998249081551459,0.0591504115088752,0.));
#7638=DIRECTION('center_axis',(0.,0.,-1.));
#7639=DIRECTION('ref_axis',(0.998249081551459,0.0591504115088752,0.));
#7640=DIRECTION('center_axis',(0.,0.,1.));
#7641=DIRECTION('ref_axis',(0.998249081551459,0.0591504115088752,0.));
#7642=DIRECTION('',(0.,0.,1.));
#7643=DIRECTION('center_axis',(0.,0.,1.));
#7644=DIRECTION('ref_axis',(0.891572507504533,-0.452877978998845,0.));
#7645=DIRECTION('center_axis',(0.,0.,-1.));
#7646=DIRECTION('ref_axis',(0.891572507504533,-0.452877978998845,0.));
#7647=DIRECTION('center_axis',(0.,0.,1.));
#7648=DIRECTION('ref_axis',(0.891572507504533,-0.452877978998845,0.));
#7649=DIRECTION('',(0.,0.,1.));
#7650=DIRECTION('center_axis',(0.,0.,1.));
#7651=DIRECTION('ref_axis',(0.697880046144982,-0.716214661391875,0.));
#7652=DIRECTION('center_axis',(0.,0.,-1.));
#7653=DIRECTION('ref_axis',(0.697880046144982,-0.716214661391875,0.));
#7654=DIRECTION('center_axis',(0.,0.,1.));
#7655=DIRECTION('ref_axis',(0.697880046144982,-0.716214661391875,0.));
#7656=DIRECTION('',(0.,0.,1.));
#7657=DIRECTION('center_axis',(0.,0.,1.));
#7658=DIRECTION('ref_axis',(0.404463831158204,-0.914553994734498,0.));
#7659=DIRECTION('center_axis',(0.,0.,-1.));
#7660=DIRECTION('ref_axis',(0.404463831158204,-0.914553994734498,0.));
#7661=DIRECTION('center_axis',(0.,0.,1.));
#7662=DIRECTION('ref_axis',(0.404463831158204,-0.914553994734498,0.));
#7663=DIRECTION('',(0.,0.,1.));
#7664=DIRECTION('center_axis',(0.,0.,1.));
#7665=DIRECTION('ref_axis',(-0.981906754621034,-0.189365058100982,0.));
#7666=DIRECTION('center_axis',(0.,0.,1.));
#7667=DIRECTION('ref_axis',(-0.981906754621034,-0.189365058100982,0.));
#7668=DIRECTION('center_axis',(0.,0.,-1.));
#7669=DIRECTION('ref_axis',(-0.981906754621034,-0.189365058100982,0.));
#7670=DIRECTION('',(0.,0.,1.));
#7671=DIRECTION('center_axis',(0.,0.,1.));
#7672=DIRECTION('ref_axis',(-0.668847885450412,0.743399291181067,0.));
#7673=DIRECTION('center_axis',(0.,0.,1.));
#7674=DIRECTION('ref_axis',(-0.668847885450412,0.743399291181067,0.));
#7675=DIRECTION('center_axis',(0.,0.,-1.));
#7676=DIRECTION('ref_axis',(-0.668847885450412,0.743399291181067,0.));
#7677=DIRECTION('',(0.,0.,1.));
#7678=DIRECTION('center_axis',(0.,0.,1.));
#7679=DIRECTION('ref_axis',(-0.818066300206988,0.575123924442072,0.));
#7680=DIRECTION('center_axis',(0.,0.,1.));
#7681=DIRECTION('ref_axis',(-0.818066300206988,0.575123924442072,0.));
#7682=DIRECTION('center_axis',(0.,0.,-1.));
#7683=DIRECTION('ref_axis',(-0.818066300206988,0.575123924442072,0.));
#7684=DIRECTION('',(0.,0.,1.));
#7685=DIRECTION('center_axis',(0.,0.,1.));
#7686=DIRECTION('ref_axis',(-0.955163997800473,0.296077248882479,0.));
#7687=DIRECTION('center_axis',(0.,0.,1.));
#7688=DIRECTION('ref_axis',(-0.955163997800473,0.296077248882479,0.));
#7689=DIRECTION('center_axis',(0.,0.,-1.));
#7690=DIRECTION('ref_axis',(-0.955163997800473,0.296077248882479,0.));
#7691=DIRECTION('',(0.,0.,1.));
#7692=DIRECTION('center_axis',(0.,0.,1.));
#7693=DIRECTION('ref_axis',(-0.942488342259028,-0.334239023313898,0.));
#7694=DIRECTION('center_axis',(0.,0.,1.));
#7695=DIRECTION('ref_axis',(-0.942488342259028,-0.334239023313898,0.));
#7696=DIRECTION('center_axis',(0.,0.,-1.));
#7697=DIRECTION('ref_axis',(-0.942488342259028,-0.334239023313898,0.));
#7698=DIRECTION('',(0.,0.,1.));
#7699=DIRECTION('center_axis',(0.,0.,1.));
#7700=DIRECTION('ref_axis',(-0.621321499216364,-0.783555738037524,0.));
#7701=DIRECTION('center_axis',(0.,0.,1.));
#7702=DIRECTION('ref_axis',(-0.621321499216364,-0.783555738037524,0.));
#7703=DIRECTION('center_axis',(0.,0.,-1.));
#7704=DIRECTION('ref_axis',(-0.621321499216364,-0.783555738037524,0.));
#7705=DIRECTION('',(0.,0.,1.));
#7706=DIRECTION('center_axis',(0.,0.,1.));
#7707=DIRECTION('ref_axis',(-0.169268124255516,-0.985570039170743,0.));
#7708=DIRECTION('center_axis',(0.,0.,1.));
#7709=DIRECTION('ref_axis',(-0.169268124255516,-0.985570039170743,0.));
#7710=DIRECTION('center_axis',(0.,0.,-1.));
#7711=DIRECTION('ref_axis',(-0.169268124255516,-0.985570039170743,0.));
#7712=DIRECTION('',(0.,0.,1.));
#7713=DIRECTION('center_axis',(-0.974252691808482,-0.225458848803781,0.));
#7714=DIRECTION('ref_axis',(0.225458848803781,-0.974252691808482,0.));
#7715=DIRECTION('',(-0.225458848803781,0.974252691808482,0.));
#7716=DIRECTION('',(0.225458848803781,-0.974252691808482,0.));
#7717=DIRECTION('',(0.,0.,1.));
#7718=DIRECTION('center_axis',(0.,0.,1.));
#7719=DIRECTION('ref_axis',(-0.0203938305965094,0.999792024209836,0.));
#7720=DIRECTION('center_axis',(0.,0.,1.));
#7721=DIRECTION('ref_axis',(-0.0203938305965094,0.999792024209836,0.));
#7722=DIRECTION('center_axis',(0.,0.,-1.));
#7723=DIRECTION('ref_axis',(-0.0203938305965094,0.999792024209836,0.));
#7724=DIRECTION('',(0.,0.,1.));
#7725=DIRECTION('center_axis',(0.,0.,1.));
#7726=DIRECTION('ref_axis',(0.998393191993445,0.0566659878687368,0.));
#7727=DIRECTION('center_axis',(0.,0.,1.));
#7728=DIRECTION('ref_axis',(0.998393191993445,0.0566659878687368,0.));
#7729=DIRECTION('center_axis',(0.,0.,-1.));
#7730=DIRECTION('ref_axis',(0.998393191993445,0.0566659878687368,0.));
#7731=DIRECTION('center_axis',(0.,0.,1.));
#7732=DIRECTION('ref_axis',(1.,0.,0.));
#7733=DIRECTION('center_axis',(0.,0.,1.));
#7734=DIRECTION('ref_axis',(1.,0.,0.));
#7735=DIRECTION('center_axis',(1.,4.23517529545373E-14,0.));
#7736=DIRECTION('ref_axis',(-4.23517529545373E-14,1.,0.));
#7737=DIRECTION('',(4.23517529545373E-14,-1.,0.));
#7738=DIRECTION('',(0.,0.,1.));
#7739=DIRECTION('',(-4.23517529545373E-14,1.,0.));
#7740=DIRECTION('',(0.,0.,1.));
#7741=DIRECTION('center_axis',(0.,-1.,0.));
#7742=DIRECTION('ref_axis',(1.,0.,0.));
#7743=DIRECTION('',(-1.,0.,0.));
#7744=DIRECTION('',(1.,0.,0.));
#7745=DIRECTION('',(0.,0.,1.));
#7746=DIRECTION('center_axis',(-1.,0.,0.));
#7747=DIRECTION('ref_axis',(0.,-1.,0.));
#7748=DIRECTION('',(0.,1.,0.));
#7749=DIRECTION('',(0.,-1.,0.));
#7750=DIRECTION('',(0.,0.,1.));
#7751=DIRECTION('center_axis',(0.,1.,0.));
#7752=DIRECTION('ref_axis',(-1.,0.,0.));
#7753=DIRECTION('',(1.,0.,0.));
#7754=DIRECTION('',(-1.,0.,0.));
#7755=DIRECTION('',(0.,0.,1.));
#7756=DIRECTION('center_axis',(1.,0.,0.));
#7757=DIRECTION('ref_axis',(0.,1.,0.));
#7758=DIRECTION('',(0.,-1.,0.));
#7759=DIRECTION('',(0.,1.,0.));
#7760=DIRECTION('',(0.,0.,1.));
#7761=DIRECTION('center_axis',(0.,0.,1.));
#7762=DIRECTION('ref_axis',(0.0718228521568788,-0.997417404053113,0.));
#7763=DIRECTION('center_axis',(0.,0.,-1.));
#7764=DIRECTION('ref_axis',(0.0718228521568788,-0.997417404053113,0.));
#7765=DIRECTION('center_axis',(0.,0.,1.));
#7766=DIRECTION('ref_axis',(0.0718228521568788,-0.997417404053113,0.));
#7767=DIRECTION('',(0.,0.,1.));
#7768=DIRECTION('center_axis',(0.,0.,1.));
#7769=DIRECTION('ref_axis',(-0.317283230098349,-0.948330824079002,0.));
#7770=DIRECTION('center_axis',(0.,0.,-1.));
#7771=DIRECTION('ref_axis',(-0.317283230098349,-0.948330824079002,0.));
#7772=DIRECTION('center_axis',(0.,0.,1.));
#7773=DIRECTION('ref_axis',(-0.317283230098349,-0.948330824079002,0.));
#7774=DIRECTION('',(0.,0.,1.));
#7775=DIRECTION('center_axis',(0.,0.,1.));
#7776=DIRECTION('ref_axis',(-0.717118887448126,-0.696950860007477,0.));
#7777=DIRECTION('center_axis',(0.,0.,-1.));
#7778=DIRECTION('ref_axis',(-0.717118887448126,-0.696950860007477,0.));
#7779=DIRECTION('center_axis',(0.,0.,1.));
#7780=DIRECTION('ref_axis',(-0.717118887448126,-0.696950860007477,0.));
#7781=DIRECTION('',(0.,0.,1.));
#7782=DIRECTION('center_axis',(0.,0.,1.));
#7783=DIRECTION('ref_axis',(-0.986479631664658,-0.163883911079643,0.));
#7784=DIRECTION('center_axis',(0.,0.,-1.));
#7785=DIRECTION('ref_axis',(-0.986479631664658,-0.163883911079643,0.));
#7786=DIRECTION('center_axis',(0.,0.,1.));
#7787=DIRECTION('ref_axis',(-0.986479631664658,-0.163883911079643,0.));
#7788=DIRECTION('',(0.,0.,1.));
#7789=DIRECTION('center_axis',(1.,-1.47105043767369E-15,0.));
#7790=DIRECTION('ref_axis',(1.47105043767369E-15,1.,0.));
#7791=DIRECTION('',(-1.47105043767369E-15,-1.,0.));
#7792=DIRECTION('',(1.47105043767369E-15,1.,0.));
#7793=DIRECTION('',(0.,0.,1.));
#7794=DIRECTION('center_axis',(0.,-1.,0.));
#7795=DIRECTION('ref_axis',(1.,0.,0.));
#7796=DIRECTION('',(-1.,0.,0.));
#7797=DIRECTION('',(1.,0.,0.));
#7798=DIRECTION('',(0.,0.,1.));
#7799=DIRECTION('center_axis',(-1.,0.,0.));
#7800=DIRECTION('ref_axis',(0.,-1.,0.));
#7801=DIRECTION('',(0.,1.,0.));
#7802=DIRECTION('',(0.,-1.,0.));
#7803=DIRECTION('',(0.,0.,1.));
#7804=DIRECTION('center_axis',(0.,0.,1.));
#7805=DIRECTION('ref_axis',(1.,-7.08517374642641E-14,0.));
#7806=DIRECTION('center_axis',(0.,0.,1.));
#7807=DIRECTION('ref_axis',(1.,-7.08517374642641E-14,0.));
#7808=DIRECTION('center_axis',(0.,0.,-1.));
#7809=DIRECTION('ref_axis',(1.,-7.08517374642641E-14,0.));
#7810=DIRECTION('center_axis',(0.,0.,1.));
#7811=DIRECTION('ref_axis',(1.,0.,0.));
#7812=DIRECTION('center_axis',(0.,0.,1.));
#7813=DIRECTION('ref_axis',(1.,0.,0.));
#7814=DIRECTION('center_axis',(1.,1.55704974097563E-16,0.));
#7815=DIRECTION('ref_axis',(-1.55704974097563E-16,1.,0.));
#7816=DIRECTION('',(1.55704974097563E-16,-1.,0.));
#7817=DIRECTION('',(0.,0.,1.));
#7818=DIRECTION('',(-1.55704974097563E-16,1.,0.));
#7819=DIRECTION('',(0.,0.,1.));
#7820=DIRECTION('center_axis',(0.,-1.,0.));
#7821=DIRECTION('ref_axis',(1.,0.,0.));
#7822=DIRECTION('',(-1.,0.,0.));
#7823=DIRECTION('',(1.,0.,0.));
#7824=DIRECTION('',(0.,0.,1.));
#7825=DIRECTION('center_axis',(-1.,0.,0.));
#7826=DIRECTION('ref_axis',(0.,-1.,0.));
#7827=DIRECTION('',(0.,1.,0.));
#7828=DIRECTION('',(0.,-1.,0.));
#7829=DIRECTION('',(0.,0.,1.));
#7830=DIRECTION('center_axis',(0.,1.,0.));
#7831=DIRECTION('ref_axis',(-1.,0.,0.));
#7832=DIRECTION('',(1.,0.,0.));
#7833=DIRECTION('',(-1.,0.,0.));
#7834=DIRECTION('',(0.,0.,1.));
#7835=DIRECTION('center_axis',(1.,0.,0.));
#7836=DIRECTION('ref_axis',(0.,1.,0.));
#7837=DIRECTION('',(0.,-1.,0.));
#7838=DIRECTION('',(0.,1.,0.));
#7839=DIRECTION('',(0.,0.,1.));
#7840=DIRECTION('center_axis',(0.,0.,1.));
#7841=DIRECTION('ref_axis',(0.0731270485656272,-0.99732263323765,0.));
#7842=DIRECTION('center_axis',(0.,0.,-1.));
#7843=DIRECTION('ref_axis',(0.0731270485656272,-0.99732263323765,0.));
#7844=DIRECTION('center_axis',(0.,0.,1.));
#7845=DIRECTION('ref_axis',(0.0731270485656272,-0.99732263323765,0.));
#7846=DIRECTION('',(0.,0.,1.));
#7847=DIRECTION('center_axis',(0.,0.,1.));
#7848=DIRECTION('ref_axis',(-0.317283230097835,-0.948330824079174,0.));
#7849=DIRECTION('center_axis',(0.,0.,-1.));
#7850=DIRECTION('ref_axis',(-0.317283230097835,-0.948330824079174,0.));
#7851=DIRECTION('center_axis',(0.,0.,1.));
#7852=DIRECTION('ref_axis',(-0.317283230097835,-0.948330824079174,0.));
#7853=DIRECTION('',(0.,0.,1.));
#7854=DIRECTION('center_axis',(0.,0.,1.));
#7855=DIRECTION('ref_axis',(-0.717118887448217,-0.696950860007384,0.));
#7856=DIRECTION('center_axis',(0.,0.,-1.));
#7857=DIRECTION('ref_axis',(-0.717118887448217,-0.696950860007384,0.));
#7858=DIRECTION('center_axis',(0.,0.,1.));
#7859=DIRECTION('ref_axis',(-0.717118887448217,-0.696950860007384,0.));
#7860=DIRECTION('',(0.,0.,1.));
#7861=DIRECTION('center_axis',(0.,0.,1.));
#7862=DIRECTION('ref_axis',(-0.986479631664652,-0.16388391107968,0.));
#7863=DIRECTION('center_axis',(0.,0.,-1.));
#7864=DIRECTION('ref_axis',(-0.986479631664652,-0.16388391107968,0.));
#7865=DIRECTION('center_axis',(0.,0.,1.));
#7866=DIRECTION('ref_axis',(-0.986479631664652,-0.16388391107968,0.));
#7867=DIRECTION('',(0.,0.,1.));
#7868=DIRECTION('center_axis',(1.,-1.23200478933085E-14,0.));
#7869=DIRECTION('ref_axis',(1.23200478933085E-14,1.,0.));
#7870=DIRECTION('',(-1.23200478933085E-14,-1.,0.));
#7871=DIRECTION('',(1.23200478933085E-14,1.,0.));
#7872=DIRECTION('',(0.,0.,1.));
#7873=DIRECTION('center_axis',(0.,-1.,0.));
#7874=DIRECTION('ref_axis',(1.,0.,0.));
#7875=DIRECTION('',(-1.,0.,0.));
#7876=DIRECTION('',(1.,0.,0.));
#7877=DIRECTION('',(0.,0.,1.));
#7878=DIRECTION('center_axis',(-1.,-2.04674778074614E-15,0.));
#7879=DIRECTION('ref_axis',(2.04674778074614E-15,-1.,0.));
#7880=DIRECTION('',(-2.04674778074614E-15,1.,0.));
#7881=DIRECTION('',(2.04674778074614E-15,-1.,0.));
#7882=DIRECTION('',(0.,0.,1.));
#7883=DIRECTION('center_axis',(0.,0.,1.));
#7884=DIRECTION('ref_axis',(1.,9.61559294157967E-13,0.));
#7885=DIRECTION('center_axis',(0.,0.,1.));
#7886=DIRECTION('ref_axis',(1.,9.61559294157967E-13,0.));
#7887=DIRECTION('center_axis',(0.,0.,-1.));
#7888=DIRECTION('ref_axis',(1.,9.61559294157967E-13,0.));
#7889=DIRECTION('center_axis',(0.,0.,1.));
#7890=DIRECTION('ref_axis',(1.,0.,0.));
#7891=DIRECTION('center_axis',(0.,0.,1.));
#7892=DIRECTION('ref_axis',(1.,0.,0.));
#7893=DIRECTION('center_axis',(0.,0.,1.));
#7894=DIRECTION('ref_axis',(-0.756160510382168,0.654386187612925,0.));
#7895=DIRECTION('center_axis',(0.,0.,1.));
#7896=DIRECTION('ref_axis',(-0.756160510382168,0.654386187612925,0.));
#7897=DIRECTION('',(0.,0.,1.));
#7898=DIRECTION('center_axis',(0.,0.,1.));
#7899=DIRECTION('ref_axis',(-0.756160510382168,0.654386187612925,0.));
#7900=DIRECTION('',(0.,0.,1.));
#7901=DIRECTION('center_axis',(0.,0.,1.));
#7902=DIRECTION('ref_axis',(0.0145910664772115,0.999893544723166,0.));
#7903=DIRECTION('center_axis',(0.,0.,1.));
#7904=DIRECTION('ref_axis',(0.0145910664772115,0.999893544723166,0.));
#7905=DIRECTION('center_axis',(0.,0.,1.));
#7906=DIRECTION('ref_axis',(0.0145910664772115,0.999893544723166,0.));
#7907=DIRECTION('',(0.,0.,1.));
#7908=DIRECTION('center_axis',(0.,0.,1.));
#7909=DIRECTION('ref_axis',(0.416342930608937,0.909207657321451,0.));
#7910=DIRECTION('center_axis',(0.,0.,1.));
#7911=DIRECTION('ref_axis',(0.416342930608937,0.909207657321451,0.));
#7912=DIRECTION('center_axis',(0.,0.,1.));
#7913=DIRECTION('ref_axis',(0.416342930608937,0.909207657321451,0.));
#7914=DIRECTION('',(0.,0.,1.));
#7915=DIRECTION('center_axis',(1.,-1.83692741148445E-15,0.));
#7916=DIRECTION('ref_axis',(1.83692741148445E-15,1.,0.));
#7917=DIRECTION('',(1.83692741148445E-15,1.,0.));
#7918=DIRECTION('',(1.83692741148445E-15,1.,0.));
#7919=DIRECTION('',(0.,0.,1.));
#7920=DIRECTION('center_axis',(0.,0.,1.));
#7921=DIRECTION('ref_axis',(-0.502868779679056,-0.864362765523884,0.));
#7922=DIRECTION('center_axis',(0.,0.,-1.));
#7923=DIRECTION('ref_axis',(-0.502868779679056,-0.864362765523884,0.));
#7924=DIRECTION('center_axis',(0.,0.,-1.));
#7925=DIRECTION('ref_axis',(-0.502868779679056,-0.864362765523884,0.));
#7926=DIRECTION('',(0.,0.,1.));
#7927=DIRECTION('center_axis',(0.,0.,1.));
#7928=DIRECTION('ref_axis',(-0.135499191091115,-0.990777456956734,0.));
#7929=DIRECTION('center_axis',(0.,0.,-1.));
#7930=DIRECTION('ref_axis',(-0.135499191091115,-0.990777456956734,0.));
#7931=DIRECTION('center_axis',(0.,0.,-1.));
#7932=DIRECTION('ref_axis',(-0.135499191091115,-0.990777456956734,0.));
#7933=DIRECTION('',(0.,0.,1.));
#7934=DIRECTION('center_axis',(0.,0.,1.));
#7935=DIRECTION('ref_axis',(0.228513275013334,-0.973540796855828,0.));
#7936=DIRECTION('center_axis',(0.,0.,-1.));
#7937=DIRECTION('ref_axis',(0.228513275013334,-0.973540796855828,0.));
#7938=DIRECTION('center_axis',(0.,0.,-1.));
#7939=DIRECTION('ref_axis',(0.228513275013334,-0.973540796855828,0.));
#7940=DIRECTION('',(0.,0.,1.));
#7941=DIRECTION('center_axis',(0.,0.,1.));
#7942=DIRECTION('ref_axis',(0.864640914594911,-0.502390374916236,0.));
#7943=DIRECTION('center_axis',(0.,0.,-1.));
#7944=DIRECTION('ref_axis',(0.864640914594911,-0.502390374916236,0.));
#7945=DIRECTION('center_axis',(0.,0.,-1.));
#7946=DIRECTION('ref_axis',(0.864640914594911,-0.502390374916236,0.));
#7947=DIRECTION('',(0.,0.,1.));
#7948=DIRECTION('center_axis',(1.,0.,0.));
#7949=DIRECTION('ref_axis',(0.,1.,0.));
#7950=DIRECTION('',(0.,1.,0.));
#7951=DIRECTION('',(0.,1.,0.));
#7952=DIRECTION('',(0.,0.,1.));
#7953=DIRECTION('center_axis',(0.,1.,0.));
#7954=DIRECTION('ref_axis',(-1.,0.,0.));
#7955=DIRECTION('',(-1.,0.,0.));
#7956=DIRECTION('',(-1.,0.,0.));
#7957=DIRECTION('',(0.,0.,1.));
#7958=DIRECTION('center_axis',(1.,0.,0.));
#7959=DIRECTION('ref_axis',(0.,1.,0.));
#7960=DIRECTION('',(0.,1.,0.));
#7961=DIRECTION('',(0.,1.,0.));
#7962=DIRECTION('',(0.,0.,1.));
#7963=DIRECTION('center_axis',(0.,-1.,0.));
#7964=DIRECTION('ref_axis',(1.,0.,0.));
#7965=DIRECTION('',(1.,0.,0.));
#7966=DIRECTION('',(1.,0.,0.));
#7967=DIRECTION('',(0.,0.,1.));
#7968=DIRECTION('center_axis',(1.,0.,0.));
#7969=DIRECTION('ref_axis',(0.,1.,0.));
#7970=DIRECTION('',(0.,1.,0.));
#7971=DIRECTION('',(0.,1.,0.));
#7972=DIRECTION('',(0.,0.,1.));
#7973=DIRECTION('center_axis',(0.,-1.,0.));
#7974=DIRECTION('ref_axis',(1.,0.,0.));
#7975=DIRECTION('',(1.,0.,0.));
#7976=DIRECTION('',(1.,0.,0.));
#7977=DIRECTION('',(0.,0.,1.));
#7978=DIRECTION('center_axis',(-1.,0.,0.));
#7979=DIRECTION('ref_axis',(0.,-1.,0.));
#7980=DIRECTION('',(0.,-1.,0.));
#7981=DIRECTION('',(0.,-1.,0.));
#7982=DIRECTION('',(0.,0.,1.));
#7983=DIRECTION('center_axis',(0.,-1.,0.));
#7984=DIRECTION('ref_axis',(1.,0.,0.));
#7985=DIRECTION('',(1.,0.,0.));
#7986=DIRECTION('',(1.,0.,0.));
#7987=DIRECTION('',(0.,0.,1.));
#7988=DIRECTION('center_axis',(-1.,0.,0.));
#7989=DIRECTION('ref_axis',(0.,-1.,0.));
#7990=DIRECTION('',(0.,-1.,0.));
#7991=DIRECTION('',(0.,-1.,0.));
#7992=DIRECTION('',(0.,0.,1.));
#7993=DIRECTION('center_axis',(0.,1.,0.));
#7994=DIRECTION('ref_axis',(-1.,0.,0.));
#7995=DIRECTION('',(-1.,0.,0.));
#7996=DIRECTION('',(-1.,0.,0.));
#7997=DIRECTION('',(0.,0.,1.));
#7998=DIRECTION('center_axis',(-1.,0.,0.));
#7999=DIRECTION('ref_axis',(0.,-1.,0.));
#8000=DIRECTION('',(0.,-1.,0.));
#8001=DIRECTION('',(0.,-1.,0.));
#8002=DIRECTION('center_axis',(0.,0.,1.));
#8003=DIRECTION('ref_axis',(1.,0.,0.));
#8004=DIRECTION('center_axis',(0.,0.,1.));
#8005=DIRECTION('ref_axis',(1.,0.,0.));
#8006=DIRECTION('center_axis',(0.,0.,1.));
#8007=DIRECTION('ref_axis',(-1.,0.,0.));
#8008=DIRECTION('center_axis',(0.,0.,1.));
#8009=DIRECTION('ref_axis',(-1.,0.,0.));
#8010=DIRECTION('center_axis',(0.,0.,-1.));
#8011=DIRECTION('ref_axis',(-1.,0.,0.));
#8012=DIRECTION('center_axis',(0.,0.,1.));
#8013=DIRECTION('ref_axis',(1.,0.,0.));
#8014=DIRECTION('center_axis',(0.,0.,1.));
#8015=DIRECTION('ref_axis',(1.,0.,0.));
#8016=DIRECTION('center_axis',(0.,0.,1.));
#8017=DIRECTION('ref_axis',(-1.,0.,0.));
#8018=DIRECTION('center_axis',(0.,0.,1.));
#8019=DIRECTION('ref_axis',(-1.,0.,0.));
#8020=DIRECTION('center_axis',(0.,0.,-1.));
#8021=DIRECTION('ref_axis',(-1.,0.,0.));
#8022=DIRECTION('center_axis',(0.,0.,1.));
#8023=DIRECTION('ref_axis',(1.,0.,0.));
#8024=DIRECTION('center_axis',(0.,0.,1.));
#8025=DIRECTION('ref_axis',(1.,0.,0.));
#8026=DIRECTION('center_axis',(-1.,0.,0.));
#8027=DIRECTION('ref_axis',(0.,-1.,0.));
#8028=DIRECTION('',(0.,-1.,0.));
#8029=DIRECTION('',(0.,0.,1.));
#8030=DIRECTION('',(0.,-1.,0.));
#8031=DIRECTION('',(0.,0.,1.));
#8032=DIRECTION('center_axis',(-0.00176575282452045,0.999998441057266,0.));
#8033=DIRECTION('ref_axis',(-0.999998441057266,-0.00176575282452045,0.));
#8034=DIRECTION('',(-0.999998441057266,-0.00176575282452045,0.));
#8035=DIRECTION('',(-0.999998441057266,-0.00176575282452045,0.));
#8036=DIRECTION('',(0.,0.,1.));
#8037=DIRECTION('center_axis',(1.,0.,0.));
#8038=DIRECTION('ref_axis',(0.,1.,0.));
#8039=DIRECTION('',(0.,1.,0.));
#8040=DIRECTION('',(0.,1.,0.));
#8041=DIRECTION('',(0.,0.,1.));
#8042=DIRECTION('center_axis',(0.,-1.,0.));
#8043=DIRECTION('ref_axis',(1.,0.,0.));
#8044=DIRECTION('',(1.,0.,0.));
#8045=DIRECTION('',(1.,0.,0.));
#8046=DIRECTION('center_axis',(0.,0.,1.));
#8047=DIRECTION('ref_axis',(1.,0.,0.));
#8048=DIRECTION('center_axis',(0.,0.,1.));
#8049=DIRECTION('ref_axis',(1.,0.,0.));
#8050=DIRECTION('center_axis',(0.,-1.,0.));
#8051=DIRECTION('ref_axis',(1.,0.,0.));
#8052=DIRECTION('',(-1.,0.,0.));
#8053=DIRECTION('',(0.,0.,1.));
#8054=DIRECTION('',(1.,0.,0.));
#8055=DIRECTION('',(0.,0.,1.));
#8056=DIRECTION('center_axis',(-0.9999999237432,0.000390529887939892,0.));
#8057=DIRECTION('ref_axis',(-0.000390529887939892,-0.9999999237432,0.));
#8058=DIRECTION('',(0.000390529887939892,0.9999999237432,0.));
#8059=DIRECTION('',(-0.000390529887939892,-0.9999999237432,0.));
#8060=DIRECTION('',(0.,0.,1.));
#8061=DIRECTION('center_axis',(0.,1.,0.));
#8062=DIRECTION('ref_axis',(-1.,0.,0.));
#8063=DIRECTION('',(1.,0.,0.));
#8064=DIRECTION('',(-1.,0.,0.));
#8065=DIRECTION('',(0.,0.,1.));
#8066=DIRECTION('center_axis',(1.,0.,0.));
#8067=DIRECTION('ref_axis',(0.,1.,0.));
#8068=DIRECTION('',(0.,-1.,0.));
#8069=DIRECTION('',(0.,1.,0.));
#8070=DIRECTION('center_axis',(0.,0.,1.));
#8071=DIRECTION('ref_axis',(1.,0.,0.));
#8072=DIRECTION('center_axis',(0.,0.,1.));
#8073=DIRECTION('ref_axis',(1.,0.,0.));
#8074=DIRECTION('center_axis',(0.,-1.,0.));
#8075=DIRECTION('ref_axis',(1.,0.,0.));
#8076=DIRECTION('',(-1.,0.,0.));
#8077=DIRECTION('',(0.,0.,1.));
#8078=DIRECTION('',(1.,0.,0.));
#8079=DIRECTION('',(0.,0.,1.));
#8080=DIRECTION('center_axis',(-0.973507603610222,-0.228654642885474,0.));
#8081=DIRECTION('ref_axis',(0.228654642885474,-0.973507603610222,0.));
#8082=DIRECTION('',(-0.228654642885474,0.973507603610222,0.));
#8083=DIRECTION('',(0.228654642885474,-0.973507603610222,0.));
#8084=DIRECTION('',(0.,0.,1.));
#8085=DIRECTION('center_axis',(0.,1.,0.));
#8086=DIRECTION('ref_axis',(-1.,0.,0.));
#8087=DIRECTION('',(1.,0.,0.));
#8088=DIRECTION('',(-1.,0.,0.));
#8089=DIRECTION('',(0.,0.,1.));
#8090=DIRECTION('center_axis',(0.973507603610222,0.228654642885472,0.));
#8091=DIRECTION('ref_axis',(-0.228654642885472,0.973507603610222,0.));
#8092=DIRECTION('',(0.228654642885472,-0.973507603610222,0.));
#8093=DIRECTION('',(-0.228654642885472,0.973507603610222,0.));
#8094=DIRECTION('center_axis',(0.,0.,1.));
#8095=DIRECTION('ref_axis',(1.,0.,0.));
#8096=DIRECTION('center_axis',(0.,0.,1.));
#8097=DIRECTION('ref_axis',(1.,0.,0.));
#8098=DIRECTION('center_axis',(1.,3.07257815552525E-14,0.));
#8099=DIRECTION('ref_axis',(-3.07257815552525E-14,1.,0.));
#8100=DIRECTION('',(3.07257815552525E-14,-1.,0.));
#8101=DIRECTION('',(0.,0.,1.));
#8102=DIRECTION('',(-3.07257815552525E-14,1.,0.));
#8103=DIRECTION('',(0.,0.,1.));
#8104=DIRECTION('center_axis',(0.,-1.,0.));
#8105=DIRECTION('ref_axis',(1.,0.,0.));
#8106=DIRECTION('',(-1.,0.,0.));
#8107=DIRECTION('',(1.,0.,0.));
#8108=DIRECTION('',(0.,0.,1.));
#8109=DIRECTION('center_axis',(-1.,0.,0.));
#8110=DIRECTION('ref_axis',(0.,-1.,0.));
#8111=DIRECTION('',(0.,1.,0.));
#8112=DIRECTION('',(0.,-1.,0.));
#8113=DIRECTION('',(0.,0.,1.));
#8114=DIRECTION('center_axis',(0.,1.,0.));
#8115=DIRECTION('ref_axis',(-1.,0.,0.));
#8116=DIRECTION('',(1.,0.,0.));
#8117=DIRECTION('',(-1.,0.,0.));
#8118=DIRECTION('',(0.,0.,1.));
#8119=DIRECTION('center_axis',(1.,-9.69579996089067E-15,0.));
#8120=DIRECTION('ref_axis',(9.69579996089067E-15,1.,0.));
#8121=DIRECTION('',(-9.69579996089067E-15,-1.,0.));
#8122=DIRECTION('',(9.69579996089067E-15,1.,0.));
#8123=DIRECTION('',(0.,0.,1.));
#8124=DIRECTION('center_axis',(0.,0.,1.));
#8125=DIRECTION('ref_axis',(0.0718228521568766,-0.997417404053113,0.));
#8126=DIRECTION('center_axis',(0.,0.,-1.));
#8127=DIRECTION('ref_axis',(0.0718228521568766,-0.997417404053113,0.));
#8128=DIRECTION('center_axis',(0.,0.,1.));
#8129=DIRECTION('ref_axis',(0.0718228521568766,-0.997417404053113,0.));
#8130=DIRECTION('',(0.,0.,1.));
#8131=DIRECTION('center_axis',(0.,0.,1.));
#8132=DIRECTION('ref_axis',(-0.317283230098088,-0.948330824079089,0.));
#8133=DIRECTION('center_axis',(0.,0.,-1.));
#8134=DIRECTION('ref_axis',(-0.317283230098088,-0.948330824079089,0.));
#8135=DIRECTION('center_axis',(0.,0.,1.));
#8136=DIRECTION('ref_axis',(-0.317283230098088,-0.948330824079089,0.));
#8137=DIRECTION('',(0.,0.,1.));
#8138=DIRECTION('center_axis',(0.,0.,1.));
#8139=DIRECTION('ref_axis',(-0.717118887448112,-0.696950860007492,0.));
#8140=DIRECTION('center_axis',(0.,0.,-1.));
#8141=DIRECTION('ref_axis',(-0.717118887448112,-0.696950860007492,0.));
#8142=DIRECTION('center_axis',(0.,0.,1.));
#8143=DIRECTION('ref_axis',(-0.717118887448112,-0.696950860007492,0.));
#8144=DIRECTION('',(0.,0.,1.));
#8145=DIRECTION('center_axis',(0.,0.,1.));
#8146=DIRECTION('ref_axis',(-0.986479631664658,-0.163883911079644,0.));
#8147=DIRECTION('center_axis',(0.,0.,-1.));
#8148=DIRECTION('ref_axis',(-0.986479631664658,-0.163883911079644,0.));
#8149=DIRECTION('center_axis',(0.,0.,1.));
#8150=DIRECTION('ref_axis',(-0.986479631664658,-0.163883911079644,0.));
#8151=DIRECTION('',(0.,0.,1.));
#8152=DIRECTION('center_axis',(1.,-5.88420175069473E-15,0.));
#8153=DIRECTION('ref_axis',(5.88420175069473E-15,1.,0.));
#8154=DIRECTION('',(-5.88420175069473E-15,-1.,0.));
#8155=DIRECTION('',(5.88420175069473E-15,1.,0.));
#8156=DIRECTION('',(0.,0.,1.));
#8157=DIRECTION('center_axis',(0.,-1.,0.));
#8158=DIRECTION('ref_axis',(1.,0.,0.));
#8159=DIRECTION('',(-1.,0.,0.));
#8160=DIRECTION('',(1.,0.,0.));
#8161=DIRECTION('',(0.,0.,1.));
#8162=DIRECTION('center_axis',(-1.,-5.03814838337511E-15,0.));
#8163=DIRECTION('ref_axis',(5.03814838337511E-15,-1.,0.));
#8164=DIRECTION('',(-5.03814838337511E-15,1.,0.));
#8165=DIRECTION('',(5.03814838337511E-15,-1.,0.));
#8166=DIRECTION('',(0.,0.,1.));
#8167=DIRECTION('center_axis',(0.,0.,1.));
#8168=DIRECTION('ref_axis',(1.,0.,0.));
#8169=DIRECTION('center_axis',(0.,0.,1.));
#8170=DIRECTION('ref_axis',(1.,0.,0.));
#8171=DIRECTION('center_axis',(0.,0.,-1.));
#8172=DIRECTION('ref_axis',(1.,0.,0.));
#8173=DIRECTION('center_axis',(0.,0.,1.));
#8174=DIRECTION('ref_axis',(1.,0.,0.));
#8175=DIRECTION('center_axis',(0.,0.,1.));
#8176=DIRECTION('ref_axis',(1.,0.,0.));
#8177=DIRECTION('center_axis',(0.,0.,1.));
#8178=DIRECTION('ref_axis',(0.999991655976625,0.00408509205866022,0.));
#8179=DIRECTION('center_axis',(0.,0.,1.));
#8180=DIRECTION('ref_axis',(0.999991655976625,0.00408509205866022,0.));
#8181=DIRECTION('',(0.,0.,1.));
#8182=DIRECTION('center_axis',(0.,0.,-1.));
#8183=DIRECTION('ref_axis',(0.999991655976625,0.00408509205866022,0.));
#8184=DIRECTION('',(0.,0.,1.));
#8185=DIRECTION('center_axis',(1.,0.,0.));
#8186=DIRECTION('ref_axis',(0.,1.,0.));
#8187=DIRECTION('',(0.,1.,0.));
#8188=DIRECTION('',(0.,0.,1.));
#8189=DIRECTION('',(0.,-1.,0.));
#8190=DIRECTION('center_axis',(0.,-1.,0.));
#8191=DIRECTION('ref_axis',(1.,0.,0.));
#8192=DIRECTION('',(1.,0.,0.));
#8193=DIRECTION('',(0.,0.,1.));
#8194=DIRECTION('',(-1.,0.,0.));
#8195=DIRECTION('center_axis',(0.,0.,1.));
#8196=DIRECTION('ref_axis',(-0.997827108809393,0.065886727988939,0.));
#8197=DIRECTION('center_axis',(0.,0.,1.));
#8198=DIRECTION('ref_axis',(-0.997827108809393,0.065886727988939,0.));
#8199=DIRECTION('',(0.,0.,1.));
#8200=DIRECTION('center_axis',(0.,0.,-1.));
#8201=DIRECTION('ref_axis',(-0.997827108809393,0.065886727988939,0.));
#8202=DIRECTION('center_axis',(0.,0.,1.));
#8203=DIRECTION('ref_axis',(-0.96383862848853,0.266486581713505,0.));
#8204=DIRECTION('center_axis',(0.,0.,1.));
#8205=DIRECTION('ref_axis',(-0.96383862848853,0.266486581713505,0.));
#8206=DIRECTION('',(0.,0.,1.));
#8207=DIRECTION('center_axis',(0.,0.,-1.));
#8208=DIRECTION('ref_axis',(-0.96383862848853,0.266486581713505,0.));
#8209=DIRECTION('center_axis',(0.,0.,1.));
#8210=DIRECTION('ref_axis',(-0.62432420995867,0.781165335162463,0.));
#8211=DIRECTION('center_axis',(0.,0.,1.));
#8212=DIRECTION('ref_axis',(-0.62432420995867,0.781165335162463,0.));
#8213=DIRECTION('',(0.,0.,1.));
#8214=DIRECTION('center_axis',(0.,0.,-1.));
#8215=DIRECTION('ref_axis',(-0.62432420995867,0.781165335162463,0.));
#8216=DIRECTION('center_axis',(0.,0.,1.));
#8217=DIRECTION('ref_axis',(0.135913877080773,0.990720655894926,0.));
#8218=DIRECTION('center_axis',(0.,0.,1.));
#8219=DIRECTION('ref_axis',(0.135913877080773,0.990720655894926,0.));
#8220=DIRECTION('',(0.,0.,1.));
#8221=DIRECTION('center_axis',(0.,0.,-1.));
#8222=DIRECTION('ref_axis',(0.135913877080773,0.990720655894926,0.));
#8223=DIRECTION('center_axis',(0.,0.,1.));
#8224=DIRECTION('ref_axis',(0.461101158320111,0.887347576655198,0.));
#8225=DIRECTION('center_axis',(0.,0.,1.));
#8226=DIRECTION('ref_axis',(0.461101158320111,0.887347576655198,0.));
#8227=DIRECTION('',(0.,0.,1.));
#8228=DIRECTION('center_axis',(0.,0.,-1.));
#8229=DIRECTION('ref_axis',(0.461101158320111,0.887347576655198,0.));
#8230=DIRECTION('center_axis',(0.,0.,1.));
#8231=DIRECTION('ref_axis',(0.929640501689584,0.368467824400365,0.));
#8232=DIRECTION('center_axis',(0.,0.,1.));
#8233=DIRECTION('ref_axis',(0.929640501689584,0.368467824400365,0.));
#8234=DIRECTION('center_axis',(0.,0.,-1.));
#8235=DIRECTION('ref_axis',(0.929640501689584,0.368467824400365,0.));
#8236=DIRECTION('center_axis',(0.,0.,1.));
#8237=DIRECTION('ref_axis',(-0.868095053279126,0.496398004097833,0.));
#8238=DIRECTION('center_axis',(0.,0.,1.));
#8239=DIRECTION('ref_axis',(-0.868095053279126,0.496398004097833,0.));
#8240=DIRECTION('',(0.,0.,1.));
#8241=DIRECTION('center_axis',(0.,0.,1.));
#8242=DIRECTION('ref_axis',(-0.868095053279126,0.496398004097833,0.));
#8243=DIRECTION('',(0.,0.,1.));
#8244=DIRECTION('center_axis',(0.,0.,1.));
#8245=DIRECTION('ref_axis',(-0.538438713525834,0.842664673388321,0.));
#8246=DIRECTION('center_axis',(0.,0.,1.));
#8247=DIRECTION('ref_axis',(-0.538438713525834,0.842664673388321,0.));
#8248=DIRECTION('center_axis',(0.,0.,1.));
#8249=DIRECTION('ref_axis',(-0.538438713525834,0.842664673388321,0.));
#8250=DIRECTION('',(0.,0.,1.));
#8251=DIRECTION('center_axis',(0.,0.,1.));
#8252=DIRECTION('ref_axis',(0.027716305029174,0.999615829424249,0.));
#8253=DIRECTION('center_axis',(0.,0.,1.));
#8254=DIRECTION('ref_axis',(0.027716305029174,0.999615829424249,0.));
#8255=DIRECTION('center_axis',(0.,0.,1.));
#8256=DIRECTION('ref_axis',(0.027716305029174,0.999615829424249,0.));
#8257=DIRECTION('',(0.,0.,1.));
#8258=DIRECTION('center_axis',(0.,0.,1.));
#8259=DIRECTION('ref_axis',(0.355288463295825,0.934756710512897,0.));
#8260=DIRECTION('center_axis',(0.,0.,1.));
#8261=DIRECTION('ref_axis',(0.355288463295825,0.934756710512897,0.));
#8262=DIRECTION('center_axis',(0.,0.,1.));
#8263=DIRECTION('ref_axis',(0.355288463295825,0.934756710512897,0.));
#8264=DIRECTION('',(0.,0.,1.));
#8265=DIRECTION('center_axis',(0.,0.,1.));
#8266=DIRECTION('ref_axis',(0.632893008261043,0.774239265404622,0.));
#8267=DIRECTION('center_axis',(0.,0.,1.));
#8268=DIRECTION('ref_axis',(0.632893008261043,0.774239265404622,0.));
#8269=DIRECTION('center_axis',(0.,0.,1.));
#8270=DIRECTION('ref_axis',(0.632893008261043,0.774239265404622,0.));
#8271=DIRECTION('',(0.,0.,1.));
#8272=DIRECTION('center_axis',(0.,0.,1.));
#8273=DIRECTION('ref_axis',(0.940114567680052,0.340858621184428,0.));
#8274=DIRECTION('center_axis',(0.,0.,1.));
#8275=DIRECTION('ref_axis',(0.940114567680052,0.340858621184428,0.));
#8276=DIRECTION('center_axis',(0.,0.,1.));
#8277=DIRECTION('ref_axis',(0.940114567680052,0.340858621184428,0.));
#8278=DIRECTION('',(0.,0.,1.));
#8279=DIRECTION('center_axis',(0.,0.,1.));
#8280=DIRECTION('ref_axis',(0.999974888365239,0.00708679327542398,0.));
#8281=DIRECTION('center_axis',(0.,0.,1.));
#8282=DIRECTION('ref_axis',(0.999974888365239,0.00708679327542398,0.));
#8283=DIRECTION('center_axis',(0.,0.,1.));
#8284=DIRECTION('ref_axis',(0.999974888365239,0.00708679327542398,0.));
#8285=DIRECTION('',(0.,0.,1.));
#8286=DIRECTION('center_axis',(1.,2.15582054414503E-14,0.));
#8287=DIRECTION('ref_axis',(-2.15582054414503E-14,1.,0.));
#8288=DIRECTION('',(-2.15582054414503E-14,1.,0.));
#8289=DIRECTION('',(-2.15582054414503E-14,1.,0.));
#8290=DIRECTION('',(0.,0.,1.));
#8291=DIRECTION('center_axis',(-1.07986967324858E-13,-1.,0.));
#8292=DIRECTION('ref_axis',(1.,-1.07986967324858E-13,0.));
#8293=DIRECTION('',(1.,-1.07986967324858E-13,0.));
#8294=DIRECTION('',(1.,-1.07986967324858E-13,0.));
#8295=DIRECTION('',(0.,0.,1.));
#8296=DIRECTION('center_axis',(0.,0.,1.));
#8297=DIRECTION('ref_axis',(0.999945617878379,-0.01042886790726,0.));
#8298=DIRECTION('center_axis',(0.,0.,-1.));
#8299=DIRECTION('ref_axis',(0.999945617878379,-0.01042886790726,0.));
#8300=DIRECTION('center_axis',(0.,0.,-1.));
#8301=DIRECTION('ref_axis',(0.999945617878379,-0.01042886790726,0.));
#8302=DIRECTION('',(0.,0.,1.));
#8303=DIRECTION('center_axis',(0.,0.,1.));
#8304=DIRECTION('ref_axis',(0.999933245573339,0.0115544102908515,0.));
#8305=DIRECTION('center_axis',(0.,0.,-1.));
#8306=DIRECTION('ref_axis',(0.999933245573339,0.0115544102908515,0.));
#8307=DIRECTION('center_axis',(0.,0.,-1.));
#8308=DIRECTION('ref_axis',(0.999933245573339,0.0115544102908515,0.));
#8309=DIRECTION('',(0.,0.,1.));
#8310=DIRECTION('center_axis',(0.,0.,1.));
#8311=DIRECTION('ref_axis',(0.96178783952001,0.273795821281902,0.));
#8312=DIRECTION('center_axis',(0.,0.,-1.));
#8313=DIRECTION('ref_axis',(0.96178783952001,0.273795821281902,0.));
#8314=DIRECTION('center_axis',(0.,0.,-1.));
#8315=DIRECTION('ref_axis',(0.96178783952001,0.273795821281902,0.));
#8316=DIRECTION('',(0.,0.,1.));
#8317=DIRECTION('center_axis',(0.,0.,1.));
#8318=DIRECTION('ref_axis',(0.855452682515473,0.51788097858203,0.));
#8319=DIRECTION('center_axis',(0.,0.,-1.));
#8320=DIRECTION('ref_axis',(0.855452682515473,0.51788097858203,0.));
#8321=DIRECTION('center_axis',(0.,0.,-1.));
#8322=DIRECTION('ref_axis',(0.855452682515473,0.51788097858203,0.));
#8323=DIRECTION('',(0.,0.,1.));
#8324=DIRECTION('center_axis',(0.,0.,1.));
#8325=DIRECTION('ref_axis',(0.486697749509957,0.87357043254791,0.));
#8326=DIRECTION('center_axis',(0.,0.,-1.));
#8327=DIRECTION('ref_axis',(0.486697749509957,0.87357043254791,0.));
#8328=DIRECTION('center_axis',(0.,0.,-1.));
#8329=DIRECTION('ref_axis',(0.486697749509957,0.87357043254791,0.));
#8330=DIRECTION('',(0.,0.,1.));
#8331=DIRECTION('center_axis',(0.,0.,1.));
#8332=DIRECTION('ref_axis',(0.00826469703737431,0.99996584680822,0.));
#8333=DIRECTION('center_axis',(0.,0.,-1.));
#8334=DIRECTION('ref_axis',(0.00826469703737431,0.99996584680822,0.));
#8335=DIRECTION('center_axis',(0.,0.,-1.));
#8336=DIRECTION('ref_axis',(0.00826469703737431,0.99996584680822,0.));
#8337=DIRECTION('',(0.,0.,1.));
#8338=DIRECTION('center_axis',(0.,0.,1.));
#8339=DIRECTION('ref_axis',(-0.42779324066219,0.903876619480635,0.));
#8340=DIRECTION('center_axis',(0.,0.,-1.));
#8341=DIRECTION('ref_axis',(-0.42779324066219,0.903876619480635,0.));
#8342=DIRECTION('center_axis',(0.,0.,-1.));
#8343=DIRECTION('ref_axis',(-0.42779324066219,0.903876619480635,0.));
#8344=DIRECTION('',(0.,0.,1.));
#8345=DIRECTION('center_axis',(0.,0.,1.));
#8346=DIRECTION('ref_axis',(-0.895606853566225,0.444846449738791,0.));
#8347=DIRECTION('center_axis',(0.,0.,-1.));
#8348=DIRECTION('ref_axis',(-0.895606853566225,0.444846449738791,0.));
#8349=DIRECTION('center_axis',(0.,0.,-1.));
#8350=DIRECTION('ref_axis',(-0.895606853566225,0.444846449738791,0.));
#8351=DIRECTION('',(0.,0.,1.));
#8352=DIRECTION('center_axis',(0.,0.,1.));
#8353=DIRECTION('ref_axis',(-0.977167718732024,0.212469408311059,0.));
#8354=DIRECTION('center_axis',(0.,0.,-1.));
#8355=DIRECTION('ref_axis',(-0.977167718732024,0.212469408311059,0.));
#8356=DIRECTION('center_axis',(0.,0.,-1.));
#8357=DIRECTION('ref_axis',(-0.977167718732024,0.212469408311059,0.));
#8358=DIRECTION('',(0.,0.,1.));
#8359=DIRECTION('center_axis',(7.15826741433141E-15,1.,0.));
#8360=DIRECTION('ref_axis',(-1.,7.15826741433141E-15,0.));
#8361=DIRECTION('',(-1.,7.15826741433141E-15,0.));
#8362=DIRECTION('',(-1.,7.15826741433141E-15,0.));
#8363=DIRECTION('',(0.,0.,1.));
#8364=DIRECTION('center_axis',(0.99996280043007,-0.0086254133843913,0.));
#8365=DIRECTION('ref_axis',(0.0086254133843913,0.99996280043007,0.));
#8366=DIRECTION('',(0.00862541338439129,0.99996280043007,0.));
#8367=DIRECTION('',(0.00862541338439129,0.99996280043007,0.));
#8368=DIRECTION('',(0.,0.,1.));
#8369=DIRECTION('center_axis',(0.,0.,1.));
#8370=DIRECTION('ref_axis',(0.975558799562537,-0.219738545995238,0.));
#8371=DIRECTION('center_axis',(0.,0.,1.));
#8372=DIRECTION('ref_axis',(0.975558799562537,-0.219738545995238,0.));
#8373=DIRECTION('center_axis',(0.,0.,1.));
#8374=DIRECTION('ref_axis',(0.975558799562537,-0.219738545995238,0.));
#8375=DIRECTION('',(0.,0.,1.));
#8376=DIRECTION('center_axis',(0.,0.,1.));
#8377=DIRECTION('ref_axis',(0.858277372272456,-0.513186079551159,0.));
#8378=DIRECTION('center_axis',(0.,0.,1.));
#8379=DIRECTION('ref_axis',(0.858277372272456,-0.513186079551159,0.));
#8380=DIRECTION('center_axis',(0.,0.,1.));
#8381=DIRECTION('ref_axis',(0.858277372272456,-0.513186079551159,0.));
#8382=DIRECTION('',(0.,0.,1.));
#8383=DIRECTION('center_axis',(0.,0.,1.));
#8384=DIRECTION('ref_axis',(0.78475507059415,-0.619806001242946,0.));
#8385=DIRECTION('center_axis',(0.,0.,1.));
#8386=DIRECTION('ref_axis',(0.78475507059415,-0.619806001242946,0.));
#8387=DIRECTION('center_axis',(0.,0.,1.));
#8388=DIRECTION('ref_axis',(0.78475507059415,-0.619806001242946,0.));
#8389=DIRECTION('',(0.,0.,1.));
#8390=DIRECTION('center_axis',(0.,0.,1.));
#8391=DIRECTION('ref_axis',(0.578409120577157,-0.815746829128474,0.));
#8392=DIRECTION('center_axis',(0.,0.,1.));
#8393=DIRECTION('ref_axis',(0.578409120577157,-0.815746829128474,0.));
#8394=DIRECTION('center_axis',(0.,0.,1.));
#8395=DIRECTION('ref_axis',(0.578409120577157,-0.815746829128474,0.));
#8396=DIRECTION('',(0.,0.,1.));
#8397=DIRECTION('center_axis',(0.,0.,1.));
#8398=DIRECTION('ref_axis',(0.471373149731855,-0.881933871507309,0.));
#8399=DIRECTION('center_axis',(0.,0.,1.));
#8400=DIRECTION('ref_axis',(0.471373149731855,-0.881933871507309,0.));
#8401=DIRECTION('center_axis',(0.,0.,1.));
#8402=DIRECTION('ref_axis',(0.471373149731855,-0.881933871507309,0.));
#8403=DIRECTION('',(0.,0.,1.));
#8404=DIRECTION('center_axis',(0.,0.,1.));
#8405=DIRECTION('ref_axis',(0.214741605431812,-0.976670897946984,0.));
#8406=DIRECTION('center_axis',(0.,0.,1.));
#8407=DIRECTION('ref_axis',(0.214741605431812,-0.976670897946984,0.));
#8408=DIRECTION('center_axis',(0.,0.,1.));
#8409=DIRECTION('ref_axis',(0.214741605431812,-0.976670897946984,0.));
#8410=DIRECTION('',(0.,0.,1.));
#8411=DIRECTION('center_axis',(0.,0.,1.));
#8412=DIRECTION('ref_axis',(-0.0477405014048112,-0.998859772203094,0.));
#8413=DIRECTION('center_axis',(0.,0.,1.));
#8414=DIRECTION('ref_axis',(-0.0477405014048112,-0.998859772203094,0.));
#8415=DIRECTION('center_axis',(0.,0.,1.));
#8416=DIRECTION('ref_axis',(-0.0477405014048112,-0.998859772203094,0.));
#8417=DIRECTION('',(0.,0.,1.));
#8418=DIRECTION('center_axis',(0.,0.,1.));
#8419=DIRECTION('ref_axis',(-0.251410871302564,-0.967880454287039,0.));
#8420=DIRECTION('center_axis',(0.,0.,1.));
#8421=DIRECTION('ref_axis',(-0.251410871302564,-0.967880454287039,0.));
#8422=DIRECTION('center_axis',(0.,0.,1.));
#8423=DIRECTION('ref_axis',(-0.251410871302564,-0.967880454287039,0.));
#8424=DIRECTION('',(0.,0.,1.));
#8425=DIRECTION('center_axis',(0.,0.,1.));
#8426=DIRECTION('ref_axis',(-0.378206768157648,-0.925721146198869,0.));
#8427=DIRECTION('center_axis',(0.,0.,1.));
#8428=DIRECTION('ref_axis',(-0.378206768157648,-0.925721146198869,0.));
#8429=DIRECTION('center_axis',(0.,0.,1.));
#8430=DIRECTION('ref_axis',(-0.378206768157648,-0.925721146198869,0.));
#8431=DIRECTION('',(0.,0.,1.));
#8432=DIRECTION('center_axis',(0.,0.,1.));
#8433=DIRECTION('ref_axis',(-0.566430322333944,-0.824109634660744,0.));
#8434=DIRECTION('center_axis',(0.,0.,1.));
#8435=DIRECTION('ref_axis',(-0.566430322333944,-0.824109634660744,0.));
#8436=DIRECTION('center_axis',(0.,0.,1.));
#8437=DIRECTION('ref_axis',(-0.566430322333944,-0.824109634660744,0.));
#8438=DIRECTION('',(0.,0.,1.));
#8439=DIRECTION('center_axis',(0.,0.,1.));
#8440=DIRECTION('ref_axis',(-0.701752460187981,-0.712420862005118,0.));
#8441=DIRECTION('center_axis',(0.,0.,1.));
#8442=DIRECTION('ref_axis',(-0.701752460187981,-0.712420862005118,0.));
#8443=DIRECTION('center_axis',(0.,0.,1.));
#8444=DIRECTION('ref_axis',(-0.701752460187981,-0.712420862005118,0.));
#8445=DIRECTION('',(0.,0.,1.));
#8446=DIRECTION('center_axis',(0.,0.,1.));
#8447=DIRECTION('ref_axis',(-0.840672422411966,-0.541543976234615,0.));
#8448=DIRECTION('center_axis',(0.,0.,1.));
#8449=DIRECTION('ref_axis',(-0.840672422411966,-0.541543976234615,0.));
#8450=DIRECTION('center_axis',(0.,0.,1.));
#8451=DIRECTION('ref_axis',(-0.840672422411966,-0.541543976234615,0.));
#8452=DIRECTION('',(0.,0.,1.));
#8453=DIRECTION('center_axis',(0.,0.,1.));
#8454=DIRECTION('ref_axis',(-0.981035470762075,-0.193828287684314,0.));
#8455=DIRECTION('center_axis',(0.,0.,1.));
#8456=DIRECTION('ref_axis',(-0.981035470762075,-0.193828287684314,0.));
#8457=DIRECTION('center_axis',(0.,0.,1.));
#8458=DIRECTION('ref_axis',(-0.981035470762075,-0.193828287684314,0.));
#8459=DIRECTION('',(0.,0.,1.));
#8460=DIRECTION('center_axis',(0.,0.,1.));
#8461=DIRECTION('ref_axis',(-0.997861500407973,-0.0653637973464653,0.));
#8462=DIRECTION('center_axis',(0.,0.,1.));
#8463=DIRECTION('ref_axis',(-0.997861500407973,-0.0653637973464653,0.));
#8464=DIRECTION('center_axis',(0.,0.,1.));
#8465=DIRECTION('ref_axis',(-0.997861500407973,-0.0653637973464653,0.));
#8466=DIRECTION('',(0.,0.,1.));
#8467=DIRECTION('center_axis',(0.,0.,1.));
#8468=DIRECTION('ref_axis',(-0.996982234739567,0.0776300432416433,0.));
#8469=DIRECTION('center_axis',(0.,0.,1.));
#8470=DIRECTION('ref_axis',(-0.996982234739567,0.0776300432416433,0.));
#8471=DIRECTION('center_axis',(0.,0.,1.));
#8472=DIRECTION('ref_axis',(-0.996982234739567,0.0776300432416433,0.));
#8473=DIRECTION('',(0.,0.,1.));
#8474=DIRECTION('center_axis',(0.,0.,1.));
#8475=DIRECTION('ref_axis',(-0.966403424001733,0.257030002291028,0.));
#8476=DIRECTION('center_axis',(0.,0.,1.));
#8477=DIRECTION('ref_axis',(-0.966403424001733,0.257030002291028,0.));
#8478=DIRECTION('center_axis',(0.,0.,1.));
#8479=DIRECTION('ref_axis',(-0.966403424001733,0.257030002291028,0.));
#8480=DIRECTION('center_axis',(0.,0.,1.));
#8481=DIRECTION('ref_axis',(1.,0.,0.));
#8482=DIRECTION('center_axis',(0.,0.,1.));
#8483=DIRECTION('ref_axis',(1.,0.,0.));
#8484=DIRECTION('center_axis',(0.,0.,1.));
#8485=DIRECTION('ref_axis',(0.998718248738209,-0.0506148163810264,0.));
#8486=DIRECTION('center_axis',(0.,0.,1.));
#8487=DIRECTION('ref_axis',(0.998718248738209,-0.0506148163810264,0.));
#8488=DIRECTION('',(0.,0.,1.));
#8489=DIRECTION('center_axis',(0.,0.,-1.));
#8490=DIRECTION('ref_axis',(0.998718248738209,-0.0506148163810264,0.));
#8491=DIRECTION('',(0.,0.,1.));
#8492=DIRECTION('center_axis',(0.,0.,1.));
#8493=DIRECTION('ref_axis',(0.992370623563768,-0.123290492284108,0.));
#8494=DIRECTION('center_axis',(0.,0.,1.));
#8495=DIRECTION('ref_axis',(0.992370623563768,-0.123290492284108,0.));
#8496=DIRECTION('',(0.,0.,1.));
#8497=DIRECTION('center_axis',(0.,0.,-1.));
#8498=DIRECTION('ref_axis',(0.992370623563768,-0.123290492284108,0.));
#8499=DIRECTION('center_axis',(0.,0.,1.));
#8500=DIRECTION('ref_axis',(0.979896350957088,-0.199507246437273,0.));
#8501=DIRECTION('center_axis',(0.,0.,1.));
#8502=DIRECTION('ref_axis',(0.979896350957088,-0.199507246437273,0.));
#8503=DIRECTION('',(0.,0.,1.));
#8504=DIRECTION('center_axis',(0.,0.,-1.));
#8505=DIRECTION('ref_axis',(0.979896350957088,-0.199507246437273,0.));
#8506=DIRECTION('center_axis',(0.,0.,1.));
#8507=DIRECTION('ref_axis',(0.957815397979457,-0.28738417387437,0.));
#8508=DIRECTION('center_axis',(0.,0.,1.));
#8509=DIRECTION('ref_axis',(0.957815397979457,-0.28738417387437,0.));
#8510=DIRECTION('',(0.,0.,1.));
#8511=DIRECTION('center_axis',(0.,0.,-1.));
#8512=DIRECTION('ref_axis',(0.957815397979457,-0.28738417387437,0.));
#8513=DIRECTION('center_axis',(0.,0.,1.));
#8514=DIRECTION('ref_axis',(0.871514686994555,-0.490369401933668,0.));
#8515=DIRECTION('center_axis',(0.,0.,1.));
#8516=DIRECTION('ref_axis',(0.871514686994555,-0.490369401933668,0.));
#8517=DIRECTION('',(0.,0.,1.));
#8518=DIRECTION('center_axis',(0.,0.,-1.));
#8519=DIRECTION('ref_axis',(0.871514686994555,-0.490369401933668,0.));
#8520=DIRECTION('center_axis',(0.,0.,1.));
#8521=DIRECTION('ref_axis',(0.765468237237314,-0.64347368072113,0.));
#8522=DIRECTION('center_axis',(0.,0.,1.));
#8523=DIRECTION('ref_axis',(0.765468237237314,-0.64347368072113,0.));
#8524=DIRECTION('',(0.,0.,1.));
#8525=DIRECTION('center_axis',(0.,0.,-1.));
#8526=DIRECTION('ref_axis',(0.765468237237314,-0.64347368072113,0.));
#8527=DIRECTION('center_axis',(0.,0.,1.));
#8528=DIRECTION('ref_axis',(0.511196970623863,-0.859463586910455,0.));
#8529=DIRECTION('center_axis',(0.,0.,1.));
#8530=DIRECTION('ref_axis',(0.511196970623863,-0.859463586910455,0.));
#8531=DIRECTION('',(0.,0.,1.));
#8532=DIRECTION('center_axis',(0.,0.,-1.));
#8533=DIRECTION('ref_axis',(0.511196970623863,-0.859463586910455,0.));
#8534=DIRECTION('center_axis',(0.,0.,1.));
#8535=DIRECTION('ref_axis',(0.187045758561648,-0.982351202067823,0.));
#8536=DIRECTION('center_axis',(0.,0.,1.));
#8537=DIRECTION('ref_axis',(0.187045758561648,-0.982351202067823,0.));
#8538=DIRECTION('',(0.,0.,1.));
#8539=DIRECTION('center_axis',(0.,0.,-1.));
#8540=DIRECTION('ref_axis',(0.187045758561648,-0.982351202067823,0.));
#8541=DIRECTION('center_axis',(0.,0.,1.));
#8542=DIRECTION('ref_axis',(-0.0916175180978388,-0.995794271111052,0.));
#8543=DIRECTION('center_axis',(0.,0.,1.));
#8544=DIRECTION('ref_axis',(-0.0916175180978388,-0.995794271111052,0.));
#8545=DIRECTION('',(0.,0.,1.));
#8546=DIRECTION('center_axis',(0.,0.,-1.));
#8547=DIRECTION('ref_axis',(-0.0916175180978388,-0.995794271111052,0.));
#8548=DIRECTION('center_axis',(0.,0.,1.));
#8549=DIRECTION('ref_axis',(-0.229196007411569,-0.973380290629822,0.));
#8550=DIRECTION('center_axis',(0.,0.,1.));
#8551=DIRECTION('ref_axis',(-0.229196007411569,-0.973380290629822,0.));
#8552=DIRECTION('',(0.,0.,1.));
#8553=DIRECTION('center_axis',(0.,0.,-1.));
#8554=DIRECTION('ref_axis',(-0.229196007411569,-0.973380290629822,0.));
#8555=DIRECTION('center_axis',(0.,0.,1.));
#8556=DIRECTION('ref_axis',(-0.500017486716346,-0.866015307588653,0.));
#8557=DIRECTION('center_axis',(0.,0.,1.));
#8558=DIRECTION('ref_axis',(-0.500017486716346,-0.866015307588653,0.));
#8559=DIRECTION('',(0.,0.,1.));
#8560=DIRECTION('center_axis',(0.,0.,-1.));
#8561=DIRECTION('ref_axis',(-0.500017486716346,-0.866015307588653,0.));
#8562=DIRECTION('center_axis',(0.,0.,1.));
#8563=DIRECTION('ref_axis',(-0.812850573796312,-0.582472269450663,0.));
#8564=DIRECTION('center_axis',(0.,0.,1.));
#8565=DIRECTION('ref_axis',(-0.812850573796312,-0.582472269450663,0.));
#8566=DIRECTION('',(0.,0.,1.));
#8567=DIRECTION('center_axis',(0.,0.,-1.));
#8568=DIRECTION('ref_axis',(-0.812850573796312,-0.582472269450663,0.));
#8569=DIRECTION('center_axis',(0.,0.,1.));
#8570=DIRECTION('ref_axis',(-0.883714681190068,-0.468026027320208,0.));
#8571=DIRECTION('center_axis',(0.,0.,1.));
#8572=DIRECTION('ref_axis',(-0.883714681190068,-0.468026027320208,0.));
#8573=DIRECTION('',(0.,0.,1.));
#8574=DIRECTION('center_axis',(0.,0.,-1.));
#8575=DIRECTION('ref_axis',(-0.883714681190068,-0.468026027320208,0.));
#8576=DIRECTION('center_axis',(0.,0.,1.));
#8577=DIRECTION('ref_axis',(-0.946278764773176,-0.323351974386042,0.));
#8578=DIRECTION('center_axis',(0.,0.,1.));
#8579=DIRECTION('ref_axis',(-0.946278764773176,-0.323351974386042,0.));
#8580=DIRECTION('',(0.,0.,1.));
#8581=DIRECTION('center_axis',(0.,0.,-1.));
#8582=DIRECTION('ref_axis',(-0.946278764773176,-0.323351974386042,0.));
#8583=DIRECTION('center_axis',(0.,0.,1.));
#8584=DIRECTION('ref_axis',(-0.983595279619833,-0.180389373050586,0.));
#8585=DIRECTION('center_axis',(0.,0.,1.));
#8586=DIRECTION('ref_axis',(-0.983595279619833,-0.180389373050586,0.));
#8587=DIRECTION('',(0.,0.,1.));
#8588=DIRECTION('center_axis',(0.,0.,-1.));
#8589=DIRECTION('ref_axis',(-0.983595279619833,-0.180389373050586,0.));
#8590=DIRECTION('center_axis',(0.,0.,1.));
#8591=DIRECTION('ref_axis',(-0.99233071087254,-0.123611327390332,0.));
#8592=DIRECTION('center_axis',(0.,0.,1.));
#8593=DIRECTION('ref_axis',(-0.99233071087254,-0.123611327390332,0.));
#8594=DIRECTION('',(0.,0.,1.));
#8595=DIRECTION('center_axis',(0.,0.,-1.));
#8596=DIRECTION('ref_axis',(-0.99233071087254,-0.123611327390332,0.));
#8597=DIRECTION('center_axis',(0.,0.,1.));
#8598=DIRECTION('ref_axis',(-0.999646844824175,-0.0265741534779909,0.));
#8599=DIRECTION('center_axis',(0.,0.,1.));
#8600=DIRECTION('ref_axis',(-0.999646844824175,-0.0265741534779909,0.));
#8601=DIRECTION('',(0.,0.,1.));
#8602=DIRECTION('center_axis',(0.,0.,-1.));
#8603=DIRECTION('ref_axis',(-0.999646844824175,-0.0265741534779909,0.));
#8604=DIRECTION('center_axis',(0.,0.,1.));
#8605=DIRECTION('ref_axis',(-0.999676117594737,0.0254491632615461,0.));
#8606=DIRECTION('center_axis',(0.,0.,1.));
#8607=DIRECTION('ref_axis',(-0.999676117594737,0.0254491632615461,0.));
#8608=DIRECTION('',(0.,0.,1.));
#8609=DIRECTION('center_axis',(0.,0.,-1.));
#8610=DIRECTION('ref_axis',(-0.999676117594737,0.0254491632615461,0.));
#8611=DIRECTION('center_axis',(0.,0.,1.));
#8612=DIRECTION('ref_axis',(-0.998718248738194,0.0506148163813283,0.));
#8613=DIRECTION('center_axis',(0.,0.,1.));
#8614=DIRECTION('ref_axis',(-0.998718248738194,0.0506148163813283,0.));
#8615=DIRECTION('',(0.,0.,1.));
#8616=DIRECTION('center_axis',(0.,0.,-1.));
#8617=DIRECTION('ref_axis',(-0.998718248738194,0.0506148163813283,0.));
#8618=DIRECTION('center_axis',(0.,0.,1.));
#8619=DIRECTION('ref_axis',(-0.992339803042928,0.123538315095857,0.));
#8620=DIRECTION('center_axis',(0.,0.,1.));
#8621=DIRECTION('ref_axis',(-0.992339803042928,0.123538315095857,0.));
#8622=DIRECTION('',(0.,0.,1.));
#8623=DIRECTION('center_axis',(0.,0.,-1.));
#8624=DIRECTION('ref_axis',(-0.992339803042928,0.123538315095857,0.));
#8625=DIRECTION('center_axis',(0.,0.,1.));
#8626=DIRECTION('ref_axis',(-0.979896350957087,0.199507246437278,0.));
#8627=DIRECTION('center_axis',(0.,0.,1.));
#8628=DIRECTION('ref_axis',(-0.979896350957087,0.199507246437278,0.));
#8629=DIRECTION('',(0.,0.,1.));
#8630=DIRECTION('center_axis',(0.,0.,-1.));
#8631=DIRECTION('ref_axis',(-0.979896350957087,0.199507246437278,0.));
#8632=DIRECTION('center_axis',(0.,0.,1.));
#8633=DIRECTION('ref_axis',(-0.957815397979415,0.287384173874509,0.));
#8634=DIRECTION('center_axis',(0.,0.,1.));
#8635=DIRECTION('ref_axis',(-0.957815397979415,0.287384173874509,0.));
#8636=DIRECTION('',(0.,0.,1.));
#8637=DIRECTION('center_axis',(0.,0.,-1.));
#8638=DIRECTION('ref_axis',(-0.957815397979415,0.287384173874509,0.));
#8639=DIRECTION('center_axis',(0.,0.,1.));
#8640=DIRECTION('ref_axis',(-0.871514686993992,0.490369401934668,0.));
#8641=DIRECTION('center_axis',(0.,0.,1.));
#8642=DIRECTION('ref_axis',(-0.871514686993992,0.490369401934668,0.));
#8643=DIRECTION('',(0.,0.,1.));
#8644=DIRECTION('center_axis',(0.,0.,-1.));
#8645=DIRECTION('ref_axis',(-0.871514686993992,0.490369401934668,0.));
#8646=DIRECTION('center_axis',(0.,0.,1.));
#8647=DIRECTION('ref_axis',(-0.765468237237422,0.643473680721002,0.));
#8648=DIRECTION('center_axis',(0.,0.,1.));
#8649=DIRECTION('ref_axis',(-0.765468237237422,0.643473680721002,0.));
#8650=DIRECTION('',(0.,0.,1.));
#8651=DIRECTION('center_axis',(0.,0.,-1.));
#8652=DIRECTION('ref_axis',(-0.765468237237422,0.643473680721002,0.));
#8653=DIRECTION('center_axis',(0.,0.,1.));
#8654=DIRECTION('ref_axis',(-0.511196970623566,0.859463586910632,0.));
#8655=DIRECTION('center_axis',(0.,0.,1.));
#8656=DIRECTION('ref_axis',(-0.511196970623566,0.859463586910632,0.));
#8657=DIRECTION('',(0.,0.,1.));
#8658=DIRECTION('center_axis',(0.,0.,-1.));
#8659=DIRECTION('ref_axis',(-0.511196970623566,0.859463586910632,0.));
#8660=DIRECTION('center_axis',(0.,0.,1.));
#8661=DIRECTION('ref_axis',(-0.187045758561857,0.982351202067784,0.));
#8662=DIRECTION('center_axis',(0.,0.,1.));
#8663=DIRECTION('ref_axis',(-0.187045758561857,0.982351202067784,0.));
#8664=DIRECTION('',(0.,0.,1.));
#8665=DIRECTION('center_axis',(0.,0.,-1.));
#8666=DIRECTION('ref_axis',(-0.187045758561857,0.982351202067784,0.));
#8667=DIRECTION('center_axis',(0.,0.,1.));
#8668=DIRECTION('ref_axis',(0.0916175180977245,0.995794271111063,0.));
#8669=DIRECTION('center_axis',(0.,0.,1.));
#8670=DIRECTION('ref_axis',(0.0916175180977245,0.995794271111063,0.));
#8671=DIRECTION('',(0.,0.,1.));
#8672=DIRECTION('center_axis',(0.,0.,-1.));
#8673=DIRECTION('ref_axis',(0.0916175180977245,0.995794271111063,0.));
#8674=DIRECTION('center_axis',(0.,0.,1.));
#8675=DIRECTION('ref_axis',(0.229196007411447,0.97338029062985,0.));
#8676=DIRECTION('center_axis',(0.,0.,1.));
#8677=DIRECTION('ref_axis',(0.229196007411447,0.97338029062985,0.));
#8678=DIRECTION('',(0.,0.,1.));
#8679=DIRECTION('center_axis',(0.,0.,-1.));
#8680=DIRECTION('ref_axis',(0.229196007411447,0.97338029062985,0.));
#8681=DIRECTION('center_axis',(0.,0.,1.));
#8682=DIRECTION('ref_axis',(0.500017486716349,0.866015307588651,0.));
#8683=DIRECTION('center_axis',(0.,0.,1.));
#8684=DIRECTION('ref_axis',(0.500017486716349,0.866015307588651,0.));
#8685=DIRECTION('',(0.,0.,1.));
#8686=DIRECTION('center_axis',(0.,0.,-1.));
#8687=DIRECTION('ref_axis',(0.500017486716349,0.866015307588651,0.));
#8688=DIRECTION('center_axis',(0.,0.,1.));
#8689=DIRECTION('ref_axis',(0.812850573796582,0.582472269450286,0.));
#8690=DIRECTION('center_axis',(0.,0.,1.));
#8691=DIRECTION('ref_axis',(0.812850573796582,0.582472269450286,0.));
#8692=DIRECTION('',(0.,0.,1.));
#8693=DIRECTION('center_axis',(0.,0.,-1.));
#8694=DIRECTION('ref_axis',(0.812850573796582,0.582472269450286,0.));
#8695=DIRECTION('center_axis',(0.,0.,1.));
#8696=DIRECTION('ref_axis',(0.883714681189975,0.468026027320384,0.));
#8697=DIRECTION('center_axis',(0.,0.,1.));
#8698=DIRECTION('ref_axis',(0.883714681189975,0.468026027320384,0.));
#8699=DIRECTION('',(0.,0.,1.));
#8700=DIRECTION('center_axis',(0.,0.,-1.));
#8701=DIRECTION('ref_axis',(0.883714681189975,0.468026027320384,0.));
#8702=DIRECTION('center_axis',(0.,0.,1.));
#8703=DIRECTION('ref_axis',(0.946278764773166,0.323351974386071,0.));
#8704=DIRECTION('center_axis',(0.,0.,1.));
#8705=DIRECTION('ref_axis',(0.946278764773166,0.323351974386071,0.));
#8706=DIRECTION('',(0.,0.,1.));
#8707=DIRECTION('center_axis',(0.,0.,-1.));
#8708=DIRECTION('ref_axis',(0.946278764773166,0.323351974386071,0.));
#8709=DIRECTION('center_axis',(0.,0.,1.));
#8710=DIRECTION('ref_axis',(0.983595279619822,0.180389373050642,0.));
#8711=DIRECTION('center_axis',(0.,0.,1.));
#8712=DIRECTION('ref_axis',(0.983595279619822,0.180389373050642,0.));
#8713=DIRECTION('',(0.,0.,1.));
#8714=DIRECTION('center_axis',(0.,0.,-1.));
#8715=DIRECTION('ref_axis',(0.983595279619822,0.180389373050642,0.));
#8716=DIRECTION('center_axis',(0.,0.,1.));
#8717=DIRECTION('ref_axis',(0.992370623563772,0.123290492284078,0.));
#8718=DIRECTION('center_axis',(0.,0.,1.));
#8719=DIRECTION('ref_axis',(0.992370623563772,0.123290492284078,0.));
#8720=DIRECTION('',(0.,0.,1.));
#8721=DIRECTION('center_axis',(0.,0.,-1.));
#8722=DIRECTION('ref_axis',(0.992370623563772,0.123290492284078,0.));
#8723=DIRECTION('center_axis',(0.,0.,1.));
#8724=DIRECTION('ref_axis',(0.999646844824174,0.0265741534780327,0.));
#8725=DIRECTION('center_axis',(0.,0.,1.));
#8726=DIRECTION('ref_axis',(0.999646844824174,0.0265741534780327,0.));
#8727=DIRECTION('',(0.,0.,1.));
#8728=DIRECTION('center_axis',(0.,0.,-1.));
#8729=DIRECTION('ref_axis',(0.999646844824174,0.0265741534780327,0.));
#8730=DIRECTION('center_axis',(0.,0.,1.));
#8731=DIRECTION('ref_axis',(0.99967611759473,-0.0254491632618181,0.));
#8732=DIRECTION('center_axis',(0.,0.,1.));
#8733=DIRECTION('ref_axis',(0.99967611759473,-0.0254491632618181,0.));
#8734=DIRECTION('center_axis',(0.,0.,-1.));
#8735=DIRECTION('ref_axis',(0.99967611759473,-0.0254491632618181,0.));
#8736=DIRECTION('center_axis',(0.,0.,1.));
#8737=DIRECTION('ref_axis',(-0.986454662981094,0.164034136334043,0.));
#8738=DIRECTION('center_axis',(0.,0.,1.));
#8739=DIRECTION('ref_axis',(-0.986454662981094,0.164034136334043,0.));
#8740=DIRECTION('',(0.,0.,1.));
#8741=DIRECTION('center_axis',(0.,0.,1.));
#8742=DIRECTION('ref_axis',(-0.986454662981094,0.164034136334043,0.));
#8743=DIRECTION('',(0.,0.,1.));
#8744=DIRECTION('center_axis',(0.,0.,1.));
#8745=DIRECTION('ref_axis',(-0.908024888603492,0.418916222742227,0.));
#8746=DIRECTION('center_axis',(0.,0.,1.));
#8747=DIRECTION('ref_axis',(-0.908024888603492,0.418916222742227,0.));
#8748=DIRECTION('center_axis',(0.,0.,1.));
#8749=DIRECTION('ref_axis',(-0.908024888603492,0.418916222742227,0.));
#8750=DIRECTION('',(0.,0.,1.));
#8751=DIRECTION('center_axis',(0.,0.,1.));
#8752=DIRECTION('ref_axis',(-0.702458816587081,0.711724392584009,0.));
#8753=DIRECTION('center_axis',(0.,0.,1.));
#8754=DIRECTION('ref_axis',(-0.702458816587081,0.711724392584009,0.));
#8755=DIRECTION('center_axis',(0.,0.,1.));
#8756=DIRECTION('ref_axis',(-0.702458816587081,0.711724392584009,0.));
#8757=DIRECTION('',(0.,0.,1.));
#8758=DIRECTION('center_axis',(0.,0.,1.));
#8759=DIRECTION('ref_axis',(-0.313333583154145,0.949643125425433,0.));
#8760=DIRECTION('center_axis',(0.,0.,1.));
#8761=DIRECTION('ref_axis',(-0.313333583154145,0.949643125425433,0.));
#8762=DIRECTION('center_axis',(0.,0.,1.));
#8763=DIRECTION('ref_axis',(-0.313333583154145,0.949643125425433,0.));
#8764=DIRECTION('',(0.,0.,1.));
#8765=DIRECTION('center_axis',(0.,0.,1.));
#8766=DIRECTION('ref_axis',(0.00967410306676059,0.99995320477003,0.));
#8767=DIRECTION('center_axis',(0.,0.,1.));
#8768=DIRECTION('ref_axis',(0.00967410306676059,0.99995320477003,0.));
#8769=DIRECTION('center_axis',(0.,0.,1.));
#8770=DIRECTION('ref_axis',(0.00967410306676059,0.99995320477003,0.));
#8771=DIRECTION('',(0.,0.,1.));
#8772=DIRECTION('center_axis',(0.,0.,1.));
#8773=DIRECTION('ref_axis',(0.363750919818428,0.931496252451532,0.));
#8774=DIRECTION('center_axis',(0.,0.,1.));
#8775=DIRECTION('ref_axis',(0.363750919818428,0.931496252451532,0.));
#8776=DIRECTION('center_axis',(0.,0.,1.));
#8777=DIRECTION('ref_axis',(0.363750919818428,0.931496252451532,0.));
#8778=DIRECTION('',(0.,0.,1.));
#8779=DIRECTION('center_axis',(0.,0.,1.));
#8780=DIRECTION('ref_axis',(0.699261915460374,0.714865563296127,0.));
#8781=DIRECTION('center_axis',(0.,0.,1.));
#8782=DIRECTION('ref_axis',(0.699261915460374,0.714865563296127,0.));
#8783=DIRECTION('center_axis',(0.,0.,1.));
#8784=DIRECTION('ref_axis',(0.699261915460374,0.714865563296127,0.));
#8785=DIRECTION('',(0.,0.,1.));
#8786=DIRECTION('center_axis',(0.,0.,1.));
#8787=DIRECTION('ref_axis',(0.92369238119201,0.383134943496198,0.));
#8788=DIRECTION('center_axis',(0.,0.,1.));
#8789=DIRECTION('ref_axis',(0.92369238119201,0.383134943496198,0.));
#8790=DIRECTION('center_axis',(0.,0.,1.));
#8791=DIRECTION('ref_axis',(0.92369238119201,0.383134943496198,0.));
#8792=DIRECTION('',(0.,0.,1.));
#8793=DIRECTION('center_axis',(0.,0.,1.));
#8794=DIRECTION('ref_axis',(0.994276814280662,0.106834528987112,0.));
#8795=DIRECTION('center_axis',(0.,0.,1.));
#8796=DIRECTION('ref_axis',(0.994276814280662,0.106834528987112,0.));
#8797=DIRECTION('center_axis',(0.,0.,1.));
#8798=DIRECTION('ref_axis',(0.994276814280662,0.106834528987112,0.));
#8799=DIRECTION('',(0.,0.,1.));
#8800=DIRECTION('center_axis',(0.,0.,1.));
#8801=DIRECTION('ref_axis',(0.999983809690561,-0.00569037404320798,0.));
#8802=DIRECTION('center_axis',(0.,0.,1.));
#8803=DIRECTION('ref_axis',(0.999983809690561,-0.00569037404320798,0.));
#8804=DIRECTION('center_axis',(0.,0.,1.));
#8805=DIRECTION('ref_axis',(0.999983809690561,-0.00569037404320798,0.));
#8806=DIRECTION('',(0.,0.,1.));
#8807=DIRECTION('center_axis',(0.,0.,1.));
#8808=DIRECTION('ref_axis',(0.986458567850793,-0.164010651830183,0.));
#8809=DIRECTION('center_axis',(0.,0.,1.));
#8810=DIRECTION('ref_axis',(0.986458567850793,-0.164010651830183,0.));
#8811=DIRECTION('center_axis',(0.,0.,1.));
#8812=DIRECTION('ref_axis',(0.986458567850793,-0.164010651830183,0.));
#8813=DIRECTION('',(0.,0.,1.));
#8814=DIRECTION('center_axis',(0.,0.,1.));
#8815=DIRECTION('ref_axis',(0.908024888603534,-0.418916222742136,0.));
#8816=DIRECTION('center_axis',(0.,0.,1.));
#8817=DIRECTION('ref_axis',(0.908024888603534,-0.418916222742136,0.));
#8818=DIRECTION('center_axis',(0.,0.,1.));
#8819=DIRECTION('ref_axis',(0.908024888603534,-0.418916222742136,0.));
#8820=DIRECTION('',(0.,0.,1.));
#8821=DIRECTION('center_axis',(0.,0.,1.));
#8822=DIRECTION('ref_axis',(0.702458816587091,-0.711724392584001,0.));
#8823=DIRECTION('center_axis',(0.,0.,1.));
#8824=DIRECTION('ref_axis',(0.702458816587091,-0.711724392584001,0.));
#8825=DIRECTION('center_axis',(0.,0.,1.));
#8826=DIRECTION('ref_axis',(0.702458816587091,-0.711724392584001,0.));
#8827=DIRECTION('',(0.,0.,1.));
#8828=DIRECTION('center_axis',(0.,0.,1.));
#8829=DIRECTION('ref_axis',(0.313333583154377,-0.949643125425356,0.));
#8830=DIRECTION('center_axis',(0.,0.,1.));
#8831=DIRECTION('ref_axis',(0.313333583154377,-0.949643125425356,0.));
#8832=DIRECTION('center_axis',(0.,0.,1.));
#8833=DIRECTION('ref_axis',(0.313333583154377,-0.949643125425356,0.));
#8834=DIRECTION('',(0.,0.,1.));
#8835=DIRECTION('center_axis',(0.,0.,1.));
#8836=DIRECTION('ref_axis',(-0.00967410306683866,-0.999953204770029,0.));
#8837=DIRECTION('center_axis',(0.,0.,1.));
#8838=DIRECTION('ref_axis',(-0.00967410306683866,-0.999953204770029,0.));
#8839=DIRECTION('center_axis',(0.,0.,1.));
#8840=DIRECTION('ref_axis',(-0.00967410306683866,-0.999953204770029,0.));
#8841=DIRECTION('',(0.,0.,1.));
#8842=DIRECTION('center_axis',(0.,0.,1.));
#8843=DIRECTION('ref_axis',(-0.363750919818399,-0.931496252451543,0.));
#8844=DIRECTION('center_axis',(0.,0.,1.));
#8845=DIRECTION('ref_axis',(-0.363750919818399,-0.931496252451543,0.));
#8846=DIRECTION('center_axis',(0.,0.,1.));
#8847=DIRECTION('ref_axis',(-0.363750919818399,-0.931496252451543,0.));
#8848=DIRECTION('',(0.,0.,1.));
#8849=DIRECTION('center_axis',(0.,0.,1.));
#8850=DIRECTION('ref_axis',(-0.707321811637531,-0.706891685325129,0.));
#8851=DIRECTION('center_axis',(0.,0.,1.));
#8852=DIRECTION('ref_axis',(-0.707321811637531,-0.706891685325129,0.));
#8853=DIRECTION('center_axis',(0.,0.,1.));
#8854=DIRECTION('ref_axis',(-0.707321811637531,-0.706891685325129,0.));
#8855=DIRECTION('',(0.,0.,1.));
#8856=DIRECTION('center_axis',(0.,0.,1.));
#8857=DIRECTION('ref_axis',(-0.923692381191998,-0.383134943496225,0.));
#8858=DIRECTION('center_axis',(0.,0.,1.));
#8859=DIRECTION('ref_axis',(-0.923692381191998,-0.383134943496225,0.));
#8860=DIRECTION('center_axis',(0.,0.,1.));
#8861=DIRECTION('ref_axis',(-0.923692381191998,-0.383134943496225,0.));
#8862=DIRECTION('',(0.,0.,1.));
#8863=DIRECTION('center_axis',(0.,0.,1.));
#8864=DIRECTION('ref_axis',(-0.994276814280657,-0.106834528987161,0.));
#8865=DIRECTION('center_axis',(0.,0.,1.));
#8866=DIRECTION('ref_axis',(-0.994276814280657,-0.106834528987161,0.));
#8867=DIRECTION('center_axis',(0.,0.,1.));
#8868=DIRECTION('ref_axis',(-0.994276814280657,-0.106834528987161,0.));
#8869=DIRECTION('',(0.,0.,1.));
#8870=DIRECTION('center_axis',(0.,0.,1.));
#8871=DIRECTION('ref_axis',(-0.999983809690564,0.00569037404278906,0.));
#8872=DIRECTION('center_axis',(0.,0.,1.));
#8873=DIRECTION('ref_axis',(-0.999983809690564,0.00569037404278906,0.));
#8874=DIRECTION('center_axis',(0.,0.,1.));
#8875=DIRECTION('ref_axis',(-0.999983809690564,0.00569037404278906,0.));
#8876=DIRECTION('center_axis',(0.,0.,1.));
#8877=DIRECTION('ref_axis',(1.,0.,0.));
#8878=DIRECTION('center_axis',(0.,0.,1.));
#8879=DIRECTION('ref_axis',(1.,0.,0.));
#8880=DIRECTION('axis',(0.,0.,1.));
#8881=DIRECTION('refdir',(1.,0.,0.));
#8882=DIRECTION('center_axis',(0.,1.,0.));
#8883=DIRECTION('ref_axis',(-1.,0.,0.));
#8884=DIRECTION('',(-1.,0.,0.));
#8885=DIRECTION('',(0.,0.,1.));
#8886=DIRECTION('',(-1.,0.,0.));
#8887=DIRECTION('',(0.,0.,1.));
#8888=DIRECTION('center_axis',(1.,0.,0.));
#8889=DIRECTION('ref_axis',(0.,1.,0.));
#8890=DIRECTION('',(0.,1.,0.));
#8891=DIRECTION('',(0.,1.,0.));
#8892=DIRECTION('',(0.,0.,1.));
#8893=DIRECTION('center_axis',(0.,-1.,0.));
#8894=DIRECTION('ref_axis',(1.,0.,0.));
#8895=DIRECTION('',(1.,0.,0.));
#8896=DIRECTION('',(1.,0.,0.));
#8897=DIRECTION('',(0.,0.,1.));
#8898=DIRECTION('center_axis',(-1.,0.,0.));
#8899=DIRECTION('ref_axis',(0.,-1.,0.));
#8900=DIRECTION('',(0.,-1.,0.));
#8901=DIRECTION('',(0.,-1.,0.));
#8902=DIRECTION('center_axis',(0.,0.,1.));
#8903=DIRECTION('ref_axis',(1.,0.,0.));
#8904=DIRECTION('center_axis',(0.,0.,1.));
#8905=DIRECTION('ref_axis',(1.,0.,0.));
#8906=DIRECTION('center_axis',(-1.,0.,0.));
#8907=DIRECTION('ref_axis',(0.,-1.,0.));
#8908=DIRECTION('',(0.,-1.,0.));
#8909=DIRECTION('',(0.,0.,1.));
#8910=DIRECTION('',(0.,-1.,0.));
#8911=DIRECTION('',(0.,0.,1.));
#8912=DIRECTION('center_axis',(0.,1.,0.));
#8913=DIRECTION('ref_axis',(-1.,0.,0.));
#8914=DIRECTION('',(-1.,0.,0.));
#8915=DIRECTION('',(-1.,0.,0.));
#8916=DIRECTION('',(0.,0.,1.));
#8917=DIRECTION('center_axis',(1.,0.,0.));
#8918=DIRECTION('ref_axis',(0.,1.,0.));
#8919=DIRECTION('',(0.,1.,0.));
#8920=DIRECTION('',(0.,1.,0.));
#8921=DIRECTION('',(0.,0.,1.));
#8922=DIRECTION('center_axis',(0.,-1.,0.));
#8923=DIRECTION('ref_axis',(1.,0.,0.));
#8924=DIRECTION('',(1.,0.,0.));
#8925=DIRECTION('',(1.,0.,0.));
#8926=DIRECTION('center_axis',(0.,0.,1.));
#8927=DIRECTION('ref_axis',(1.,0.,0.));
#8928=DIRECTION('center_axis',(0.,0.,1.));
#8929=DIRECTION('ref_axis',(1.,0.,0.));
#8930=DIRECTION('center_axis',(-1.,0.,0.));
#8931=DIRECTION('ref_axis',(0.,-1.,0.));
#8932=DIRECTION('',(0.,-1.,0.));
#8933=DIRECTION('',(0.,0.,1.));
#8934=DIRECTION('',(0.,-1.,0.));
#8935=DIRECTION('',(0.,0.,1.));
#8936=DIRECTION('center_axis',(0.,1.,0.));
#8937=DIRECTION('ref_axis',(-1.,0.,0.));
#8938=DIRECTION('',(-1.,0.,0.));
#8939=DIRECTION('',(-1.,0.,0.));
#8940=DIRECTION('',(0.,0.,1.));
#8941=DIRECTION('center_axis',(1.,0.,0.));
#8942=DIRECTION('ref_axis',(0.,1.,0.));
#8943=DIRECTION('',(0.,1.,0.));
#8944=DIRECTION('',(0.,1.,0.));
#8945=DIRECTION('',(0.,0.,1.));
#8946=DIRECTION('center_axis',(0.,-1.,0.));
#8947=DIRECTION('ref_axis',(1.,0.,0.));
#8948=DIRECTION('',(1.,0.,0.));
#8949=DIRECTION('',(1.,0.,0.));
#8950=DIRECTION('center_axis',(0.,0.,1.));
#8951=DIRECTION('ref_axis',(1.,0.,0.));
#8952=DIRECTION('center_axis',(0.,0.,1.));
#8953=DIRECTION('ref_axis',(1.,0.,0.));
#8954=DIRECTION('center_axis',(-1.,0.,0.));
#8955=DIRECTION('ref_axis',(0.,-1.,0.));
#8956=DIRECTION('',(0.,1.,0.));
#8957=DIRECTION('',(0.,0.,1.));
#8958=DIRECTION('',(0.,-1.,0.));
#8959=DIRECTION('',(0.,0.,1.));
#8960=DIRECTION('center_axis',(0.,1.,0.));
#8961=DIRECTION('ref_axis',(-1.,0.,0.));
#8962=DIRECTION('',(1.,0.,0.));
#8963=DIRECTION('',(-1.,0.,0.));
#8964=DIRECTION('',(0.,0.,1.));
#8965=DIRECTION('center_axis',(1.,0.,0.));
#8966=DIRECTION('ref_axis',(0.,1.,0.));
#8967=DIRECTION('',(0.,-1.,0.));
#8968=DIRECTION('',(0.,1.,0.));
#8969=DIRECTION('',(0.,0.,1.));
#8970=DIRECTION('center_axis',(0.,-1.,0.));
#8971=DIRECTION('ref_axis',(1.,0.,0.));
#8972=DIRECTION('',(-1.,0.,0.));
#8973=DIRECTION('',(1.,0.,0.));
#8974=DIRECTION('center_axis',(0.,0.,1.));
#8975=DIRECTION('ref_axis',(1.,0.,0.));
#8976=DIRECTION('center_axis',(0.,0.,1.));
#8977=DIRECTION('ref_axis',(1.,0.,0.));
#8978=DIRECTION('center_axis',(-1.,0.,0.));
#8979=DIRECTION('ref_axis',(0.,-1.,0.));
#8980=DIRECTION('',(0.,-1.,0.));
#8981=DIRECTION('',(0.,0.,1.));
#8982=DIRECTION('',(0.,-1.,0.));
#8983=DIRECTION('',(0.,0.,1.));
#8984=DIRECTION('center_axis',(0.,1.,0.));
#8985=DIRECTION('ref_axis',(-1.,0.,0.));
#8986=DIRECTION('',(-1.,0.,0.));
#8987=DIRECTION('',(-1.,0.,0.));
#8988=DIRECTION('',(0.,0.,1.));
#8989=DIRECTION('center_axis',(1.,0.,0.));
#8990=DIRECTION('ref_axis',(0.,1.,0.));
#8991=DIRECTION('',(0.,1.,0.));
#8992=DIRECTION('',(0.,1.,0.));
#8993=DIRECTION('',(0.,0.,1.));
#8994=DIRECTION('center_axis',(0.,-1.,0.));
#8995=DIRECTION('ref_axis',(1.,0.,0.));
#8996=DIRECTION('',(1.,0.,0.));
#8997=DIRECTION('',(1.,0.,0.));
#8998=DIRECTION('center_axis',(0.,0.,1.));
#8999=DIRECTION('ref_axis',(1.,0.,0.));
#9000=DIRECTION('center_axis',(0.,0.,1.));
#9001=DIRECTION('ref_axis',(1.,0.,0.));
#9002=DIRECTION('center_axis',(1.,0.,0.));
#9003=DIRECTION('ref_axis',(0.,1.,0.));
#9004=DIRECTION('',(0.,1.,0.));
#9005=DIRECTION('',(0.,0.,1.));
#9006=DIRECTION('',(0.,1.,0.));
#9007=DIRECTION('',(0.,0.,1.));
#9008=DIRECTION('center_axis',(0.,-1.,0.));
#9009=DIRECTION('ref_axis',(1.,0.,0.));
#9010=DIRECTION('',(1.,0.,0.));
#9011=DIRECTION('',(1.,0.,0.));
#9012=DIRECTION('',(0.,0.,1.));
#9013=DIRECTION('center_axis',(-1.,0.,0.));
#9014=DIRECTION('ref_axis',(0.,-1.,0.));
#9015=DIRECTION('',(0.,-1.,0.));
#9016=DIRECTION('',(0.,-1.,0.));
#9017=DIRECTION('',(0.,0.,1.));
#9018=DIRECTION('center_axis',(0.,1.,0.));
#9019=DIRECTION('ref_axis',(-1.,0.,0.));
#9020=DIRECTION('',(-1.,0.,0.));
#9021=DIRECTION('',(-1.,0.,0.));
#9022=DIRECTION('center_axis',(0.,0.,1.));
#9023=DIRECTION('ref_axis',(1.,0.,0.));
#9024=DIRECTION('center_axis',(0.,0.,1.));
#9025=DIRECTION('ref_axis',(1.,0.,0.));
#9026=DIRECTION('center_axis',(1.,0.,0.));
#9027=DIRECTION('ref_axis',(0.,1.,0.));
#9028=DIRECTION('',(0.,1.,0.));
#9029=DIRECTION('',(0.,0.,1.));
#9030=DIRECTION('',(0.,1.,0.));
#9031=DIRECTION('',(0.,0.,1.));
#9032=DIRECTION('center_axis',(0.,-1.,0.));
#9033=DIRECTION('ref_axis',(1.,0.,0.));
#9034=DIRECTION('',(1.,0.,0.));
#9035=DIRECTION('',(1.,0.,0.));
#9036=DIRECTION('',(0.,0.,1.));
#9037=DIRECTION('center_axis',(-1.,0.,0.));
#9038=DIRECTION('ref_axis',(0.,-1.,0.));
#9039=DIRECTION('',(0.,-1.,0.));
#9040=DIRECTION('',(0.,-1.,0.));
#9041=DIRECTION('',(0.,0.,1.));
#9042=DIRECTION('center_axis',(0.,1.,0.));
#9043=DIRECTION('ref_axis',(-1.,0.,0.));
#9044=DIRECTION('',(-1.,0.,0.));
#9045=DIRECTION('',(-1.,0.,0.));
#9046=DIRECTION('center_axis',(0.,0.,1.));
#9047=DIRECTION('ref_axis',(1.,0.,0.));
#9048=DIRECTION('center_axis',(0.,0.,1.));
#9049=DIRECTION('ref_axis',(1.,0.,0.));
#9050=DIRECTION('axis',(0.,0.,1.));
#9051=DIRECTION('refdir',(1.,0.,0.));
#9052=DIRECTION('center_axis',(-1.,0.,0.));
#9053=DIRECTION('ref_axis',(0.,-1.,0.));
#9054=DIRECTION('',(0.,1.,0.));
#9055=DIRECTION('',(0.,0.,1.));
#9056=DIRECTION('',(0.,-1.,0.));
#9057=DIRECTION('',(0.,0.,1.));
#9058=DIRECTION('center_axis',(0.,1.,0.));
#9059=DIRECTION('ref_axis',(-1.,0.,0.));
#9060=DIRECTION('',(1.,0.,0.));
#9061=DIRECTION('',(-1.,0.,0.));
#9062=DIRECTION('',(0.,0.,1.));
#9063=DIRECTION('center_axis',(1.,0.,0.));
#9064=DIRECTION('ref_axis',(0.,1.,0.));
#9065=DIRECTION('',(0.,-1.,0.));
#9066=DIRECTION('',(0.,1.,0.));
#9067=DIRECTION('',(0.,0.,1.));
#9068=DIRECTION('center_axis',(0.,-1.,0.));
#9069=DIRECTION('ref_axis',(1.,0.,0.));
#9070=DIRECTION('',(-1.,0.,0.));
#9071=DIRECTION('',(1.,0.,0.));
#9072=DIRECTION('center_axis',(0.,0.,1.));
#9073=DIRECTION('ref_axis',(1.,0.,0.));
#9074=DIRECTION('center_axis',(0.,0.,1.));
#9075=DIRECTION('ref_axis',(1.,0.,0.));
#9076=DIRECTION('center_axis',(1.,0.,0.));
#9077=DIRECTION('ref_axis',(0.,1.,0.));
#9078=DIRECTION('',(0.,-1.,0.));
#9079=DIRECTION('',(0.,0.,1.));
#9080=DIRECTION('',(0.,1.,0.));
#9081=DIRECTION('',(0.,0.,1.));
#9082=DIRECTION('center_axis',(0.,-1.,0.));
#9083=DIRECTION('ref_axis',(1.,0.,0.));
#9084=DIRECTION('',(-1.,0.,0.));
#9085=DIRECTION('',(1.,0.,0.));
#9086=DIRECTION('',(0.,0.,1.));
#9087=DIRECTION('center_axis',(-1.,0.,0.));
#9088=DIRECTION('ref_axis',(0.,-1.,0.));
#9089=DIRECTION('',(0.,1.,0.));
#9090=DIRECTION('',(0.,-1.,0.));
#9091=DIRECTION('',(0.,0.,1.));
#9092=DIRECTION('center_axis',(0.,1.,0.));
#9093=DIRECTION('ref_axis',(-1.,0.,0.));
#9094=DIRECTION('',(1.,0.,0.));
#9095=DIRECTION('',(-1.,0.,0.));
#9096=DIRECTION('center_axis',(0.,0.,1.));
#9097=DIRECTION('ref_axis',(1.,0.,0.));
#9098=DIRECTION('center_axis',(0.,0.,1.));
#9099=DIRECTION('ref_axis',(1.,0.,0.));
#9100=DIRECTION('center_axis',(1.,0.,0.));
#9101=DIRECTION('ref_axis',(0.,1.,0.));
#9102=DIRECTION('',(0.,-1.,0.));
#9103=DIRECTION('',(0.,0.,1.));
#9104=DIRECTION('',(0.,1.,0.));
#9105=DIRECTION('',(0.,0.,1.));
#9106=DIRECTION('center_axis',(-1.88737914186267E-13,-1.,0.));
#9107=DIRECTION('ref_axis',(1.,-1.88737914186267E-13,0.));
#9108=DIRECTION('',(-1.,1.88737914186267E-13,0.));
#9109=DIRECTION('',(1.,-1.88737914186267E-13,0.));
#9110=DIRECTION('',(0.,0.,1.));
#9111=DIRECTION('center_axis',(-1.,0.,0.));
#9112=DIRECTION('ref_axis',(0.,-1.,0.));
#9113=DIRECTION('',(0.,1.,0.));
#9114=DIRECTION('',(0.,-1.,0.));
#9115=DIRECTION('',(0.,0.,1.));
#9116=DIRECTION('center_axis',(0.,1.,0.));
#9117=DIRECTION('ref_axis',(-1.,0.,0.));
#9118=DIRECTION('',(1.,0.,0.));
#9119=DIRECTION('',(-1.,0.,0.));
#9120=DIRECTION('center_axis',(0.,0.,1.));
#9121=DIRECTION('ref_axis',(1.,0.,0.));
#9122=DIRECTION('center_axis',(0.,0.,1.));
#9123=DIRECTION('ref_axis',(1.,0.,0.));
#9124=DIRECTION('center_axis',(1.,0.,0.));
#9125=DIRECTION('ref_axis',(0.,1.,0.));
#9126=DIRECTION('',(0.,-1.,0.));
#9127=DIRECTION('',(0.,0.,1.));
#9128=DIRECTION('',(0.,1.,0.));
#9129=DIRECTION('',(0.,0.,1.));
#9130=DIRECTION('center_axis',(0.,-1.,0.));
#9131=DIRECTION('ref_axis',(1.,0.,0.));
#9132=DIRECTION('',(-1.,0.,0.));
#9133=DIRECTION('',(1.,0.,0.));
#9134=DIRECTION('',(0.,0.,1.));
#9135=DIRECTION('center_axis',(-1.,0.,0.));
#9136=DIRECTION('ref_axis',(0.,-1.,0.));
#9137=DIRECTION('',(0.,1.,0.));
#9138=DIRECTION('',(0.,-1.,0.));
#9139=DIRECTION('',(0.,0.,1.));
#9140=DIRECTION('center_axis',(0.,1.,0.));
#9141=DIRECTION('ref_axis',(-1.,0.,0.));
#9142=DIRECTION('',(1.,0.,0.));
#9143=DIRECTION('',(-1.,0.,0.));
#9144=DIRECTION('center_axis',(0.,0.,1.));
#9145=DIRECTION('ref_axis',(1.,0.,0.));
#9146=DIRECTION('center_axis',(0.,0.,1.));
#9147=DIRECTION('ref_axis',(1.,0.,0.));
#9148=DIRECTION('center_axis',(-1.,0.,0.));
#9149=DIRECTION('ref_axis',(0.,-1.,0.));
#9150=DIRECTION('',(0.,1.,0.));
#9151=DIRECTION('',(0.,0.,1.));
#9152=DIRECTION('',(0.,-1.,0.));
#9153=DIRECTION('',(0.,0.,1.));
#9154=DIRECTION('center_axis',(0.,1.,0.));
#9155=DIRECTION('ref_axis',(-1.,0.,0.));
#9156=DIRECTION('',(1.,0.,0.));
#9157=DIRECTION('',(-1.,0.,0.));
#9158=DIRECTION('',(0.,0.,1.));
#9159=DIRECTION('center_axis',(1.,0.,0.));
#9160=DIRECTION('ref_axis',(0.,1.,0.));
#9161=DIRECTION('',(0.,-1.,0.));
#9162=DIRECTION('',(0.,1.,0.));
#9163=DIRECTION('',(0.,0.,1.));
#9164=DIRECTION('center_axis',(1.88737914186269E-13,-1.,0.));
#9165=DIRECTION('ref_axis',(1.,1.88737914186269E-13,0.));
#9166=DIRECTION('',(-1.,-1.88737914186269E-13,0.));
#9167=DIRECTION('',(1.,1.88737914186269E-13,0.));
#9168=DIRECTION('center_axis',(0.,0.,1.));
#9169=DIRECTION('ref_axis',(1.,0.,0.));
#9170=DIRECTION('center_axis',(0.,0.,1.));
#9171=DIRECTION('ref_axis',(1.,0.,0.));
#9172=DIRECTION('center_axis',(-1.,0.,0.));
#9173=DIRECTION('ref_axis',(0.,-1.,0.));
#9174=DIRECTION('',(0.,1.,0.));
#9175=DIRECTION('',(0.,0.,1.));
#9176=DIRECTION('',(0.,-1.,0.));
#9177=DIRECTION('',(0.,0.,1.));
#9178=DIRECTION('center_axis',(0.,1.,0.));
#9179=DIRECTION('ref_axis',(-1.,0.,0.));
#9180=DIRECTION('',(1.,0.,0.));
#9181=DIRECTION('',(-1.,0.,0.));
#9182=DIRECTION('',(0.,0.,1.));
#9183=DIRECTION('center_axis',(1.,0.,0.));
#9184=DIRECTION('ref_axis',(0.,1.,0.));
#9185=DIRECTION('',(0.,-1.,0.));
#9186=DIRECTION('',(0.,1.,0.));
#9187=DIRECTION('',(0.,0.,1.));
#9188=DIRECTION('center_axis',(0.,-1.,0.));
#9189=DIRECTION('ref_axis',(1.,0.,0.));
#9190=DIRECTION('',(-1.,0.,0.));
#9191=DIRECTION('',(1.,0.,0.));
#9192=DIRECTION('center_axis',(0.,0.,1.));
#9193=DIRECTION('ref_axis',(1.,0.,0.));
#9194=DIRECTION('center_axis',(0.,0.,1.));
#9195=DIRECTION('ref_axis',(1.,0.,0.));
#9196=DIRECTION('axis',(0.,0.,1.));
#9197=DIRECTION('refdir',(1.,0.,0.));
#9198=DIRECTION('center_axis',(1.,0.,0.));
#9199=DIRECTION('ref_axis',(0.,1.,0.));
#9200=DIRECTION('',(0.,1.,0.));
#9201=DIRECTION('',(0.,0.,1.));
#9202=DIRECTION('',(0.,1.,0.));
#9203=DIRECTION('',(0.,0.,1.));
#9204=DIRECTION('center_axis',(-2.66453525909972E-13,-1.,0.));
#9205=DIRECTION('ref_axis',(1.,-2.66453525909972E-13,0.));
#9206=DIRECTION('',(1.,-2.66453525909972E-13,0.));
#9207=DIRECTION('',(0.,0.,1.));
#9208=DIRECTION('',(1.,-2.66453525909972E-13,0.));
#9209=DIRECTION('center_axis',(1.,1.33226762955007E-13,0.));
#9210=DIRECTION('ref_axis',(-1.33226762955007E-13,1.,0.));
#9211=DIRECTION('',(-1.33226762955007E-13,1.,0.));
#9212=DIRECTION('',(0.,0.,-1.));
#9213=DIRECTION('',(-1.33226762955007E-13,1.,0.));
#9214=DIRECTION('center_axis',(-1.,-1.33226762955007E-13,0.));
#9215=DIRECTION('ref_axis',(1.33226762955007E-13,-1.,0.));
#9216=DIRECTION('',(1.33226762955007E-13,-1.,0.));
#9217=DIRECTION('',(0.,0.,1.));
#9218=DIRECTION('',(1.33226762955007E-13,-1.,0.));
#9219=DIRECTION('',(0.,0.,1.));
#9220=DIRECTION('center_axis',(0.,-1.,0.));
#9221=DIRECTION('ref_axis',(1.,0.,0.));
#9222=DIRECTION('',(1.,0.,0.));
#9223=DIRECTION('',(0.,0.,1.));
#9224=DIRECTION('',(1.,0.,0.));
#9225=DIRECTION('center_axis',(-1.,0.,0.));
#9226=DIRECTION('ref_axis',(0.,-1.,0.));
#9227=DIRECTION('',(0.,-1.,0.));
#9228=DIRECTION('',(0.,0.,1.));
#9229=DIRECTION('',(0.,-1.,0.));
#9230=DIRECTION('center_axis',(0.,1.,0.));
#9231=DIRECTION('ref_axis',(-1.,0.,0.));
#9232=DIRECTION('',(-1.,0.,0.));
#9233=DIRECTION('',(-1.,0.,0.));
#9234=DIRECTION('center_axis',(0.,0.,1.));
#9235=DIRECTION('ref_axis',(1.,0.,0.));
#9236=DIRECTION('',(1.,2.22044604925031E-16,0.));
#9237=DIRECTION('center_axis',(2.22044604925031E-16,-1.,0.));
#9238=DIRECTION('ref_axis',(1.,2.22044604925031E-16,0.));
#9239=DIRECTION('',(-1.,-2.22044604925031E-16,0.));
#9240=DIRECTION('',(0.,0.,1.));
#9241=DIRECTION('',(1.,2.22044604925031E-16,0.));
#9242=DIRECTION('',(0.,0.,1.));
#9243=DIRECTION('',(-1.,-2.22044604925031E-16,0.));
#9244=DIRECTION('center_axis',(0.,1.,0.));
#9245=DIRECTION('ref_axis',(-1.,0.,0.));
#9246=DIRECTION('',(-1.,0.,0.));
#9247=DIRECTION('',(0.,0.,1.));
#9248=DIRECTION('',(1.,0.,0.));
#9249=DIRECTION('',(0.,0.,1.));
#9250=DIRECTION('center_axis',(1.,0.,0.));
#9251=DIRECTION('ref_axis',(0.,1.,0.));
#9252=DIRECTION('',(0.,1.,0.));
#9253=DIRECTION('',(0.,0.,1.));
#9254=DIRECTION('',(0.,-1.,0.));
#9255=DIRECTION('center_axis',(0.,-1.,0.));
#9256=DIRECTION('ref_axis',(1.,0.,0.));
#9257=DIRECTION('',(1.,0.,0.));
#9258=DIRECTION('',(0.,0.,1.));
#9259=DIRECTION('',(-1.,0.,0.));
#9260=DIRECTION('center_axis',(-1.,0.,0.));
#9261=DIRECTION('ref_axis',(0.,-1.,0.));
#9262=DIRECTION('',(0.,-1.,0.));
#9263=DIRECTION('',(0.,1.,0.));
#9264=DIRECTION('center_axis',(-1.,0.,0.));
#9265=DIRECTION('ref_axis',(0.,-1.,0.));
#9266=DIRECTION('',(0.,-1.,0.));
#9267=DIRECTION('',(0.,0.,1.));
#9268=DIRECTION('',(0.,1.,0.));
#9269=DIRECTION('',(0.,0.,1.));
#9270=DIRECTION('center_axis',(0.,1.,0.));
#9271=DIRECTION('ref_axis',(-1.,0.,0.));
#9272=DIRECTION('',(-1.,0.,0.));
#9273=DIRECTION('',(0.,0.,1.));
#9274=DIRECTION('',(1.,0.,0.));
#9275=DIRECTION('center_axis',(1.,0.,0.));
#9276=DIRECTION('ref_axis',(0.,1.,0.));
#9277=DIRECTION('',(0.,1.,0.));
#9278=DIRECTION('',(0.,0.,1.));
#9279=DIRECTION('',(0.,-1.,0.));
#9280=DIRECTION('center_axis',(0.,-1.,0.));
#9281=DIRECTION('ref_axis',(1.,0.,0.));
#9282=DIRECTION('',(1.,0.,0.));
#9283=DIRECTION('',(-1.,0.,0.));
#9284=DIRECTION('center_axis',(-1.,0.,0.));
#9285=DIRECTION('ref_axis',(0.,-1.,0.));
#9286=DIRECTION('',(0.,-1.,0.));
#9287=DIRECTION('',(0.,0.,1.));
#9288=DIRECTION('',(0.,1.,0.));
#9289=DIRECTION('',(0.,0.,1.));
#9290=DIRECTION('center_axis',(0.,1.,0.));
#9291=DIRECTION('ref_axis',(-1.,0.,0.));
#9292=DIRECTION('',(-1.,0.,0.));
#9293=DIRECTION('',(0.,0.,1.));
#9294=DIRECTION('',(1.,0.,0.));
#9295=DIRECTION('center_axis',(1.,0.,0.));
#9296=DIRECTION('ref_axis',(0.,1.,0.));
#9297=DIRECTION('',(0.,1.,0.));
#9298=DIRECTION('',(0.,0.,1.));
#9299=DIRECTION('',(0.,-1.,0.));
#9300=DIRECTION('center_axis',(0.,-1.,0.));
#9301=DIRECTION('ref_axis',(1.,0.,0.));
#9302=DIRECTION('',(1.,0.,0.));
#9303=DIRECTION('',(-1.,0.,0.));
#9304=DIRECTION('center_axis',(-1.,0.,0.));
#9305=DIRECTION('ref_axis',(0.,-1.,0.));
#9306=DIRECTION('',(0.,-1.,0.));
#9307=DIRECTION('',(0.,0.,1.));
#9308=DIRECTION('',(0.,1.,0.));
#9309=DIRECTION('',(0.,0.,1.));
#9310=DIRECTION('center_axis',(0.,1.,0.));
#9311=DIRECTION('ref_axis',(-1.,0.,0.));
#9312=DIRECTION('',(-1.,0.,0.));
#9313=DIRECTION('',(0.,0.,1.));
#9314=DIRECTION('',(1.,0.,0.));
#9315=DIRECTION('center_axis',(1.,0.,0.));
#9316=DIRECTION('ref_axis',(0.,1.,0.));
#9317=DIRECTION('',(0.,1.,0.));
#9318=DIRECTION('',(0.,0.,1.));
#9319=DIRECTION('',(0.,-1.,0.));
#9320=DIRECTION('center_axis',(0.,-1.,0.));
#9321=DIRECTION('ref_axis',(1.,0.,0.));
#9322=DIRECTION('',(1.,0.,0.));
#9323=DIRECTION('',(-1.,0.,0.));
#9324=DIRECTION('center_axis',(-1.,0.,0.));
#9325=DIRECTION('ref_axis',(0.,-1.,0.));
#9326=DIRECTION('',(0.,-1.,0.));
#9327=DIRECTION('',(0.,0.,1.));
#9328=DIRECTION('',(0.,1.,0.));
#9329=DIRECTION('',(0.,0.,1.));
#9330=DIRECTION('center_axis',(0.,1.,0.));
#9331=DIRECTION('ref_axis',(-1.,0.,0.));
#9332=DIRECTION('',(-1.,0.,0.));
#9333=DIRECTION('',(0.,0.,1.));
#9334=DIRECTION('',(1.,0.,0.));
#9335=DIRECTION('center_axis',(1.,0.,0.));
#9336=DIRECTION('ref_axis',(0.,1.,0.));
#9337=DIRECTION('',(0.,1.,0.));
#9338=DIRECTION('',(0.,0.,1.));
#9339=DIRECTION('',(0.,-1.,0.));
#9340=DIRECTION('center_axis',(1.88737914186269E-13,-1.,0.));
#9341=DIRECTION('ref_axis',(1.,1.88737914186269E-13,0.));
#9342=DIRECTION('',(1.,1.88737914186269E-13,0.));
#9343=DIRECTION('',(-1.,-1.88737914186269E-13,0.));
#9344=DIRECTION('center_axis',(1.,0.,0.));
#9345=DIRECTION('ref_axis',(0.,1.,0.));
#9346=DIRECTION('',(0.,1.,0.));
#9347=DIRECTION('',(0.,0.,1.));
#9348=DIRECTION('',(0.,-1.,0.));
#9349=DIRECTION('',(0.,0.,1.));
#9350=DIRECTION('center_axis',(0.,-1.,0.));
#9351=DIRECTION('ref_axis',(1.,0.,0.));
#9352=DIRECTION('',(1.,0.,0.));
#9353=DIRECTION('',(0.,0.,1.));
#9354=DIRECTION('',(-1.,0.,0.));
#9355=DIRECTION('center_axis',(-1.,0.,0.));
#9356=DIRECTION('ref_axis',(0.,-1.,0.));
#9357=DIRECTION('',(0.,-1.,0.));
#9358=DIRECTION('',(0.,0.,1.));
#9359=DIRECTION('',(0.,1.,0.));
#9360=DIRECTION('center_axis',(0.,1.,0.));
#9361=DIRECTION('ref_axis',(-1.,0.,0.));
#9362=DIRECTION('',(-1.,0.,0.));
#9363=DIRECTION('',(1.,0.,0.));
#9364=DIRECTION('center_axis',(1.,0.,0.));
#9365=DIRECTION('ref_axis',(0.,1.,0.));
#9366=DIRECTION('',(0.,1.,0.));
#9367=DIRECTION('',(0.,0.,1.));
#9368=DIRECTION('',(0.,-1.,0.));
#9369=DIRECTION('',(0.,0.,1.));
#9370=DIRECTION('center_axis',(0.,-1.,0.));
#9371=DIRECTION('ref_axis',(1.,0.,0.));
#9372=DIRECTION('',(1.,0.,0.));
#9373=DIRECTION('',(0.,0.,1.));
#9374=DIRECTION('',(-1.,0.,0.));
#9375=DIRECTION('center_axis',(-1.,0.,0.));
#9376=DIRECTION('ref_axis',(0.,-1.,0.));
#9377=DIRECTION('',(0.,-1.,0.));
#9378=DIRECTION('',(0.,0.,1.));
#9379=DIRECTION('',(0.,1.,0.));
#9380=DIRECTION('center_axis',(0.,1.,0.));
#9381=DIRECTION('ref_axis',(-1.,0.,0.));
#9382=DIRECTION('',(-1.,0.,0.));
#9383=DIRECTION('',(1.,0.,0.));
#9384=DIRECTION('center_axis',(1.,0.,0.));
#9385=DIRECTION('ref_axis',(0.,1.,0.));
#9386=DIRECTION('',(0.,1.,0.));
#9387=DIRECTION('',(0.,0.,1.));
#9388=DIRECTION('',(0.,-1.,0.));
#9389=DIRECTION('',(0.,0.,1.));
#9390=DIRECTION('center_axis',(-1.88737914186267E-13,-1.,0.));
#9391=DIRECTION('ref_axis',(1.,-1.88737914186267E-13,0.));
#9392=DIRECTION('',(1.,-1.88737914186267E-13,0.));
#9393=DIRECTION('',(0.,0.,1.));
#9394=DIRECTION('',(-1.,1.88737914186267E-13,0.));
#9395=DIRECTION('center_axis',(-1.,0.,0.));
#9396=DIRECTION('ref_axis',(0.,-1.,0.));
#9397=DIRECTION('',(0.,-1.,0.));
#9398=DIRECTION('',(0.,0.,1.));
#9399=DIRECTION('',(0.,1.,0.));
#9400=DIRECTION('center_axis',(0.,1.,0.));
#9401=DIRECTION('ref_axis',(-1.,0.,0.));
#9402=DIRECTION('',(-1.,0.,0.));
#9403=DIRECTION('',(1.,0.,0.));
#9404=DIRECTION('center_axis',(-1.,0.,0.));
#9405=DIRECTION('ref_axis',(0.,-1.,0.));
#9406=DIRECTION('',(0.,-1.,0.));
#9407=DIRECTION('',(0.,0.,1.));
#9408=DIRECTION('',(0.,1.,0.));
#9409=DIRECTION('',(0.,0.,1.));
#9410=DIRECTION('center_axis',(0.,1.,0.));
#9411=DIRECTION('ref_axis',(-1.,0.,0.));
#9412=DIRECTION('',(-1.,0.,0.));
#9413=DIRECTION('',(0.,0.,1.));
#9414=DIRECTION('',(1.,0.,0.));
#9415=DIRECTION('center_axis',(1.,0.,0.));
#9416=DIRECTION('ref_axis',(0.,1.,0.));
#9417=DIRECTION('',(0.,1.,0.));
#9418=DIRECTION('',(0.,0.,1.));
#9419=DIRECTION('',(0.,-1.,0.));
#9420=DIRECTION('center_axis',(0.,-1.,0.));
#9421=DIRECTION('ref_axis',(1.,0.,0.));
#9422=DIRECTION('',(1.,0.,0.));
#9423=DIRECTION('',(-1.,0.,0.));
#9424=DIRECTION('center_axis',(-1.,0.,0.));
#9425=DIRECTION('ref_axis',(0.,-1.,0.));
#9426=DIRECTION('',(0.,-1.,0.));
#9427=DIRECTION('',(0.,0.,1.));
#9428=DIRECTION('',(0.,1.,0.));
#9429=DIRECTION('',(0.,0.,1.));
#9430=DIRECTION('center_axis',(0.,1.,0.));
#9431=DIRECTION('ref_axis',(-1.,0.,0.));
#9432=DIRECTION('',(-1.,0.,0.));
#9433=DIRECTION('',(0.,0.,1.));
#9434=DIRECTION('',(1.,0.,0.));
#9435=DIRECTION('center_axis',(1.,0.,0.));
#9436=DIRECTION('ref_axis',(0.,1.,0.));
#9437=DIRECTION('',(0.,1.,0.));
#9438=DIRECTION('',(0.,0.,1.));
#9439=DIRECTION('',(0.,-1.,0.));
#9440=DIRECTION('center_axis',(0.,-1.,0.));
#9441=DIRECTION('ref_axis',(1.,0.,0.));
#9442=DIRECTION('',(1.,0.,0.));
#9443=DIRECTION('',(-1.,0.,0.));
#9444=DIRECTION('center_axis',(-1.,0.,0.));
#9445=DIRECTION('ref_axis',(0.,-1.,0.));
#9446=DIRECTION('',(0.,-1.,0.));
#9447=DIRECTION('',(0.,0.,1.));
#9448=DIRECTION('',(0.,1.,0.));
#9449=DIRECTION('',(0.,0.,1.));
#9450=DIRECTION('center_axis',(0.,1.,0.));
#9451=DIRECTION('ref_axis',(-1.,0.,0.));
#9452=DIRECTION('',(-1.,0.,0.));
#9453=DIRECTION('',(0.,0.,1.));
#9454=DIRECTION('',(1.,0.,0.));
#9455=DIRECTION('center_axis',(1.,0.,0.));
#9456=DIRECTION('ref_axis',(0.,1.,0.));
#9457=DIRECTION('',(0.,1.,0.));
#9458=DIRECTION('',(0.,0.,1.));
#9459=DIRECTION('',(0.,-1.,0.));
#9460=DIRECTION('center_axis',(0.,-1.,0.));
#9461=DIRECTION('ref_axis',(1.,0.,0.));
#9462=DIRECTION('',(1.,0.,0.));
#9463=DIRECTION('',(-1.,0.,0.));
#9464=DIRECTION('center_axis',(1.,0.,0.));
#9465=DIRECTION('ref_axis',(0.,1.,0.));
#9466=DIRECTION('',(0.,1.,0.));
#9467=DIRECTION('',(0.,0.,1.));
#9468=DIRECTION('',(0.,-1.,0.));
#9469=DIRECTION('',(0.,0.,1.));
#9470=DIRECTION('center_axis',(0.,-1.,0.));
#9471=DIRECTION('ref_axis',(1.,0.,0.));
#9472=DIRECTION('',(1.,0.,0.));
#9473=DIRECTION('',(0.,0.,1.));
#9474=DIRECTION('',(-1.,0.,0.));
#9475=DIRECTION('center_axis',(-1.,0.,0.));
#9476=DIRECTION('ref_axis',(0.,-1.,0.));
#9477=DIRECTION('',(0.,-1.,0.));
#9478=DIRECTION('',(0.,0.,1.));
#9479=DIRECTION('',(0.,1.,0.));
#9480=DIRECTION('center_axis',(0.,1.,0.));
#9481=DIRECTION('ref_axis',(-1.,0.,0.));
#9482=DIRECTION('',(-1.,0.,0.));
#9483=DIRECTION('',(1.,0.,0.));
#9484=DIRECTION('center_axis',(1.,0.,0.));
#9485=DIRECTION('ref_axis',(0.,1.,0.));
#9486=DIRECTION('',(0.,1.,0.));
#9487=DIRECTION('',(0.,0.,1.));
#9488=DIRECTION('',(0.,-1.,0.));
#9489=DIRECTION('',(0.,0.,1.));
#9490=DIRECTION('center_axis',(0.,-1.,0.));
#9491=DIRECTION('ref_axis',(1.,0.,0.));
#9492=DIRECTION('',(1.,0.,0.));
#9493=DIRECTION('',(0.,0.,1.));
#9494=DIRECTION('',(-1.,0.,0.));
#9495=DIRECTION('center_axis',(-1.,0.,0.));
#9496=DIRECTION('ref_axis',(0.,-1.,0.));
#9497=DIRECTION('',(0.,-1.,0.));
#9498=DIRECTION('',(0.,0.,1.));
#9499=DIRECTION('',(0.,1.,0.));
#9500=DIRECTION('center_axis',(0.,1.,0.));
#9501=DIRECTION('ref_axis',(-1.,0.,0.));
#9502=DIRECTION('',(-1.,0.,0.));
#9503=DIRECTION('',(1.,0.,0.));
#9504=DIRECTION('center_axis',(1.,3.33066907387547E-16,0.));
#9505=DIRECTION('ref_axis',(-3.33066907387547E-16,1.,0.));
#9506=DIRECTION('',(3.33066907387547E-16,-1.,0.));
#9507=DIRECTION('',(0.,0.,1.));
#9508=DIRECTION('',(-3.33066907387547E-16,1.,0.));
#9509=DIRECTION('center_axis',(-1.,-1.11022302462516E-16,0.));
#9510=DIRECTION('ref_axis',(1.11022302462516E-16,-1.,0.));
#9511=DIRECTION('',(-1.11022302462516E-16,1.,0.));
#9512=DIRECTION('',(1.11022302462516E-16,-1.,0.));
#9513=DIRECTION('',(0.,0.,1.));
#9514=DIRECTION('center_axis',(-2.22044604925031E-16,1.,0.));
#9515=DIRECTION('ref_axis',(-1.,-2.22044604925031E-16,0.));
#9516=DIRECTION('',(1.,2.22044604925031E-16,0.));
#9517=DIRECTION('',(-1.,-2.22044604925031E-16,0.));
#9518=DIRECTION('center_axis',(0.,0.,1.));
#9519=DIRECTION('ref_axis',(1.,0.,0.));
#9520=DIRECTION('center_axis',(0.,0.,1.));
#9521=DIRECTION('ref_axis',(1.,0.,0.));
#9522=DIRECTION('center_axis',(0.,0.,1.));
#9523=DIRECTION('ref_axis',(1.83697019872103E-16,1.,0.));
#9524=DIRECTION('center_axis',(0.,0.,-1.));
#9525=DIRECTION('ref_axis',(1.83697019872103E-16,1.,0.));
#9526=DIRECTION('',(0.,0.,1.));
#9527=DIRECTION('center_axis',(0.,0.,1.));
#9528=DIRECTION('ref_axis',(1.83697019872103E-16,1.,0.));
#9529=DIRECTION('center_axis',(0.,0.,1.));
#9530=DIRECTION('ref_axis',(-1.83697019872103E-16,-1.,0.));
#9531=DIRECTION('center_axis',(1.83697019872103E-16,1.,0.));
#9532=DIRECTION('ref_axis',(1.,-1.83697019872103E-16,0.));
#9533=DIRECTION('',(1.,-1.83697019872103E-16,0.));
#9534=DIRECTION('',(0.,0.,-1.));
#9535=DIRECTION('',(1.,-1.83697019872103E-16,0.));
#9536=DIRECTION('',(0.,0.,-1.));
#9537=DIRECTION('center_axis',(-1.,1.83697019872103E-16,0.));
#9538=DIRECTION('ref_axis',(1.83697019872103E-16,1.,0.));
#9539=DIRECTION('',(1.83697019872103E-16,1.,0.));
#9540=DIRECTION('',(1.83697019872103E-16,1.,0.));
#9541=DIRECTION('',(0.,0.,-1.));
#9542=DIRECTION('center_axis',(-2.72514861842116E-16,-1.,0.));
#9543=DIRECTION('ref_axis',(-1.,2.72514861842116E-16,0.));
#9544=DIRECTION('',(-1.,2.72514861842116E-16,0.));
#9545=DIRECTION('',(-1.,2.72514861842116E-16,0.));
#9546=DIRECTION('',(0.,0.,-1.));
#9547=DIRECTION('center_axis',(1.,-1.83697019872103E-16,0.));
#9548=DIRECTION('ref_axis',(-1.83697019872103E-16,-1.,0.));
#9549=DIRECTION('',(-1.83697019872103E-16,-1.,0.));
#9550=DIRECTION('',(-1.83697019872103E-16,-1.,0.));
#9551=DIRECTION('center_axis',(0.,0.,-1.));
#9552=DIRECTION('ref_axis',(1.83697019872103E-16,1.,0.));
#9553=DIRECTION('center_axis',(0.,0.,1.));
#9554=DIRECTION('ref_axis',(-1.83697019872103E-16,-1.,0.));
#9555=DIRECTION('center_axis',(0.,0.,1.));
#9556=DIRECTION('ref_axis',(1.83697019872103E-16,1.,0.));
#9557=DIRECTION('center_axis',(0.,0.,1.));
#9558=DIRECTION('ref_axis',(1.83697019872103E-16,1.,0.));
#9559=DIRECTION('center_axis',(0.,0.,1.));
#9560=DIRECTION('ref_axis',(1.83697019872103E-16,1.,0.));
#9561=DIRECTION('center_axis',(0.,0.,1.));
#9562=DIRECTION('ref_axis',(-1.83697019872103E-16,-1.,0.));
#9563=DIRECTION('center_axis',(0.,0.,1.));
#9564=DIRECTION('ref_axis',(-1.83697019872103E-16,-1.,0.));
#9565=DIRECTION('center_axis',(-2.22044604925031E-16,-1.,0.));
#9566=DIRECTION('ref_axis',(1.,-2.22044604925031E-16,0.));
#9567=DIRECTION('',(1.,-2.22044604925031E-16,0.));
#9568=DIRECTION('',(0.,0.,1.));
#9569=DIRECTION('',(1.,-2.22044604925031E-16,0.));
#9570=DIRECTION('',(0.,0.,1.));
#9571=DIRECTION('center_axis',(-1.,2.22044604925031E-16,0.));
#9572=DIRECTION('ref_axis',(-2.22044604925031E-16,-1.,0.));
#9573=DIRECTION('',(-2.22044604925031E-16,-1.,0.));
#9574=DIRECTION('',(-2.22044604925031E-16,-1.,0.));
#9575=DIRECTION('',(0.,0.,1.));
#9576=DIRECTION('center_axis',(-1.33004718350082E-13,1.,0.));
#9577=DIRECTION('ref_axis',(-1.,-1.33004718350082E-13,0.));
#9578=DIRECTION('',(-1.,-1.33004718350082E-13,0.));
#9579=DIRECTION('',(-1.,-1.33004718350082E-13,0.));
#9580=DIRECTION('',(0.,0.,1.));
#9581=DIRECTION('center_axis',(-1.,2.22044604925031E-16,0.));
#9582=DIRECTION('ref_axis',(-2.22044604925031E-16,-1.,0.));
#9583=DIRECTION('',(-2.22044604925031E-16,-1.,0.));
#9584=DIRECTION('',(-2.22044604925031E-16,-1.,0.));
#9585=DIRECTION('',(0.,0.,1.));
#9586=DIRECTION('center_axis',(2.22044604925031E-16,1.,0.));
#9587=DIRECTION('ref_axis',(-1.,2.22044604925031E-16,0.));
#9588=DIRECTION('',(-1.,2.22044604925031E-16,0.));
#9589=DIRECTION('',(-1.,2.22044604925031E-16,0.));
#9590=DIRECTION('',(0.,0.,1.));
#9591=DIRECTION('center_axis',(1.,-2.22044604925031E-16,0.));
#9592=DIRECTION('ref_axis',(2.22044604925031E-16,1.,0.));
#9593=DIRECTION('',(2.22044604925031E-16,1.,0.));
#9594=DIRECTION('',(2.22044604925031E-16,1.,0.));
#9595=DIRECTION('',(0.,0.,1.));
#9596=DIRECTION('center_axis',(-2.22044604925031E-16,-1.,0.));
#9597=DIRECTION('ref_axis',(1.,-2.22044604925031E-16,0.));
#9598=DIRECTION('',(1.,-2.22044604925031E-16,0.));
#9599=DIRECTION('',(1.,-2.22044604925031E-16,0.));
#9600=DIRECTION('',(0.,0.,1.));
#9601=DIRECTION('center_axis',(-1.,2.22044604925031E-16,0.));
#9602=DIRECTION('ref_axis',(-2.22044604925031E-16,-1.,0.));
#9603=DIRECTION('',(-2.22044604925031E-16,-1.,0.));
#9604=DIRECTION('',(-2.22044604925031E-16,-1.,0.));
#9605=DIRECTION('center_axis',(0.,0.,1.));
#9606=DIRECTION('ref_axis',(-2.22044604925031E-16,-1.,0.));
#9607=DIRECTION('center_axis',(0.,0.,1.));
#9608=DIRECTION('ref_axis',(-2.22044604925031E-16,-1.,0.));
#9609=DIRECTION('',(0.,0.,1.));
#9610=DIRECTION('',(-2.22044604925031E-16,-1.,0.));
#9611=DIRECTION('',(0.,0.,1.));
#9612=DIRECTION('',(-2.22044604925031E-16,-1.,0.));
#9613=DIRECTION('',(0.,0.,1.));
#9614=DIRECTION('',(-2.22044604925031E-16,-1.,0.));
#9615=DIRECTION('',(0.,0.,1.));
#9616=DIRECTION('',(-2.22044604925031E-16,-1.,0.));
#9617=CARTESIAN_POINT('',(0.,0.,0.));
#9618=CARTESIAN_POINT('',(0.,0.,0.));
#9619=CARTESIAN_POINT('Origin',(-1.08814084730271,1.33535753300873,0.96));
#9620=CARTESIAN_POINT('',(-1.07540157317854,1.92580617717967,0.96));
#9621=CARTESIAN_POINT('',(-0.90523997603289,1.89690820908103,0.96));
#9622=CARTESIAN_POINT('Origin',(-1.08814084730271,1.33535753300873,0.96));
#9623=CARTESIAN_POINT('',(-1.07540157317854,1.92580617717967,0.97));
#9624=CARTESIAN_POINT('',(-1.07540157317854,1.92580617717967,0.96));
#9625=CARTESIAN_POINT('',(-0.90523997603289,1.89690820908103,0.97));
#9626=CARTESIAN_POINT('Origin',(-1.08814084730271,1.33535753300873,0.97));
#9627=CARTESIAN_POINT('',(-0.90523997603289,1.89690820908103,0.96));
#9628=CARTESIAN_POINT('Origin',(-0.774167224057365,1.33274203507557,0.96));
#9629=CARTESIAN_POINT('',(-0.774167224057365,1.33274203507557,0.96));
#9630=CARTESIAN_POINT('',(-0.90523997603289,1.89690820908103,0.96));
#9631=CARTESIAN_POINT('',(-0.774167224057365,1.33274203507557,0.97));
#9632=CARTESIAN_POINT('',(-0.90523997603289,1.89690820908103,0.97));
#9633=CARTESIAN_POINT('',(-0.774167224057365,1.33274203507557,0.96));
#9634=CARTESIAN_POINT('Origin',(-1.08101832664002,1.8273752560094,0.96));
#9635=CARTESIAN_POINT('',(-1.11426963163256,1.24624362451456,0.96));
#9636=CARTESIAN_POINT('Origin',(-1.08101832664002,1.8273752560094,0.96));
#9637=CARTESIAN_POINT('',(-1.11426963163256,1.24624362451456,0.97));
#9638=CARTESIAN_POINT('Origin',(-1.08101832664002,1.8273752560094,0.97));
#9639=CARTESIAN_POINT('',(-1.11426963163256,1.24624362451456,0.96));
#9640=CARTESIAN_POINT('Origin',(-1.10623375498798,1.81449492519931,0.96));
#9641=CARTESIAN_POINT('',(-1.36627286154995,1.30916950618517,0.96));
#9642=CARTESIAN_POINT('Origin',(-1.10623375498798,1.81449492519931,0.96));
#9643=CARTESIAN_POINT('',(-1.36627286154995,1.30916950618517,0.97));
#9644=CARTESIAN_POINT('Origin',(-1.10623375498798,1.81449492519931,0.97));
#9645=CARTESIAN_POINT('',(-1.36627286154995,1.30916950618517,0.96));
#9646=CARTESIAN_POINT('Origin',(-1.1270572932747,1.79450736051266,0.96));
#9647=CARTESIAN_POINT('',(-1.46837842383537,1.37465404472101,0.96));
#9648=CARTESIAN_POINT('Origin',(-1.1270572932747,1.79450736051266,0.96));
#9649=CARTESIAN_POINT('',(-1.46837842383537,1.37465404472101,0.97));
#9650=CARTESIAN_POINT('Origin',(-1.1270572932747,1.79450736051266,0.97));
#9651=CARTESIAN_POINT('',(-1.46837842383537,1.37465404472101,0.96));
#9652=CARTESIAN_POINT('Origin',(-1.23839192372225,1.64590656891971,0.96));
#9653=CARTESIAN_POINT('',(-1.55792555446714,1.4897976936389,0.96));
#9654=CARTESIAN_POINT('Origin',(-1.23839192372225,1.64590656891971,0.96));
#9655=CARTESIAN_POINT('',(-1.55792555446714,1.4897976936389,0.97));
#9656=CARTESIAN_POINT('Origin',(-1.23839192372225,1.64590656891971,0.97));
#9657=CARTESIAN_POINT('',(-1.55792555446714,1.4897976936389,0.96));
#9658=CARTESIAN_POINT('Origin',(-1.31650663690087,1.59319064671186,0.96));
#9659=CARTESIAN_POINT('',(-1.57867428378313,1.57765612283,0.96));
#9660=CARTESIAN_POINT('Origin',(-1.31650663690087,1.59319064671186,0.96));
#9661=CARTESIAN_POINT('',(-1.57867428378313,1.57765612283,0.97));
#9662=CARTESIAN_POINT('Origin',(-1.31650663690087,1.59319064671186,0.97));
#9663=CARTESIAN_POINT('',(-1.57867428378313,1.57765612283,0.96));
#9664=CARTESIAN_POINT('Origin',(-1.31259652952797,1.57650596077473,0.96));
#9665=CARTESIAN_POINT('',(-1.54982635640901,1.69700784217172,0.96));
#9666=CARTESIAN_POINT('Origin',(-1.31259652952797,1.57650596077473,0.96));
#9667=CARTESIAN_POINT('',(-1.54982635640901,1.69700784217172,0.97));
#9668=CARTESIAN_POINT('Origin',(-1.31259652952797,1.57650596077473,0.97));
#9669=CARTESIAN_POINT('',(-1.54982635640901,1.69700784217172,0.96));
#9670=CARTESIAN_POINT('Origin',(-1.25240110466357,1.53364193144208,0.96));
#9671=CARTESIAN_POINT('',(-1.48921824450159,1.77668070086643,0.96));
#9672=CARTESIAN_POINT('Origin',(-1.25240110466357,1.53364193144208,0.96));
#9673=CARTESIAN_POINT('',(-1.48921824450159,1.77668070086643,0.97));
#9674=CARTESIAN_POINT('Origin',(-1.25240110466357,1.53364193144208,0.97));
#9675=CARTESIAN_POINT('',(-1.48921824450159,1.77668070086643,0.96));
#9676=CARTESIAN_POINT('Origin',(-1.2407156159684,1.519024271876,0.96));
#9677=CARTESIAN_POINT('',(-1.38550033078053,1.84640444559575,0.96));
#9678=CARTESIAN_POINT('Origin',(-1.2407156159684,1.519024271876,0.96));
#9679=CARTESIAN_POINT('',(-1.38550033078053,1.84640444559575,0.97));
#9680=CARTESIAN_POINT('Origin',(-1.2407156159684,1.519024271876,0.97));
#9681=CARTESIAN_POINT('',(-1.38550033078053,1.84640444559575,0.96));
#9682=CARTESIAN_POINT('Origin',(-1.22805998029235,1.87676751314501,0.96));
#9683=CARTESIAN_POINT('',(-1.36283948260763,1.78991208390487,0.96));
#9684=CARTESIAN_POINT('Origin',(-1.22805998029235,1.87676751314501,0.96));
#9685=CARTESIAN_POINT('',(-1.36283948260763,1.78991208390487,0.97));
#9686=CARTESIAN_POINT('Origin',(-1.22805998029235,1.87676751314501,0.97));
#9687=CARTESIAN_POINT('',(-1.36283948260763,1.78991208390487,0.96));
#9688=CARTESIAN_POINT('Origin',(-1.0267072613982,1.41631375097162,0.96));
#9689=CARTESIAN_POINT('',(-1.41332159346574,1.73738997672753,0.96));
#9690=CARTESIAN_POINT('Origin',(-1.0267072613982,1.41631375097162,0.96));
#9691=CARTESIAN_POINT('',(-1.41332159346574,1.73738997672753,0.97));
#9692=CARTESIAN_POINT('Origin',(-1.0267072613982,1.41631375097162,0.97));
#9693=CARTESIAN_POINT('',(-1.41332159346574,1.73738997672753,0.96));
#9694=CARTESIAN_POINT('Origin',(-1.15959328658623,1.55901174557724,0.96));
#9695=CARTESIAN_POINT('',(-1.45584328966405,1.65084192981228,0.96));
#9696=CARTESIAN_POINT('Origin',(-1.15959328658623,1.55901174557724,0.96));
#9697=CARTESIAN_POINT('',(-1.45584328966405,1.65084192981228,0.97));
#9698=CARTESIAN_POINT('Origin',(-1.15959328658623,1.55901174557724,0.97));
#9699=CARTESIAN_POINT('',(-1.45584328966405,1.65084192981228,0.96));
#9700=CARTESIAN_POINT('Origin',(-1.25705298514853,1.5892218450928,0.96));
#9701=CARTESIAN_POINT('',(-1.4514517937643,1.51490009041102,0.96));
#9702=CARTESIAN_POINT('Origin',(-1.25705298514853,1.5892218450928,0.96));
#9703=CARTESIAN_POINT('',(-1.4514517937643,1.51490009041102,0.97));
#9704=CARTESIAN_POINT('Origin',(-1.25705298514853,1.5892218450928,0.97));
#9705=CARTESIAN_POINT('',(-1.4514517937643,1.51490009041102,0.96));
#9706=CARTESIAN_POINT('Origin',(-1.18849396921414,1.60815404646498,0.96));
#9707=CARTESIAN_POINT('',(-1.36026661185406,1.38829664483301,0.96));
#9708=CARTESIAN_POINT('Origin',(-1.18849396921414,1.60815404646498,0.96));
#9709=CARTESIAN_POINT('',(-1.36026661185406,1.38829664483301,0.97));
#9710=CARTESIAN_POINT('Origin',(-1.18849396921414,1.60815404646498,0.97));
#9711=CARTESIAN_POINT('',(-1.36026661185406,1.38829664483301,0.96));
#9712=CARTESIAN_POINT('Origin',(-1.06559507030807,1.75991033839733,0.96));
#9713=CARTESIAN_POINT('',(-1.11536163165666,1.28826285985733,0.96));
#9714=CARTESIAN_POINT('Origin',(-1.06559507030807,1.75991033839733,0.96));
#9715=CARTESIAN_POINT('',(-1.11536163165666,1.28826285985733,0.97));
#9716=CARTESIAN_POINT('Origin',(-1.06559507030807,1.75991033839733,0.97));
#9717=CARTESIAN_POINT('',(-1.11536163165666,1.28826285985733,0.96));
#9718=CARTESIAN_POINT('Origin',(-1.03045566557321,1.78263105048238,0.96));
#9719=CARTESIAN_POINT('',(-0.826756352066164,1.3242474549478,0.96));
#9720=CARTESIAN_POINT('Origin',(-1.03045566557321,1.78263105048238,0.96));
#9721=CARTESIAN_POINT('',(-0.826756352066164,1.3242474549478,0.97));
#9722=CARTESIAN_POINT('Origin',(-1.03045566557321,1.78263105048238,0.97));
#9723=CARTESIAN_POINT('',(-0.826756352066164,1.3242474549478,0.96));
#9724=CARTESIAN_POINT('Origin',(-0.958614870112589,1.89403443304245,0.96));
#9725=CARTESIAN_POINT('',(-0.958614870112589,1.89403443304245,0.96));
#9726=CARTESIAN_POINT('',(-0.826756352066164,1.3242474549478,0.96));
#9727=CARTESIAN_POINT('',(-0.958614870112589,1.89403443304245,0.97));
#9728=CARTESIAN_POINT('',(-0.826756352066164,1.3242474549478,0.97));
#9729=CARTESIAN_POINT('',(-0.958614870112589,1.89403443304245,0.96));
#9730=CARTESIAN_POINT('Origin',(-0.938000285462216,0.883420109347468,0.96));
#9731=CARTESIAN_POINT('',(-1.0679761705694,1.88585341967209,0.96));
#9732=CARTESIAN_POINT('Origin',(-0.938000285462216,0.883420109347468,0.96));
#9733=CARTESIAN_POINT('',(-1.0679761705694,1.88585341967209,0.97));
#9734=CARTESIAN_POINT('Origin',(-0.938000285462216,0.883420109347468,0.97));
#9735=CARTESIAN_POINT('',(-1.0679761705694,1.88585341967209,0.96));
#9736=CARTESIAN_POINT('Origin',(-1.22805998029237,1.87676751314499,0.96));
#9737=CARTESIAN_POINT('Origin',(-1.22805998029237,1.87676751314499,0.96));
#9738=CARTESIAN_POINT('Origin',(-1.22805998029237,1.87676751314499,0.97));
#9739=CARTESIAN_POINT('Origin',(-1.11005278658831,1.53953526002737,0.96));
#9740=CARTESIAN_POINT('Origin',(-1.11005278658831,1.53953526002737,0.97));
#9741=CARTESIAN_POINT('Origin',(1.77402183747069,1.2474014348644,0.96));
#9742=CARTESIAN_POINT('',(1.77402183747067,1.58163420154978,0.96));
#9743=CARTESIAN_POINT('',(1.77402183747069,1.2474014348644,0.96));
#9744=CARTESIAN_POINT('',(1.77402183747067,1.58163420154978,0.96));
#9745=CARTESIAN_POINT('',(1.77402183747067,1.58163420154978,0.97));
#9746=CARTESIAN_POINT('',(1.77402183747067,1.58163420154978,0.96));
#9747=CARTESIAN_POINT('',(1.77402183747069,1.2474014348644,0.97));
#9748=CARTESIAN_POINT('',(1.77402183747067,1.58163420154978,0.97));
#9749=CARTESIAN_POINT('',(1.77402183747069,1.2474014348644,0.96));
#9750=CARTESIAN_POINT('Origin',(1.68900269641002,1.2474014348644,0.96));
#9751=CARTESIAN_POINT('',(1.68900269641002,1.2474014348644,0.96));
#9752=CARTESIAN_POINT('',(1.77402183747069,1.2474014348644,0.96));
#9753=CARTESIAN_POINT('',(1.68900269641002,1.2474014348644,0.97));
#9754=CARTESIAN_POINT('',(1.77402183747069,1.2474014348644,0.97));
#9755=CARTESIAN_POINT('',(1.68900269641002,1.2474014348644,0.96));
#9756=CARTESIAN_POINT('Origin',(1.68900269641002,1.7015265568588,0.96));
#9757=CARTESIAN_POINT('',(1.68900269641002,1.7015265568588,0.96));
#9758=CARTESIAN_POINT('',(1.68900269641002,1.2474014348644,0.96));
#9759=CARTESIAN_POINT('',(1.68900269641002,1.7015265568588,0.97));
#9760=CARTESIAN_POINT('',(1.68900269641002,1.2474014348644,0.97));
#9761=CARTESIAN_POINT('',(1.68900269641002,1.7015265568588,0.96));
#9762=CARTESIAN_POINT('Origin',(1.77176558495465,1.7015265568588,0.96));
#9763=CARTESIAN_POINT('',(1.77176558495465,1.7015265568588,0.96));
#9764=CARTESIAN_POINT('',(1.68900269641002,1.7015265568588,0.96));
#9765=CARTESIAN_POINT('',(1.77176558495465,1.7015265568588,0.97));
#9766=CARTESIAN_POINT('',(1.68900269641002,1.7015265568588,0.97));
#9767=CARTESIAN_POINT('',(1.77176558495465,1.7015265568588,0.96));
#9768=CARTESIAN_POINT('Origin',(1.77176558495465,1.65858697106766,0.96));
#9769=CARTESIAN_POINT('',(1.77176558495465,1.65858697106766,0.96));
#9770=CARTESIAN_POINT('',(1.77176558495465,1.7015265568588,0.96));
#9771=CARTESIAN_POINT('',(1.77176558495465,1.65858697106766,0.97));
#9772=CARTESIAN_POINT('',(1.77176558495465,1.7015265568588,0.97));
#9773=CARTESIAN_POINT('',(1.77176558495465,1.65858697106766,0.96));
#9774=CARTESIAN_POINT('Origin',(1.87173928424263,1.58260936807869,0.96));
#9775=CARTESIAN_POINT('',(1.86272062831587,1.70785313259632,0.96));
#9776=CARTESIAN_POINT('Origin',(1.87173928424263,1.58260936807869,0.96));
#9777=CARTESIAN_POINT('',(1.86272062831587,1.70785313259632,0.97));
#9778=CARTESIAN_POINT('Origin',(1.87173928424263,1.58260936807869,0.97));
#9779=CARTESIAN_POINT('',(1.86272062831587,1.70785313259632,0.96));
#9780=CARTESIAN_POINT('Origin',(1.87063510968982,1.59766834138848,0.96));
#9781=CARTESIAN_POINT('',(1.9056849663868,1.7024291870058,0.96));
#9782=CARTESIAN_POINT('Origin',(1.87063510968982,1.59766834138848,0.96));
#9783=CARTESIAN_POINT('',(1.9056849663868,1.7024291870058,0.97));
#9784=CARTESIAN_POINT('Origin',(1.87063510968982,1.59766834138848,0.97));
#9785=CARTESIAN_POINT('',(1.9056849663868,1.7024291870058,0.96));
#9786=CARTESIAN_POINT('Origin',(1.88061694259534,1.62474862493545,0.96));
#9787=CARTESIAN_POINT('',(1.93915192515812,1.68163738794493,0.96));
#9788=CARTESIAN_POINT('Origin',(1.88061694259534,1.62474862493545,0.96));
#9789=CARTESIAN_POINT('',(1.93915192515812,1.68163738794493,0.97));
#9790=CARTESIAN_POINT('Origin',(1.88061694259534,1.62474862493545,0.97));
#9791=CARTESIAN_POINT('',(1.93915192515812,1.68163738794493,0.96));
#9792=CARTESIAN_POINT('Origin',(1.85806837247773,1.60708660982086,0.96));
#9793=CARTESIAN_POINT('',(1.96672614189264,1.62513793054692,0.96));
#9794=CARTESIAN_POINT('Origin',(1.85806837247773,1.60708660982086,0.96));
#9795=CARTESIAN_POINT('',(1.96672614189264,1.62513793054692,0.97));
#9796=CARTESIAN_POINT('Origin',(1.85806837247773,1.60708660982086,0.97));
#9797=CARTESIAN_POINT('',(1.96672614189264,1.62513793054692,0.96));
#9798=CARTESIAN_POINT('Origin',(1.96672614189263,1.24778070465164,0.96));
#9799=CARTESIAN_POINT('',(1.96672614189263,1.24778070465164,0.96));
#9800=CARTESIAN_POINT('',(1.96672614189264,1.62513793054692,0.96));
#9801=CARTESIAN_POINT('',(1.96672614189263,1.24778070465164,0.97));
#9802=CARTESIAN_POINT('',(1.96672614189264,1.62513793054692,0.97));
#9803=CARTESIAN_POINT('',(1.96672614189263,1.24778070465164,0.96));
#9804=CARTESIAN_POINT('Origin',(1.88360960838497,1.24778070465164,0.96));
#9805=CARTESIAN_POINT('',(1.88360960838497,1.24778070465164,0.96));
#9806=CARTESIAN_POINT('',(1.96672614189263,1.24778070465164,0.96));
#9807=CARTESIAN_POINT('',(1.88360960838497,1.24778070465164,0.97));
#9808=CARTESIAN_POINT('',(1.96672614189263,1.24778070465164,0.97));
#9809=CARTESIAN_POINT('',(1.88360960838497,1.24778070465164,0.96));
#9810=CARTESIAN_POINT('Origin',(1.88360960838497,1.57832566089648,0.96));
#9811=CARTESIAN_POINT('',(1.88360960838497,1.57832566089648,0.96));
#9812=CARTESIAN_POINT('',(1.88360960838497,1.24778070465164,0.96));
#9813=CARTESIAN_POINT('',(1.88360960838497,1.57832566089648,0.97));
#9814=CARTESIAN_POINT('',(1.88360960838497,1.24778070465164,0.97));
#9815=CARTESIAN_POINT('',(1.88360960838497,1.57832566089648,0.96));
#9816=CARTESIAN_POINT('Origin',(1.82876577921073,1.57832566089649,0.96));
#9817=CARTESIAN_POINT('Origin',(1.82876577921073,1.57832566089649,0.96));
#9818=CARTESIAN_POINT('Origin',(1.82876577921073,1.57832566089649,0.97));
#9819=CARTESIAN_POINT('Origin',(1.82269855397086,1.47086826441709,0.96));
#9820=CARTESIAN_POINT('Origin',(1.82269855397086,1.47086826441709,0.97));
#9821=CARTESIAN_POINT('Origin',(-0.0895580413797318,1.24916965044601,0.96));
#9822=CARTESIAN_POINT('',(-0.0895580413797319,1.58340241713139,0.96));
#9823=CARTESIAN_POINT('',(-0.0895580413797318,1.24916965044601,0.96));
#9824=CARTESIAN_POINT('',(-0.0895580413797319,1.58340241713139,0.96));
#9825=CARTESIAN_POINT('',(-0.0895580413797319,1.58340241713139,0.97));
#9826=CARTESIAN_POINT('',(-0.0895580413797319,1.58340241713139,0.96));
#9827=CARTESIAN_POINT('',(-0.0895580413797318,1.24916965044601,0.97));
#9828=CARTESIAN_POINT('',(-0.0895580413797319,1.58340241713139,0.97));
#9829=CARTESIAN_POINT('',(-0.0895580413797318,1.24916965044601,0.96));
#9830=CARTESIAN_POINT('Origin',(-0.174577182440391,1.24916965044601,0.96));
#9831=CARTESIAN_POINT('',(-0.174577182440391,1.24916965044601,0.96));
#9832=CARTESIAN_POINT('',(-0.0895580413797318,1.24916965044601,0.96));
#9833=CARTESIAN_POINT('',(-0.174577182440391,1.24916965044601,0.97));
#9834=CARTESIAN_POINT('',(-0.0895580413797318,1.24916965044601,0.97));
#9835=CARTESIAN_POINT('',(-0.174577182440391,1.24916965044601,0.96));
#9836=CARTESIAN_POINT('Origin',(-0.174577182440391,1.70329477244041,0.96));
#9837=CARTESIAN_POINT('',(-0.174577182440391,1.70329477244041,0.96));
#9838=CARTESIAN_POINT('',(-0.174577182440391,1.24916965044601,0.96));
#9839=CARTESIAN_POINT('',(-0.174577182440391,1.70329477244041,0.97));
#9840=CARTESIAN_POINT('',(-0.174577182440391,1.24916965044601,0.97));
#9841=CARTESIAN_POINT('',(-0.174577182440391,1.70329477244041,0.96));
#9842=CARTESIAN_POINT('Origin',(-0.0918142938957622,1.70329477244041,0.96));
#9843=CARTESIAN_POINT('',(-0.0918142938957622,1.70329477244041,0.96));
#9844=CARTESIAN_POINT('',(-0.174577182440391,1.70329477244041,0.96));
#9845=CARTESIAN_POINT('',(-0.0918142938957622,1.70329477244041,0.97));
#9846=CARTESIAN_POINT('',(-0.174577182440391,1.70329477244041,0.97));
#9847=CARTESIAN_POINT('',(-0.0918142938957622,1.70329477244041,0.96));
#9848=CARTESIAN_POINT('Origin',(-0.0918142938957622,1.66035518664927,0.96));
#9849=CARTESIAN_POINT('',(-0.0918142938957622,1.66035518664927,0.96));
#9850=CARTESIAN_POINT('',(-0.0918142938957622,1.70329477244041,0.96));
#9851=CARTESIAN_POINT('',(-0.0918142938957622,1.66035518664927,0.97));
#9852=CARTESIAN_POINT('',(-0.0918142938957622,1.70329477244041,0.97));
#9853=CARTESIAN_POINT('',(-0.0918142938957622,1.66035518664927,0.96));
#9854=CARTESIAN_POINT('Origin',(0.00815940539221838,1.5843775836603,0.96));
#9855=CARTESIAN_POINT('',(-0.00102301594232553,1.70960944799086,0.96));
#9856=CARTESIAN_POINT('Origin',(0.00815940539221838,1.5843775836603,0.96));
#9857=CARTESIAN_POINT('',(-0.00102301594232553,1.70960944799086,0.97));
#9858=CARTESIAN_POINT('Origin',(0.00815940539221838,1.5843775836603,0.97));
#9859=CARTESIAN_POINT('',(-0.00102301594232553,1.70960944799086,0.96));
#9860=CARTESIAN_POINT('Origin',(0.00705523191244875,1.59943654233557,0.96));
#9861=CARTESIAN_POINT('',(0.0421050886093701,1.7041973879529,0.96));
#9862=CARTESIAN_POINT('Origin',(0.00705523191244875,1.59943654233557,0.96));
#9863=CARTESIAN_POINT('',(0.0421050886093701,1.7041973879529,0.97));
#9864=CARTESIAN_POINT('Origin',(0.00705523191244875,1.59943654233557,0.97));
#9865=CARTESIAN_POINT('',(0.0421050886093701,1.7041973879529,0.96));
#9866=CARTESIAN_POINT('Origin',(0.0170370648179779,1.62651682588253,0.96));
#9867=CARTESIAN_POINT('',(0.0755720473807695,1.683405588892,0.96));
#9868=CARTESIAN_POINT('Origin',(0.0170370648179779,1.62651682588253,0.96));
#9869=CARTESIAN_POINT('',(0.0755720473807695,1.683405588892,0.97));
#9870=CARTESIAN_POINT('Origin',(0.0170370648179779,1.62651682588253,0.97));
#9871=CARTESIAN_POINT('',(0.0755720473807695,1.683405588892,0.96));
#9872=CARTESIAN_POINT('Origin',(-0.00551150529963325,1.60885481076794,0.96));
#9873=CARTESIAN_POINT('',(0.103146264115272,1.62690613149401,0.96));
#9874=CARTESIAN_POINT('Origin',(-0.00551150529963325,1.60885481076794,0.96));
#9875=CARTESIAN_POINT('',(0.103146264115272,1.62690613149401,0.97));
#9876=CARTESIAN_POINT('Origin',(-0.00551150529963325,1.60885481076794,0.97));
#9877=CARTESIAN_POINT('',(0.103146264115272,1.62690613149401,0.96));
#9878=CARTESIAN_POINT('Origin',(0.103146264115267,1.24954892023325,0.96));
#9879=CARTESIAN_POINT('',(0.103146264115267,1.24954892023325,0.96));
#9880=CARTESIAN_POINT('',(0.103146264115272,1.62690613149401,0.96));
#9881=CARTESIAN_POINT('',(0.103146264115267,1.24954892023325,0.97));
#9882=CARTESIAN_POINT('',(0.103146264115272,1.62690613149401,0.97));
#9883=CARTESIAN_POINT('',(0.103146264115267,1.24954892023325,0.96));
#9884=CARTESIAN_POINT('Origin',(0.0200297295345467,1.24954892023325,0.96));
#9885=CARTESIAN_POINT('',(0.0200297295345467,1.24954892023325,0.96));
#9886=CARTESIAN_POINT('',(0.103146264115267,1.24954892023325,0.96));
#9887=CARTESIAN_POINT('',(0.0200297295345467,1.24954892023325,0.97));
#9888=CARTESIAN_POINT('',(0.103146264115267,1.24954892023325,0.97));
#9889=CARTESIAN_POINT('',(0.0200297295345467,1.24954892023325,0.96));
#9890=CARTESIAN_POINT('Origin',(0.020029729534546,1.58009387647809,0.96));
#9891=CARTESIAN_POINT('',(0.020029729534546,1.58009387647809,0.96));
#9892=CARTESIAN_POINT('',(0.0200297295345467,1.24954892023325,0.96));
#9893=CARTESIAN_POINT('',(0.020029729534546,1.58009387647809,0.97));
#9894=CARTESIAN_POINT('',(0.0200297295345467,1.24954892023325,0.97));
#9895=CARTESIAN_POINT('',(0.020029729534546,1.58009387647809,0.96));
#9896=CARTESIAN_POINT('Origin',(-0.0348140996396863,1.58009387647804,0.96));
#9897=CARTESIAN_POINT('Origin',(-0.0348140996396863,1.58009387647804,0.96));
#9898=CARTESIAN_POINT('Origin',(-0.0348140996396863,1.58009387647804,0.97));
#9899=CARTESIAN_POINT('Origin',(-0.0408813255572197,1.47263647804775,0.96));
#9900=CARTESIAN_POINT('Origin',(-0.0408813255572197,1.47263647804775,0.97));
#9901=CARTESIAN_POINT('Origin',(0.315077149955288,1.87661741320176,0.96));
#9902=CARTESIAN_POINT('',(0.235427345575314,1.94554686814776,0.96));
#9903=CARTESIAN_POINT('',(0.209754433791254,1.87819429517268,0.96));
#9904=CARTESIAN_POINT('Origin',(0.315077149955288,1.87661741320176,0.96));
#9905=CARTESIAN_POINT('',(0.209754433791254,1.87819429517268,0.97));
#9906=CARTESIAN_POINT('',(0.209754433791254,1.87819429517268,0.96));
#9907=CARTESIAN_POINT('',(0.235427345575314,1.94554686814776,0.97));
#9908=CARTESIAN_POINT('Origin',(0.315077149955288,1.87661741320176,0.97));
#9909=CARTESIAN_POINT('',(0.235427345575314,1.94554686814776,0.96));
#9910=CARTESIAN_POINT('Origin',(0.308532169347532,1.88151991423156,0.96));
#9911=CARTESIAN_POINT('',(0.309950115200726,1.97868861040533,0.96));
#9912=CARTESIAN_POINT('Origin',(0.308532169347532,1.88151991423156,0.96));
#9913=CARTESIAN_POINT('',(0.309950115200726,1.97868861040533,0.97));
#9914=CARTESIAN_POINT('Origin',(0.308532169347532,1.88151991423156,0.97));
#9915=CARTESIAN_POINT('',(0.309950115200726,1.97868861040533,0.96));
#9916=CARTESIAN_POINT('Origin',(0.301985244121936,1.83130873279858,0.96));
#9917=CARTESIAN_POINT('',(0.363435355650408,1.9655031860663,0.96));
#9918=CARTESIAN_POINT('Origin',(0.301985244121936,1.83130873279858,0.96));
#9919=CARTESIAN_POINT('',(0.363435355650408,1.9655031860663,0.97));
#9920=CARTESIAN_POINT('Origin',(0.301985244121936,1.83130873279858,0.97));
#9921=CARTESIAN_POINT('',(0.363435355650408,1.9655031860663,0.96));
#9922=CARTESIAN_POINT('Origin',(0.363435355650408,1.88995426823182,0.96));
#9923=CARTESIAN_POINT('',(0.363435355650408,1.88995426823182,0.96));
#9924=CARTESIAN_POINT('',(0.363435355650408,1.88995426823182,0.96));
#9925=CARTESIAN_POINT('',(0.363435355650408,1.88995426823182,0.97));
#9926=CARTESIAN_POINT('',(0.363435355650408,1.88995426823182,0.97));
#9927=CARTESIAN_POINT('',(0.363435355650408,1.88995426823182,0.96));
#9928=CARTESIAN_POINT('Origin',(0.334649710362123,1.84047567466184,0.96));
#9929=CARTESIAN_POINT('',(0.339698297998447,1.89749546385125,0.96));
#9930=CARTESIAN_POINT('Origin',(0.334649710362123,1.84047567466184,0.96));
#9931=CARTESIAN_POINT('',(0.339698297998447,1.89749546385125,0.97));
#9932=CARTESIAN_POINT('Origin',(0.334649710362123,1.84047567466184,0.97));
#9933=CARTESIAN_POINT('',(0.339698297998447,1.89749546385125,0.96));
#9934=CARTESIAN_POINT('Origin',(0.33183653997277,1.84000986145639,0.96));
#9935=CARTESIAN_POINT('',(0.3214469236756,1.8970927625315,0.96));
#9936=CARTESIAN_POINT('Origin',(0.33183653997277,1.84000986145639,0.96));
#9937=CARTESIAN_POINT('',(0.3214469236756,1.8970927625315,0.97));
#9938=CARTESIAN_POINT('Origin',(0.33183653997277,1.84000986145639,0.97));
#9939=CARTESIAN_POINT('',(0.3214469236756,1.8970927625315,0.96));
#9940=CARTESIAN_POINT('Origin',(0.329674130488752,1.86204218843988,0.96));
#9941=CARTESIAN_POINT('',(0.299329788415687,1.8814187356104,0.96));
#9942=CARTESIAN_POINT('Origin',(0.329674130488752,1.86204218843988,0.96));
#9943=CARTESIAN_POINT('',(0.299329788415687,1.8814187356104,0.97));
#9944=CARTESIAN_POINT('Origin',(0.329674130488752,1.86204218843988,0.97));
#9945=CARTESIAN_POINT('',(0.299329788415687,1.8814187356104,0.96));
#9946=CARTESIAN_POINT('Origin',(0.329541746865448,1.86386439961228,0.96));
#9947=CARTESIAN_POINT('',(0.294844632352858,1.86799082545137,0.96));
#9948=CARTESIAN_POINT('Origin',(0.329541746865448,1.86386439961228,0.96));
#9949=CARTESIAN_POINT('',(0.294844632352858,1.86799082545137,0.97));
#9950=CARTESIAN_POINT('Origin',(0.329541746865448,1.86386439961228,0.97));
#9951=CARTESIAN_POINT('',(0.294844632352858,1.86799082545137,0.96));
#9952=CARTESIAN_POINT('Origin',(0.294844632352858,1.7034701390461,0.96));
#9953=CARTESIAN_POINT('',(0.294844632352858,1.7034701390461,0.96));
#9954=CARTESIAN_POINT('',(0.294844632352858,1.7034701390461,0.96));
#9955=CARTESIAN_POINT('',(0.294844632352858,1.7034701390461,0.97));
#9956=CARTESIAN_POINT('',(0.294844632352858,1.7034701390461,0.97));
#9957=CARTESIAN_POINT('',(0.294844632352858,1.7034701390461,0.96));
#9958=CARTESIAN_POINT('Origin',(0.35921647168409,1.7034701390461,0.96));
#9959=CARTESIAN_POINT('',(0.35921647168409,1.7034701390461,0.96));
#9960=CARTESIAN_POINT('',(0.35921647168409,1.7034701390461,0.96));
#9961=CARTESIAN_POINT('',(0.35921647168409,1.7034701390461,0.97));
#9962=CARTESIAN_POINT('',(0.35921647168409,1.7034701390461,0.97));
#9963=CARTESIAN_POINT('',(0.35921647168409,1.7034701390461,0.96));
#9964=CARTESIAN_POINT('Origin',(0.35921647168409,1.63739894221527,0.96));
#9965=CARTESIAN_POINT('',(0.35921647168409,1.63739894221527,0.96));
#9966=CARTESIAN_POINT('',(0.35921647168409,1.63739894221527,0.96));
#9967=CARTESIAN_POINT('',(0.35921647168409,1.63739894221527,0.97));
#9968=CARTESIAN_POINT('',(0.35921647168409,1.63739894221527,0.97));
#9969=CARTESIAN_POINT('',(0.35921647168409,1.63739894221527,0.96));
#9970=CARTESIAN_POINT('Origin',(0.294844632352858,1.63739894221527,0.96));
#9971=CARTESIAN_POINT('',(0.294844632352858,1.63739894221527,0.96));
#9972=CARTESIAN_POINT('',(0.294844632352858,1.63739894221527,0.96));
#9973=CARTESIAN_POINT('',(0.294844632352858,1.63739894221527,0.97));
#9974=CARTESIAN_POINT('',(0.294844632352858,1.63739894221527,0.97));
#9975=CARTESIAN_POINT('',(0.294844632352858,1.63739894221527,0.96));
#9976=CARTESIAN_POINT('Origin',(0.294844632352858,1.24955053614421,0.96));
#9977=CARTESIAN_POINT('',(0.294844632352858,1.24955053614421,0.96));
#9978=CARTESIAN_POINT('',(0.294844632352858,1.24955053614421,0.96));
#9979=CARTESIAN_POINT('',(0.294844632352858,1.24955053614421,0.97));
#9980=CARTESIAN_POINT('',(0.294844632352858,1.24955053614421,0.97));
#9981=CARTESIAN_POINT('',(0.294844632352858,1.24955053614421,0.96));
#9982=CARTESIAN_POINT('Origin',(0.210349364972949,1.24955053614421,0.96));
#9983=CARTESIAN_POINT('',(0.210349364972949,1.24955053614421,0.96));
#9984=CARTESIAN_POINT('',(0.210349364972949,1.24955053614421,0.96));
#9985=CARTESIAN_POINT('',(0.210349364972949,1.24955053614421,0.97));
#9986=CARTESIAN_POINT('',(0.210349364972949,1.24955053614421,0.97));
#9987=CARTESIAN_POINT('',(0.210349364972949,1.24955053614421,0.96));
#9988=CARTESIAN_POINT('Origin',(0.210349364972949,1.63767661498357,0.96));
#9989=CARTESIAN_POINT('',(0.210349364972949,1.63767661498357,0.96));
#9990=CARTESIAN_POINT('',(0.210349364972949,1.63767661498357,0.96));
#9991=CARTESIAN_POINT('',(0.210349364972949,1.63767661498357,0.97));
#9992=CARTESIAN_POINT('',(0.210349364972949,1.63767661498357,0.97));
#9993=CARTESIAN_POINT('',(0.210349364972949,1.63767661498357,0.96));
#9994=CARTESIAN_POINT('Origin',(0.164383796212008,1.63767661498357,0.96));
#9995=CARTESIAN_POINT('',(0.164383796212008,1.63767661498357,0.96));
#9996=CARTESIAN_POINT('',(0.164383796212008,1.63767661498357,0.96));
#9997=CARTESIAN_POINT('',(0.164383796212008,1.63767661498357,0.97));
#9998=CARTESIAN_POINT('',(0.164383796212008,1.63767661498357,0.97));
#9999=CARTESIAN_POINT('',(0.164383796212008,1.63767661498357,0.96));
#10000=CARTESIAN_POINT('Origin',(0.164383796212008,1.70311615180082,0.96));
#10001=CARTESIAN_POINT('',(0.164383796212008,1.70311615180082,0.96));
#10002=CARTESIAN_POINT('',(0.164383796212008,1.70311615180082,0.96));
#10003=CARTESIAN_POINT('',(0.164383796212008,1.70311615180082,0.97));
#10004=CARTESIAN_POINT('',(0.164383796212008,1.70311615180082,0.97));
#10005=CARTESIAN_POINT('',(0.164383796212008,1.70311615180082,0.96));
#10006=CARTESIAN_POINT('Origin',(0.209754433791254,1.70311615180082,0.96));
#10007=CARTESIAN_POINT('',(0.209754433791254,1.70311615180082,0.96));
#10008=CARTESIAN_POINT('',(0.209754433791254,1.70311615180082,0.96));
#10009=CARTESIAN_POINT('',(0.209754433791254,1.70311615180082,0.97));
#10010=CARTESIAN_POINT('',(0.209754433791254,1.70311615180082,0.97));
#10011=CARTESIAN_POINT('',(0.209754433791254,1.70311615180082,0.96));
#10012=CARTESIAN_POINT('Origin',(0.209754433791254,1.87819429517268,0.96));
#10013=CARTESIAN_POINT('',(0.209754433791254,1.87819429517268,0.96));
#10014=CARTESIAN_POINT('',(0.209754433791254,1.87819429517268,0.97));
#10015=CARTESIAN_POINT('Origin',(0.263424623896615,1.6200320377312,0.97));
#10016=CARTESIAN_POINT('Origin',(0.263424623896615,1.6200320377312,0.96));
#10017=CARTESIAN_POINT('Origin',(-1.22818163948488,1.87419908540132,0.96));
#10018=CARTESIAN_POINT('',(-1.11562802695172,1.87419908540132,0.97));
#10019=CARTESIAN_POINT('Origin',(-1.22818163948488,1.87419908540132,0.97));
#10020=CARTESIAN_POINT('',(-1.11562802695172,1.87419908540132,0.96));
#10021=CARTESIAN_POINT('Origin',(-1.22818163948488,1.87419908540132,0.96));
#10022=CARTESIAN_POINT('Origin',(-1.22818163948488,1.87419908540132,0.96));
#10023=CARTESIAN_POINT('Origin',(-1.22818163948488,1.87419908540132,0.97));
#10024=CARTESIAN_POINT('Origin',(0.455025768657865,1.84077885789671,0.96));
#10025=CARTESIAN_POINT('',(0.509303570829537,1.84077885789671,0.97));
#10026=CARTESIAN_POINT('Origin',(0.455025768657865,1.84077885789671,0.97));
#10027=CARTESIAN_POINT('',(0.509303570829537,1.84077885789671,0.96));
#10028=CARTESIAN_POINT('Origin',(0.455025768657865,1.84077885789671,0.96));
#10029=CARTESIAN_POINT('Origin',(0.455025768657865,1.84077885789671,0.96));
#10030=CARTESIAN_POINT('Origin',(0.455025768657865,1.84077885789671,0.97));
#10031=CARTESIAN_POINT('Origin',(0.413505971949723,1.70311980472045,0.96));
#10032=CARTESIAN_POINT('',(0.413505971949723,1.70311980472045,0.96));
#10033=CARTESIAN_POINT('',(0.413505971949723,1.2494083927994,0.96));
#10034=CARTESIAN_POINT('',(0.413505971949723,1.70311980472045,0.96));
#10035=CARTESIAN_POINT('',(0.413505971949723,1.2494083927994,0.97));
#10036=CARTESIAN_POINT('',(0.413505971949723,1.2494083927994,0.96));
#10037=CARTESIAN_POINT('',(0.413505971949723,1.70311980472045,0.97));
#10038=CARTESIAN_POINT('',(0.413505971949723,1.70311980472045,0.97));
#10039=CARTESIAN_POINT('',(0.413505971949723,1.70311980472045,0.96));
#10040=CARTESIAN_POINT('Origin',(0.496348462358311,1.70326608430992,0.96));
#10041=CARTESIAN_POINT('',(0.496348462358311,1.70326608430992,0.96));
#10042=CARTESIAN_POINT('',(0.496348462358311,1.70326608430992,0.96));
#10043=CARTESIAN_POINT('',(0.496348462358311,1.70326608430992,0.97));
#10044=CARTESIAN_POINT('',(0.496348462358311,1.70326608430992,0.97));
#10045=CARTESIAN_POINT('',(0.496348462358311,1.70326608430992,0.96));
#10046=CARTESIAN_POINT('Origin',(0.496348462358311,1.2494083927994,0.96));
#10047=CARTESIAN_POINT('',(0.496348462358311,1.2494083927994,0.96));
#10048=CARTESIAN_POINT('',(0.496348462358311,1.2494083927994,0.96));
#10049=CARTESIAN_POINT('',(0.496348462358311,1.2494083927994,0.97));
#10050=CARTESIAN_POINT('',(0.496348462358311,1.2494083927994,0.97));
#10051=CARTESIAN_POINT('',(0.496348462358311,1.2494083927994,0.96));
#10052=CARTESIAN_POINT('Origin',(0.413505971949723,1.2494083927994,0.96));
#10053=CARTESIAN_POINT('',(0.413505971949723,1.2494083927994,0.96));
#10054=CARTESIAN_POINT('',(0.413505971949723,1.2494083927994,0.97));
#10055=CARTESIAN_POINT('Origin',(0.454932862678319,1.47630070094402,0.97));
#10056=CARTESIAN_POINT('Origin',(0.454932862678319,1.47630070094402,0.96));
#10057=CARTESIAN_POINT('Origin',(-0.378454531003497,1.24927361440118,0.96));
#10058=CARTESIAN_POINT('',(-0.288796623186923,1.24927361440118,0.96));
#10059=CARTESIAN_POINT('',(-0.378454531003497,1.24927361440118,0.96));
#10060=CARTESIAN_POINT('',(-0.288796623186923,1.24927361440118,0.96));
#10061=CARTESIAN_POINT('',(-0.288796623186923,1.24927361440118,0.97));
#10062=CARTESIAN_POINT('',(-0.288796623186923,1.24927361440118,0.96));
#10063=CARTESIAN_POINT('',(-0.378454531003497,1.24927361440118,0.97));
#10064=CARTESIAN_POINT('',(-0.288796623186923,1.24927361440118,0.97));
#10065=CARTESIAN_POINT('',(-0.378454531003497,1.24927361440118,0.96));
#10066=CARTESIAN_POINT('Origin',(-0.378189709067955,1.92738282838231,0.96));
#10067=CARTESIAN_POINT('',(-0.378189709067955,1.92738282838231,0.96));
#10068=CARTESIAN_POINT('',(-0.378454531003497,1.24927361440118,0.96));
#10069=CARTESIAN_POINT('',(-0.378189709067955,1.92738282838231,0.97));
#10070=CARTESIAN_POINT('',(-0.378454531003497,1.24927361440118,0.97));
#10071=CARTESIAN_POINT('',(-0.378189709067955,1.92738282838231,0.96));
#10072=CARTESIAN_POINT('Origin',(-0.288796623186923,1.92738282838231,0.96));
#10073=CARTESIAN_POINT('',(-0.288796623186923,1.92738282838231,0.96));
#10074=CARTESIAN_POINT('',(-0.378189709067955,1.92738282838231,0.96));
#10075=CARTESIAN_POINT('',(-0.288796623186923,1.92738282838231,0.97));
#10076=CARTESIAN_POINT('',(-0.378189709067955,1.92738282838231,0.97));
#10077=CARTESIAN_POINT('',(-0.288796623186923,1.92738282838231,0.96));
#10078=CARTESIAN_POINT('Origin',(-0.288796623186923,1.24927361440118,0.96));
#10079=CARTESIAN_POINT('',(-0.288796623186923,1.92738282838231,0.96));
#10080=CARTESIAN_POINT('',(-0.288796623186923,1.92738282838231,0.97));
#10081=CARTESIAN_POINT('Origin',(-0.333559384538935,1.5882697371329,0.96));
#10082=CARTESIAN_POINT('Origin',(-0.333559384538935,1.5882697371329,0.97));
#10083=CARTESIAN_POINT('Origin',(-1.21622813122311,1.35745334394635,0.96));
#10084=CARTESIAN_POINT('',(-0.999397223784835,1.35745334394635,0.96));
#10085=CARTESIAN_POINT('',(-1.21622813122311,1.35745334394635,0.96));
#10086=CARTESIAN_POINT('',(-0.999397223784835,1.35745334394635,0.96));
#10087=CARTESIAN_POINT('',(-0.999397223784835,1.35745334394635,0.97));
#10088=CARTESIAN_POINT('',(-0.999397223784835,1.35745334394635,0.96));
#10089=CARTESIAN_POINT('',(-1.21622813122311,1.35745334394635,0.97));
#10090=CARTESIAN_POINT('',(-0.999397223784835,1.35745334394635,0.97));
#10091=CARTESIAN_POINT('',(-1.21622813122311,1.35745334394635,0.96));
#10092=CARTESIAN_POINT('Origin',(-1.29774351295939,1.70450881122238,0.96));
#10093=CARTESIAN_POINT('',(-1.29774351295939,1.70450881122238,0.96));
#10094=CARTESIAN_POINT('',(-1.21622813122311,1.35745334394635,0.96));
#10095=CARTESIAN_POINT('',(-1.29774351295939,1.70450881122238,0.97));
#10096=CARTESIAN_POINT('',(-1.21622813122311,1.35745334394635,0.97));
#10097=CARTESIAN_POINT('',(-1.29774351295939,1.70450881122238,0.96));
#10098=CARTESIAN_POINT('Origin',(-1.08091260552111,1.70450881122238,0.96));
#10099=CARTESIAN_POINT('',(-1.08091260552111,1.70450881122238,0.96));
#10100=CARTESIAN_POINT('',(-1.29774351295939,1.70450881122238,0.96));
#10101=CARTESIAN_POINT('',(-1.08091260552111,1.70450881122238,0.97));
#10102=CARTESIAN_POINT('',(-1.29774351295939,1.70450881122238,0.97));
#10103=CARTESIAN_POINT('',(-1.08091260552111,1.70450881122238,0.96));
#10104=CARTESIAN_POINT('Origin',(-0.999397223784835,1.35745334394635,0.96));
#10105=CARTESIAN_POINT('',(-1.08091260552111,1.70450881122238,0.96));
#10106=CARTESIAN_POINT('',(-1.08091260552111,1.70450881122238,0.97));
#10107=CARTESIAN_POINT('Origin',(-1.14857036837211,1.53098107758437,0.96));
#10108=CARTESIAN_POINT('Origin',(-1.14857036837211,1.53098107758437,0.97));
#10109=CARTESIAN_POINT('Origin',(0.686596960215541,1.24916965044601,0.96));
#10110=CARTESIAN_POINT('',(0.68659696021553,1.58340241713139,0.96));
#10111=CARTESIAN_POINT('',(0.686596960215541,1.24916965044601,0.96));
#10112=CARTESIAN_POINT('',(0.68659696021553,1.58340241713139,0.96));
#10113=CARTESIAN_POINT('',(0.68659696021553,1.58340241713139,0.97));
#10114=CARTESIAN_POINT('',(0.68659696021553,1.58340241713139,0.96));
#10115=CARTESIAN_POINT('',(0.686596960215541,1.24916965044601,0.97));
#10116=CARTESIAN_POINT('',(0.68659696021553,1.58340241713139,0.97));
#10117=CARTESIAN_POINT('',(0.686596960215541,1.24916965044601,0.96));
#10118=CARTESIAN_POINT('Origin',(0.601577819154878,1.24916965044601,0.96));
#10119=CARTESIAN_POINT('',(0.601577819154878,1.24916965044601,0.96));
#10120=CARTESIAN_POINT('',(0.686596960215541,1.24916965044601,0.96));
#10121=CARTESIAN_POINT('',(0.601577819154878,1.24916965044601,0.97));
#10122=CARTESIAN_POINT('',(0.686596960215541,1.24916965044601,0.97));
#10123=CARTESIAN_POINT('',(0.601577819154878,1.24916965044601,0.96));
#10124=CARTESIAN_POINT('Origin',(0.601577819154878,1.70329477244041,0.96));
#10125=CARTESIAN_POINT('',(0.601577819154878,1.70329477244041,0.96));
#10126=CARTESIAN_POINT('',(0.601577819154878,1.24916965044601,0.96));
#10127=CARTESIAN_POINT('',(0.601577819154878,1.70329477244041,0.97));
#10128=CARTESIAN_POINT('',(0.601577819154878,1.24916965044601,0.97));
#10129=CARTESIAN_POINT('',(0.601577819154878,1.70329477244041,0.96));
#10130=CARTESIAN_POINT('Origin',(0.684340707699507,1.70329477244041,0.96));
#10131=CARTESIAN_POINT('',(0.684340707699507,1.70329477244041,0.96));
#10132=CARTESIAN_POINT('',(0.601577819154878,1.70329477244041,0.96));
#10133=CARTESIAN_POINT('',(0.684340707699507,1.70329477244041,0.97));
#10134=CARTESIAN_POINT('',(0.601577819154878,1.70329477244041,0.97));
#10135=CARTESIAN_POINT('',(0.684340707699507,1.70329477244041,0.96));
#10136=CARTESIAN_POINT('Origin',(0.684340707699507,1.66035518664927,0.96));
#10137=CARTESIAN_POINT('',(0.684340707699507,1.66035518664927,0.96));
#10138=CARTESIAN_POINT('',(0.684340707699507,1.70329477244041,0.96));
#10139=CARTESIAN_POINT('',(0.684340707699507,1.66035518664927,0.97));
#10140=CARTESIAN_POINT('',(0.684340707699507,1.70329477244041,0.97));
#10141=CARTESIAN_POINT('',(0.684340707699507,1.66035518664927,0.96));
#10142=CARTESIAN_POINT('Origin',(0.784314406987485,1.5843775836603,0.96));
#10143=CARTESIAN_POINT('',(0.775295751060722,1.70962134817793,0.96));
#10144=CARTESIAN_POINT('Origin',(0.784314406987485,1.5843775836603,0.96));
#10145=CARTESIAN_POINT('',(0.775295751060722,1.70962134817793,0.97));
#10146=CARTESIAN_POINT('Origin',(0.784314406987485,1.5843775836603,0.97));
#10147=CARTESIAN_POINT('',(0.775295751060722,1.70962134817793,0.96));
#10148=CARTESIAN_POINT('Origin',(0.783210232434675,1.59943655697009,0.96));
#10149=CARTESIAN_POINT('',(0.818260089131624,1.70419740258741,0.96));
#10150=CARTESIAN_POINT('Origin',(0.783210232434675,1.59943655697009,0.96));
#10151=CARTESIAN_POINT('',(0.818260089131624,1.70419740258741,0.97));
#10152=CARTESIAN_POINT('Origin',(0.783210232434675,1.59943655697009,0.97));
#10153=CARTESIAN_POINT('',(0.818260089131624,1.70419740258741,0.96));
#10154=CARTESIAN_POINT('Origin',(0.793192065340198,1.62651684051706,0.96));
#10155=CARTESIAN_POINT('',(0.85172704790298,1.68340560352654,0.96));
#10156=CARTESIAN_POINT('Origin',(0.793192065340198,1.62651684051706,0.96));
#10157=CARTESIAN_POINT('',(0.85172704790298,1.68340560352654,0.97));
#10158=CARTESIAN_POINT('Origin',(0.793192065340198,1.62651684051706,0.97));
#10159=CARTESIAN_POINT('',(0.85172704790298,1.68340560352654,0.96));
#10160=CARTESIAN_POINT('Origin',(0.770643495222584,1.60885482540247,0.96));
#10161=CARTESIAN_POINT('',(0.87930126463749,1.62690614612853,0.96));
#10162=CARTESIAN_POINT('Origin',(0.770643495222584,1.60885482540247,0.96));
#10163=CARTESIAN_POINT('',(0.87930126463749,1.62690614612853,0.97));
#10164=CARTESIAN_POINT('Origin',(0.770643495222584,1.60885482540247,0.97));
#10165=CARTESIAN_POINT('',(0.87930126463749,1.62690614612853,0.96));
#10166=CARTESIAN_POINT('Origin',(0.879301264637488,1.24954892023325,0.96));
#10167=CARTESIAN_POINT('',(0.879301264637488,1.24954892023325,0.96));
#10168=CARTESIAN_POINT('',(0.87930126463749,1.62690614612853,0.96));
#10169=CARTESIAN_POINT('',(0.879301264637488,1.24954892023325,0.97));
#10170=CARTESIAN_POINT('',(0.87930126463749,1.62690614612853,0.97));
#10171=CARTESIAN_POINT('',(0.879301264637488,1.24954892023325,0.96));
#10172=CARTESIAN_POINT('Origin',(0.796184731129819,1.24954892023325,0.96));
#10173=CARTESIAN_POINT('',(0.796184731129819,1.24954892023325,0.96));
#10174=CARTESIAN_POINT('',(0.879301264637488,1.24954892023325,0.96));
#10175=CARTESIAN_POINT('',(0.796184731129819,1.24954892023325,0.97));
#10176=CARTESIAN_POINT('',(0.879301264637488,1.24954892023325,0.97));
#10177=CARTESIAN_POINT('',(0.796184731129819,1.24954892023325,0.96));
#10178=CARTESIAN_POINT('Origin',(0.796184731129818,1.58009387647809,0.96));
#10179=CARTESIAN_POINT('',(0.796184731129818,1.58009387647809,0.96));
#10180=CARTESIAN_POINT('',(0.796184731129819,1.24954892023325,0.96));
#10181=CARTESIAN_POINT('',(0.796184731129818,1.58009387647809,0.97));
#10182=CARTESIAN_POINT('',(0.796184731129819,1.24954892023325,0.97));
#10183=CARTESIAN_POINT('',(0.796184731129818,1.58009387647809,0.96));
#10184=CARTESIAN_POINT('Origin',(0.741340901955582,1.58009387647809,0.96));
#10185=CARTESIAN_POINT('Origin',(0.741340901955582,1.58009387647809,0.96));
#10186=CARTESIAN_POINT('Origin',(0.741340901955582,1.58009387647809,0.97));
#10187=CARTESIAN_POINT('Origin',(0.735273676715713,1.4726364799987,0.96));
#10188=CARTESIAN_POINT('Origin',(0.735273676715713,1.4726364799987,0.97));
#10189=CARTESIAN_POINT('Origin',(1.01758970384228,1.56044900985535,0.96));
#10190=CARTESIAN_POINT('',(1.16171655328325,1.56103778621621,0.96));
#10191=CARTESIAN_POINT('',(1.15231297908393,1.611659697173,0.96));
#10192=CARTESIAN_POINT('Origin',(1.01758970384228,1.56044900985535,0.96));
#10193=CARTESIAN_POINT('',(1.16171655328325,1.56103778621621,0.97));
#10194=CARTESIAN_POINT('',(1.16171655328325,1.56103778621621,0.96));
#10195=CARTESIAN_POINT('',(1.15231297908393,1.611659697173,0.97));
#10196=CARTESIAN_POINT('Origin',(1.01758970384228,1.56044900985535,0.97));
#10197=CARTESIAN_POINT('',(1.15231297908393,1.611659697173,0.96));
#10198=CARTESIAN_POINT('Origin',(1.16171655328325,1.52686265239913,0.96));
#10199=CARTESIAN_POINT('',(1.16171655328325,1.52686265239913,0.96));
#10200=CARTESIAN_POINT('',(1.16171655328325,1.48988050566871,0.96));
#10201=CARTESIAN_POINT('',(1.16171655328325,1.52686265239913,0.97));
#10202=CARTESIAN_POINT('',(1.16171655328325,1.52686265239913,0.96));
#10203=CARTESIAN_POINT('',(1.16171655328325,1.48988050566871,0.97));
#10204=CARTESIAN_POINT('Origin',(1.03626427129075,1.52686265239913,0.96));
#10205=CARTESIAN_POINT('',(1.03626427129075,1.52686265239913,0.96));
#10206=CARTESIAN_POINT('',(1.07216859020038,1.52686265239913,0.96));
#10207=CARTESIAN_POINT('',(1.03626427129075,1.52686265239913,0.97));
#10208=CARTESIAN_POINT('',(1.03626427129075,1.52686265239913,0.96));
#10209=CARTESIAN_POINT('',(1.07216859020038,1.52686265239913,0.97));
#10210=CARTESIAN_POINT('Origin',(1.10031348161819,1.53690197101822,0.96));
#10211=CARTESIAN_POINT('',(1.03562311606547,1.54117348908086,0.96));
#10212=CARTESIAN_POINT('Origin',(1.10031348161819,1.53690197101822,0.96));
#10213=CARTESIAN_POINT('',(1.03562311606547,1.54117348908086,0.97));
#10214=CARTESIAN_POINT('',(1.03562311606547,1.54117348908086,0.96));
#10215=CARTESIAN_POINT('Origin',(1.10031348161819,1.53690197101822,0.97));
#10216=CARTESIAN_POINT('Origin',(1.25443348741471,1.53967825330554,0.96));
#10217=CARTESIAN_POINT('',(1.04353067516407,1.59798964262864,0.96));
#10218=CARTESIAN_POINT('Origin',(1.25443348741471,1.53967825330554,0.96));
#10219=CARTESIAN_POINT('',(1.04353067516407,1.59798964262864,0.97));
#10220=CARTESIAN_POINT('',(1.04353067516407,1.59798964262864,0.96));
#10221=CARTESIAN_POINT('Origin',(1.25443348741471,1.53967825330554,0.97));
#10222=CARTESIAN_POINT('Origin',(1.11762254944692,1.57272254640285,0.96));
#10223=CARTESIAN_POINT('',(1.06874935930563,1.63387353389972,0.96));
#10224=CARTESIAN_POINT('Origin',(1.11762254944692,1.57272254640285,0.96));
#10225=CARTESIAN_POINT('',(1.06874935930563,1.63387353389972,0.97));
#10226=CARTESIAN_POINT('',(1.06874935930563,1.63387353389972,0.96));
#10227=CARTESIAN_POINT('Origin',(1.11762254944692,1.57272254640285,0.97));
#10228=CARTESIAN_POINT('Origin',(1.10013968314786,1.59231231349601,0.96));
#10229=CARTESIAN_POINT('',(1.10721854899825,1.64391247949029,0.96));
#10230=CARTESIAN_POINT('Origin',(1.10013968314786,1.59231231349601,0.96));
#10231=CARTESIAN_POINT('',(1.10721854899825,1.64391247949029,0.97));
#10232=CARTESIAN_POINT('',(1.10721854899825,1.64391247949029,0.96));
#10233=CARTESIAN_POINT('Origin',(1.10013968314786,1.59231231349601,0.97));
#10234=CARTESIAN_POINT('Origin',(1.10178704746392,1.58138418179283,0.96));
#10235=CARTESIAN_POINT('',(1.13072748862405,1.6370774496743,0.96));
#10236=CARTESIAN_POINT('Origin',(1.10178704746392,1.58138418179283,0.96));
#10237=CARTESIAN_POINT('',(1.13072748862405,1.6370774496743,0.97));
#10238=CARTESIAN_POINT('',(1.13072748862405,1.6370774496743,0.96));
#10239=CARTESIAN_POINT('Origin',(1.10178704746392,1.58138418179283,0.97));
#10240=CARTESIAN_POINT('Origin',(1.10401168546833,1.59251522945466,0.96));
#10241=CARTESIAN_POINT('Origin',(1.10401168546833,1.59251522945466,0.96));
#10242=CARTESIAN_POINT('Origin',(1.10401168546833,1.59251522945466,0.97));
#10243=CARTESIAN_POINT('Origin',(1.22240192056974,1.52958002803485,0.96));
#10244=CARTESIAN_POINT('',(0.995286610999467,1.65945012226576,0.96));
#10245=CARTESIAN_POINT('',(0.96891880208507,1.59434046240671,0.96));
#10246=CARTESIAN_POINT('Origin',(1.22240192056974,1.52958002803485,0.96));
#10247=CARTESIAN_POINT('',(0.96891880208507,1.59434046240671,0.97));
#10248=CARTESIAN_POINT('',(0.96891880208507,1.59434046240671,0.96));
#10249=CARTESIAN_POINT('',(0.995286610999467,1.65945012226576,0.97));
#10250=CARTESIAN_POINT('Origin',(1.22240192056974,1.52958002803485,0.97));
#10251=CARTESIAN_POINT('',(0.995286610999467,1.65945012226576,0.96));
#10252=CARTESIAN_POINT('Origin',(1.10872038846422,1.57812407430978,0.96));
#10253=CARTESIAN_POINT('',(1.03356786805667,1.69573889745063,0.96));
#10254=CARTESIAN_POINT('Origin',(1.10872038846422,1.57812407430978,0.96));
#10255=CARTESIAN_POINT('',(1.03356786805667,1.69573889745063,0.97));
#10256=CARTESIAN_POINT('Origin',(1.10872038846422,1.57812407430978,0.97));
#10257=CARTESIAN_POINT('',(1.03356786805667,1.69573889745063,0.96));
#10258=CARTESIAN_POINT('Origin',(1.09704956973172,1.59130710321039,0.96));
#10259=CARTESIAN_POINT('',(1.10043685216845,1.71347277929615,0.96));
#10260=CARTESIAN_POINT('Origin',(1.09704956973172,1.59130710321039,0.96));
#10261=CARTESIAN_POINT('',(1.10043685216845,1.71347277929615,0.97));
#10262=CARTESIAN_POINT('Origin',(1.09704956973172,1.59130710321039,0.97));
#10263=CARTESIAN_POINT('',(1.10043685216845,1.71347277929615,0.96));
#10264=CARTESIAN_POINT('Origin',(1.10105995421848,1.55793062265444,0.96));
#10265=CARTESIAN_POINT('',(1.15632273145385,1.70332586398355,0.96));
#10266=CARTESIAN_POINT('Origin',(1.10105995421848,1.55793062265444,0.96));
#10267=CARTESIAN_POINT('',(1.15632273145385,1.70332586398355,0.97));
#10268=CARTESIAN_POINT('Origin',(1.10105995421848,1.55793062265444,0.97));
#10269=CARTESIAN_POINT('',(1.15632273145385,1.70332586398355,0.96));
#10270=CARTESIAN_POINT('Origin',(1.10765325683979,1.58410671263287,0.96));
#10271=CARTESIAN_POINT('',(1.18915140780884,1.68380613688703,0.96));
#10272=CARTESIAN_POINT('Origin',(1.10765325683979,1.58410671263287,0.96));
#10273=CARTESIAN_POINT('',(1.18915140780884,1.68380613688703,0.97));
#10274=CARTESIAN_POINT('Origin',(1.10765325683979,1.58410671263287,0.97));
#10275=CARTESIAN_POINT('',(1.18915140780884,1.68380613688703,0.96));
#10276=CARTESIAN_POINT('Origin',(1.08645822669407,1.57400126311328,0.96));
#10277=CARTESIAN_POINT('',(1.22779781518645,1.62524695050985,0.96));
#10278=CARTESIAN_POINT('Origin',(1.08645822669407,1.57400126311328,0.96));
#10279=CARTESIAN_POINT('',(1.22779781518645,1.62524695050985,0.97));
#10280=CARTESIAN_POINT('Origin',(1.08645822669407,1.57400126311328,0.97));
#10281=CARTESIAN_POINT('',(1.22779781518645,1.62524695050985,0.96));
#10282=CARTESIAN_POINT('Origin',(0.829356110693094,1.5089248595751,0.96));
#10283=CARTESIAN_POINT('',(1.24441992269103,1.51186640487385,0.96));
#10284=CARTESIAN_POINT('Origin',(0.829356110693094,1.5089248595751,0.96));
#10285=CARTESIAN_POINT('',(1.24441992269103,1.51186640487385,0.97));
#10286=CARTESIAN_POINT('Origin',(0.829356110693094,1.5089248595751,0.97));
#10287=CARTESIAN_POINT('',(1.24441992269103,1.51186640487385,0.96));
#10288=CARTESIAN_POINT('Origin',(1.24441992269103,1.46036754391159,0.96));
#10289=CARTESIAN_POINT('',(1.24441992269103,1.46036754391159,0.96));
#10290=CARTESIAN_POINT('',(1.24441992269103,1.46036754391159,0.96));
#10291=CARTESIAN_POINT('',(1.24441992269103,1.46036754391159,0.97));
#10292=CARTESIAN_POINT('',(1.24441992269103,1.46036754391159,0.97));
#10293=CARTESIAN_POINT('',(1.24441992269103,1.46036754391159,0.96));
#10294=CARTESIAN_POINT('Origin',(1.03622798244488,1.46036754391161,0.96));
#10295=CARTESIAN_POINT('',(1.03622798244488,1.46036754391161,0.96));
#10296=CARTESIAN_POINT('',(1.03622798244488,1.46036754391161,0.96));
#10297=CARTESIAN_POINT('',(1.03622798244488,1.46036754391161,0.97));
#10298=CARTESIAN_POINT('',(1.03622798244488,1.46036754391161,0.97));
#10299=CARTESIAN_POINT('',(1.03622798244488,1.46036754391161,0.96));
#10300=CARTESIAN_POINT('Origin',(1.94031075678687,1.4509384713078,0.96));
#10301=CARTESIAN_POINT('',(1.03734838817885,1.40496531446747,0.96));
#10302=CARTESIAN_POINT('Origin',(1.94031075678687,1.4509384713078,0.96));
#10303=CARTESIAN_POINT('',(1.03734838817885,1.40496531446747,0.97));
#10304=CARTESIAN_POINT('Origin',(1.94031075678687,1.4509384713078,0.97));
#10305=CARTESIAN_POINT('',(1.03734838817885,1.40496531446747,0.96));
#10306=CARTESIAN_POINT('Origin',(1.18725727736098,1.40669753891298,0.96));
#10307=CARTESIAN_POINT('',(1.04336048245812,1.36463344408098,0.96));
#10308=CARTESIAN_POINT('Origin',(1.18725727736098,1.40669753891298,0.96));
#10309=CARTESIAN_POINT('',(1.04336048245812,1.36463344408098,0.97));
#10310=CARTESIAN_POINT('Origin',(1.18725727736098,1.40669753891298,0.97));
#10311=CARTESIAN_POINT('',(1.04336048245812,1.36463344408098,0.96));
#10312=CARTESIAN_POINT('Origin',(1.15961641438309,1.39772846467947,0.96));
#10313=CARTESIAN_POINT('',(1.05420607600271,1.33857288456489,0.96));
#10314=CARTESIAN_POINT('Origin',(1.15961641438309,1.39772846467947,0.96));
#10315=CARTESIAN_POINT('',(1.05420607600271,1.33857288456489,0.97));
#10316=CARTESIAN_POINT('Origin',(1.15961641438309,1.39772846467947,0.97));
#10317=CARTESIAN_POINT('',(1.05420607600271,1.33857288456489,0.96));
#10318=CARTESIAN_POINT('Origin',(1.10249422574974,1.36780596169006,0.96));
#10319=CARTESIAN_POINT('',(1.07520499309557,1.31839325092305,0.96));
#10320=CARTESIAN_POINT('Origin',(1.10249422574974,1.36780596169006,0.96));
#10321=CARTESIAN_POINT('',(1.07520499309557,1.31839325092305,0.97));
#10322=CARTESIAN_POINT('Origin',(1.10249422574974,1.36780596169006,0.97));
#10323=CARTESIAN_POINT('',(1.07520499309557,1.31839325092305,0.96));
#10324=CARTESIAN_POINT('Origin',(1.10282494369419,1.36796810968432,0.96));
#10325=CARTESIAN_POINT('',(1.10119524447044,1.31124181619788,0.96));
#10326=CARTESIAN_POINT('Origin',(1.10282494369419,1.36796810968432,0.96));
#10327=CARTESIAN_POINT('',(1.10119524447044,1.31124181619788,0.97));
#10328=CARTESIAN_POINT('Origin',(1.10282494369419,1.36796810968432,0.97));
#10329=CARTESIAN_POINT('',(1.10119524447044,1.31124181619788,0.96));
#10330=CARTESIAN_POINT('Origin',(1.10164028263613,1.3650880690252,0.96));
#10331=CARTESIAN_POINT('',(1.12588628747213,1.31700742580982,0.96));
#10332=CARTESIAN_POINT('Origin',(1.10164028263613,1.3650880690252,0.96));
#10333=CARTESIAN_POINT('',(1.12588628747213,1.31700742580982,0.97));
#10334=CARTESIAN_POINT('Origin',(1.10164028263613,1.3650880690252,0.97));
#10335=CARTESIAN_POINT('',(1.12588628747213,1.31700742580982,0.96));
#10336=CARTESIAN_POINT('Origin',(1.10432272604821,1.36256868566901,0.96));
#10337=CARTESIAN_POINT('',(1.14885572356697,1.33895454343952,0.96));
#10338=CARTESIAN_POINT('Origin',(1.10432272604821,1.36256868566901,0.96));
#10339=CARTESIAN_POINT('',(1.14885572356697,1.33895454343952,0.97));
#10340=CARTESIAN_POINT('Origin',(1.10432272604821,1.36256868566901,0.97));
#10341=CARTESIAN_POINT('',(1.14885572356697,1.33895454343952,0.96));
#10342=CARTESIAN_POINT('Origin',(1.03402726479196,1.39598964987226,0.96));
#10343=CARTESIAN_POINT('',(1.16051814634258,1.37504603043851,0.96));
#10344=CARTESIAN_POINT('Origin',(1.03402726479196,1.39598964987226,0.96));
#10345=CARTESIAN_POINT('',(1.16051814634258,1.37504603043851,0.97));
#10346=CARTESIAN_POINT('Origin',(1.03402726479196,1.39598964987226,0.97));
#10347=CARTESIAN_POINT('',(1.16051814634258,1.37504603043851,0.96));
#10348=CARTESIAN_POINT('Origin',(1.07631513493644,1.39335462134723,0.96));
#10349=CARTESIAN_POINT('',(1.16216111641014,1.40082583916911,0.96));
#10350=CARTESIAN_POINT('Origin',(1.07631513493644,1.39335462134723,0.96));
#10351=CARTESIAN_POINT('',(1.16216111641014,1.40082583916911,0.97));
#10352=CARTESIAN_POINT('Origin',(1.07631513493644,1.39335462134723,0.97));
#10353=CARTESIAN_POINT('',(1.16216111641014,1.40082583916911,0.96));
#10354=CARTESIAN_POINT('Origin',(1.23970942247107,1.40082583916911,0.96));
#10355=CARTESIAN_POINT('',(1.23970942247107,1.40082583916911,0.96));
#10356=CARTESIAN_POINT('',(1.23970942247107,1.40082583916911,0.96));
#10357=CARTESIAN_POINT('',(1.23970942247107,1.40082583916911,0.97));
#10358=CARTESIAN_POINT('',(1.23970942247107,1.40082583916911,0.97));
#10359=CARTESIAN_POINT('',(1.23970942247107,1.40082583916911,0.96));
#10360=CARTESIAN_POINT('Origin',(1.23954512381331,1.38177834096848,0.96));
#10361=CARTESIAN_POINT('',(1.23954512381331,1.38177834096848,0.96));
#10362=CARTESIAN_POINT('',(1.23954512381331,1.38177834096848,0.96));
#10363=CARTESIAN_POINT('',(1.23954512381331,1.38177834096848,0.97));
#10364=CARTESIAN_POINT('',(1.23954512381331,1.38177834096848,0.97));
#10365=CARTESIAN_POINT('',(1.23954512381331,1.38177834096848,0.96));
#10366=CARTESIAN_POINT('Origin',(1.06161432617128,1.38683627567023,0.96));
#10367=CARTESIAN_POINT('',(1.2352663997725,1.3477222272097,0.96));
#10368=CARTESIAN_POINT('Origin',(1.06161432617128,1.38683627567023,0.96));
#10369=CARTESIAN_POINT('',(1.2352663997725,1.3477222272097,0.97));
#10370=CARTESIAN_POINT('Origin',(1.06161432617128,1.38683627567023,0.97));
#10371=CARTESIAN_POINT('',(1.2352663997725,1.3477222272097,0.96));
#10372=CARTESIAN_POINT('Origin',(1.08176904123776,1.38336151790823,0.96));
#10373=CARTESIAN_POINT('',(1.21701677550323,1.30249342472746,0.96));
#10374=CARTESIAN_POINT('Origin',(1.08176904123776,1.38336151790823,0.96));
#10375=CARTESIAN_POINT('',(1.21701677550323,1.30249342472746,0.97));
#10376=CARTESIAN_POINT('Origin',(1.08176904123776,1.38336151790823,0.97));
#10377=CARTESIAN_POINT('',(1.21701677550323,1.30249342472746,0.96));
#10378=CARTESIAN_POINT('Origin',(0.971167077736328,1.45874039735609,0.96));
#10379=CARTESIAN_POINT('',(1.19976555677387,1.27819144075591,0.96));
#10380=CARTESIAN_POINT('Origin',(0.971167077736328,1.45874039735609,0.96));
#10381=CARTESIAN_POINT('',(1.19976555677387,1.27819144075591,0.97));
#10382=CARTESIAN_POINT('Origin',(0.971167077736328,1.45874039735609,0.97));
#10383=CARTESIAN_POINT('',(1.19976555677387,1.27819144075591,0.96));
#10384=CARTESIAN_POINT('Origin',(1.13073765758642,1.33782561841146,0.96));
#10385=CARTESIAN_POINT('',(1.183500129991,1.26341320334084,0.96));
#10386=CARTESIAN_POINT('Origin',(1.13073765758642,1.33782561841146,0.96));
#10387=CARTESIAN_POINT('',(1.183500129991,1.26341320334084,0.97));
#10388=CARTESIAN_POINT('Origin',(1.13073765758642,1.33782561841146,0.97));
#10389=CARTESIAN_POINT('',(1.183500129991,1.26341320334084,0.96));
#10390=CARTESIAN_POINT('Origin',(1.05493842325618,1.45899213405137,0.96));
#10391=CARTESIAN_POINT('',(1.16526313582507,1.25257583534161,0.96));
#10392=CARTESIAN_POINT('Origin',(1.05493842325618,1.45899213405137,0.96));
#10393=CARTESIAN_POINT('',(1.16526313582507,1.25257583534161,0.97));
#10394=CARTESIAN_POINT('Origin',(1.05493842325618,1.45899213405137,0.97));
#10395=CARTESIAN_POINT('',(1.16526313582507,1.25257583534161,0.96));
#10396=CARTESIAN_POINT('Origin',(1.11637962742501,1.34860985580929,0.96));
#10397=CARTESIAN_POINT('',(1.13952009602151,1.24336419464542,0.96));
#10398=CARTESIAN_POINT('Origin',(1.11637962742501,1.34860985580929,0.96));
#10399=CARTESIAN_POINT('',(1.13952009602151,1.24336419464542,0.97));
#10400=CARTESIAN_POINT('Origin',(1.11637962742501,1.34860985580929,0.97));
#10401=CARTESIAN_POINT('',(1.13952009602151,1.24336419464542,0.96));
#10402=CARTESIAN_POINT('Origin',(1.11003160802657,1.34416410335569,0.96));
#10403=CARTESIAN_POINT('',(1.1050176750727,1.23925913208855,0.96));
#10404=CARTESIAN_POINT('Origin',(1.11003160802657,1.34416410335569,0.96));
#10405=CARTESIAN_POINT('',(1.1050176750727,1.23925913208855,0.97));
#10406=CARTESIAN_POINT('Origin',(1.11003160802657,1.34416410335569,0.97));
#10407=CARTESIAN_POINT('',(1.1050176750727,1.23925913208855,0.96));
#10408=CARTESIAN_POINT('Origin',(1.10215419960278,1.35788167629373,0.96));
#10409=CARTESIAN_POINT('',(1.07232251459424,1.24303578801283,0.96));
#10410=CARTESIAN_POINT('Origin',(1.10215419960278,1.35788167629373,0.96));
#10411=CARTESIAN_POINT('',(1.07232251459424,1.24303578801283,0.97));
#10412=CARTESIAN_POINT('Origin',(1.10215419960278,1.35788167629373,0.97));
#10413=CARTESIAN_POINT('',(1.07232251459424,1.24303578801283,0.96));
#10414=CARTESIAN_POINT('Origin',(1.09748811049993,1.37629094487412,0.96));
#10415=CARTESIAN_POINT('',(1.046199250896,1.25075331335296,0.96));
#10416=CARTESIAN_POINT('Origin',(1.09748811049993,1.37629094487412,0.96));
#10417=CARTESIAN_POINT('',(1.046199250896,1.25075331335296,0.97));
#10418=CARTESIAN_POINT('Origin',(1.09748811049993,1.37629094487412,0.97));
#10419=CARTESIAN_POINT('',(1.046199250896,1.25075331335296,0.96));
#10420=CARTESIAN_POINT('Origin',(1.08197423791476,1.34234942415677,0.96));
#10421=CARTESIAN_POINT('',(1.02627452821792,1.26131091756722,0.96));
#10422=CARTESIAN_POINT('Origin',(1.08197423791476,1.34234942415677,0.96));
#10423=CARTESIAN_POINT('',(1.02627452821792,1.26131091756722,0.97));
#10424=CARTESIAN_POINT('Origin',(1.08197423791476,1.34234942415677,0.97));
#10425=CARTESIAN_POINT('',(1.02627452821792,1.26131091756722,0.96));
#10426=CARTESIAN_POINT('Origin',(1.09157744342983,1.3577507158311,0.96));
#10427=CARTESIAN_POINT('',(1.00984480277729,1.27477553353956,0.96));
#10428=CARTESIAN_POINT('Origin',(1.09157744342983,1.3577507158311,0.96));
#10429=CARTESIAN_POINT('',(1.00984480277729,1.27477553353956,0.97));
#10430=CARTESIAN_POINT('Origin',(1.09157744342983,1.3577507158311,0.97));
#10431=CARTESIAN_POINT('',(1.00984480277729,1.27477553353956,0.96));
#10432=CARTESIAN_POINT('Origin',(1.07084951834368,1.34035840367218,0.96));
#10433=CARTESIAN_POINT('',(0.995550943377489,1.2918526021199,0.96));
#10434=CARTESIAN_POINT('Origin',(1.07084951834368,1.34035840367218,0.96));
#10435=CARTESIAN_POINT('',(0.995550943377489,1.2918526021199,0.97));
#10436=CARTESIAN_POINT('Origin',(1.07084951834368,1.34035840367218,0.97));
#10437=CARTESIAN_POINT('',(0.995550943377489,1.2918526021199,0.96));
#10438=CARTESIAN_POINT('Origin',(1.09369812832344,1.36739045770686,0.96));
#10439=CARTESIAN_POINT('',(0.972196825704474,1.34338481250857,0.96));
#10440=CARTESIAN_POINT('Origin',(1.09369812832344,1.36739045770686,0.96));
#10441=CARTESIAN_POINT('',(0.972196825704474,1.34338481250857,0.97));
#10442=CARTESIAN_POINT('Origin',(1.09369812832344,1.36739045770686,0.97));
#10443=CARTESIAN_POINT('',(0.972196825704474,1.34338481250857,0.96));
#10444=CARTESIAN_POINT('Origin',(1.37720044857774,1.46138585469412,0.96));
#10445=CARTESIAN_POINT('',(0.956258774501626,1.43381254289911,0.96));
#10446=CARTESIAN_POINT('Origin',(1.37720044857774,1.46138585469412,0.96));
#10447=CARTESIAN_POINT('',(0.956258774501626,1.43381254289911,0.97));
#10448=CARTESIAN_POINT('Origin',(1.37720044857774,1.46138585469412,0.97));
#10449=CARTESIAN_POINT('',(0.956258774501626,1.43381254289911,0.96));
#10450=CARTESIAN_POINT('Origin',(1.59944571963033,1.46211477864798,0.96));
#10451=CARTESIAN_POINT('',(0.957579247676147,1.51209372535025,0.96));
#10452=CARTESIAN_POINT('Origin',(1.59944571963033,1.46211477864798,0.96));
#10453=CARTESIAN_POINT('',(0.957579247676147,1.51209372535025,0.97));
#10454=CARTESIAN_POINT('Origin',(1.59944571963033,1.46211477864798,0.97));
#10455=CARTESIAN_POINT('',(0.957579247676147,1.51209372535025,0.96));
#10456=CARTESIAN_POINT('Origin',(1.29606414269065,1.50733107734353,0.96));
#10457=CARTESIAN_POINT('Origin',(1.29606414269065,1.50733107734353,0.96));
#10458=CARTESIAN_POINT('Origin',(1.29606414269065,1.50733107734353,0.97));
#10459=CARTESIAN_POINT('Origin',(1.10807290911002,1.4528983589383,0.97));
#10460=CARTESIAN_POINT('Origin',(1.10807290911002,1.4528983589383,0.96));
#10461=CARTESIAN_POINT('Origin',(1.32198389783093,1.47406110502473,0.96));
#10462=CARTESIAN_POINT('',(1.5329632759678,1.46336871755902,0.96));
#10463=CARTESIAN_POINT('',(1.53316562590578,1.47943724453735,0.96));
#10464=CARTESIAN_POINT('Origin',(1.32198389783093,1.47406110502473,0.96));
#10465=CARTESIAN_POINT('',(1.5329632759678,1.46336871755902,0.97));
#10466=CARTESIAN_POINT('',(1.5329632759678,1.46336871755902,0.96));
#10467=CARTESIAN_POINT('',(1.53316562590578,1.47943724453735,0.97));
#10468=CARTESIAN_POINT('Origin',(1.32198389783093,1.47406110502473,0.97));
#10469=CARTESIAN_POINT('',(1.53316562590578,1.47943724453735,0.96));
#10470=CARTESIAN_POINT('Origin',(1.1099787403804,1.47461314455409,0.96));
#10471=CARTESIAN_POINT('',(1.5298844595972,1.42244474939419,0.96));
#10472=CARTESIAN_POINT('Origin',(1.1099787403804,1.47461314455409,0.96));
#10473=CARTESIAN_POINT('',(1.5298844595972,1.42244474939419,0.97));
#10474=CARTESIAN_POINT('',(1.5298844595972,1.42244474939419,0.96));
#10475=CARTESIAN_POINT('Origin',(1.1099787403804,1.47461314455409,0.97));
#10476=CARTESIAN_POINT('Origin',(1.20553877488071,1.46274092321212,0.96));
#10477=CARTESIAN_POINT('',(1.52580737751327,1.39753412152424,0.96));
#10478=CARTESIAN_POINT('Origin',(1.20553877488071,1.46274092321212,0.96));
#10479=CARTESIAN_POINT('',(1.52580737751327,1.39753412152424,0.97));
#10480=CARTESIAN_POINT('',(1.52580737751327,1.39753412152424,0.96));
#10481=CARTESIAN_POINT('Origin',(1.20553877488071,1.46274092321212,0.97));
#10482=CARTESIAN_POINT('Origin',(1.29324296150691,1.44018596224228,0.96));
#10483=CARTESIAN_POINT('',(1.5197118997872,1.37223592837022,0.96));
#10484=CARTESIAN_POINT('Origin',(1.29324296150691,1.44018596224228,0.96));
#10485=CARTESIAN_POINT('',(1.5197118997872,1.37223592837022,0.97));
#10486=CARTESIAN_POINT('',(1.5197118997872,1.37223592837022,0.96));
#10487=CARTESIAN_POINT('Origin',(1.29324296150691,1.44018596224228,0.97));
#10488=CARTESIAN_POINT('Origin',(1.40911171960052,1.41002900580375,0.96));
#10489=CARTESIAN_POINT('',(1.51097354404929,1.35271508708246,0.96));
#10490=CARTESIAN_POINT('Origin',(1.40911171960052,1.41002900580375,0.96));
#10491=CARTESIAN_POINT('',(1.51097354404929,1.35271508708246,0.97));
#10492=CARTESIAN_POINT('',(1.51097354404929,1.35271508708246,0.96));
#10493=CARTESIAN_POINT('Origin',(1.40911171960052,1.41002900580375,0.97));
#10494=CARTESIAN_POINT('Origin',(1.43923584141717,1.39070824560582,0.96));
#10495=CARTESIAN_POINT('',(1.501374599487,1.33847269431118,0.96));
#10496=CARTESIAN_POINT('Origin',(1.43923584141717,1.39070824560582,0.96));
#10497=CARTESIAN_POINT('',(1.501374599487,1.33847269431118,0.97));
#10498=CARTESIAN_POINT('',(1.501374599487,1.33847269431118,0.96));
#10499=CARTESIAN_POINT('Origin',(1.43923584141717,1.39070824560582,0.97));
#10500=CARTESIAN_POINT('Origin',(1.46591983087522,1.36387886390967,0.96));
#10501=CARTESIAN_POINT('',(1.4882171274421,1.32639093736271,0.96));
#10502=CARTESIAN_POINT('Origin',(1.46591983087522,1.36387886390967,0.96));
#10503=CARTESIAN_POINT('',(1.4882171274421,1.32639093736271,0.97));
#10504=CARTESIAN_POINT('',(1.4882171274421,1.32639093736271,0.96));
#10505=CARTESIAN_POINT('Origin',(1.46591983087522,1.36387886390967,0.97));
#10506=CARTESIAN_POINT('Origin',(1.46559538655165,1.36557111488833,0.96));
#10507=CARTESIAN_POINT('',(1.47405769196547,1.32112768051454,0.96));
#10508=CARTESIAN_POINT('Origin',(1.46559538655165,1.36557111488833,0.96));
#10509=CARTESIAN_POINT('',(1.47405769196547,1.32112768051454,0.97));
#10510=CARTESIAN_POINT('',(1.47405769196547,1.32112768051454,0.96));
#10511=CARTESIAN_POINT('Origin',(1.46559538655165,1.36557111488833,0.97));
#10512=CARTESIAN_POINT('Origin',(1.4657196756086,1.35653868473046,0.96));
#10513=CARTESIAN_POINT('',(1.4623866840216,1.32031227304743,0.96));
#10514=CARTESIAN_POINT('Origin',(1.4657196756086,1.35653868473046,0.96));
#10515=CARTESIAN_POINT('',(1.4623866840216,1.32031227304743,0.97));
#10516=CARTESIAN_POINT('',(1.4623866840216,1.32031227304743,0.96));
#10517=CARTESIAN_POINT('Origin',(1.4657196756086,1.35653868473046,0.97));
#10518=CARTESIAN_POINT('Origin',(1.45905369243459,1.3565386847305,0.96));
#10519=CARTESIAN_POINT('',(1.45071567607772,1.32112768051454,0.96));
#10520=CARTESIAN_POINT('Origin',(1.45905369243459,1.3565386847305,0.96));
#10521=CARTESIAN_POINT('',(1.45071567607772,1.32112768051454,0.97));
#10522=CARTESIAN_POINT('',(1.45071567607772,1.32112768051454,0.96));
#10523=CARTESIAN_POINT('Origin',(1.45905369243459,1.3565386847305,0.97));
#10524=CARTESIAN_POINT('Origin',(1.45917798149156,1.36557111488833,0.96));
#10525=CARTESIAN_POINT('',(1.43655624060109,1.32639093736272,0.96));
#10526=CARTESIAN_POINT('Origin',(1.45917798149156,1.36557111488833,0.96));
#10527=CARTESIAN_POINT('',(1.43655624060109,1.32639093736272,0.97));
#10528=CARTESIAN_POINT('',(1.43655624060109,1.32639093736272,0.96));
#10529=CARTESIAN_POINT('Origin',(1.45917798149156,1.36557111488833,0.97));
#10530=CARTESIAN_POINT('Origin',(1.45885353716793,1.36387886390968,0.96));
#10531=CARTESIAN_POINT('',(1.4233987685562,1.33847269431116,0.96));
#10532=CARTESIAN_POINT('Origin',(1.45885353716793,1.36387886390968,0.96));
#10533=CARTESIAN_POINT('',(1.4233987685562,1.33847269431116,0.97));
#10534=CARTESIAN_POINT('',(1.4233987685562,1.33847269431116,0.96));
#10535=CARTESIAN_POINT('Origin',(1.45885353716793,1.36387886390968,0.97));
#10536=CARTESIAN_POINT('Origin',(1.48553752662605,1.3907082456058,0.96));
#10537=CARTESIAN_POINT('',(1.41379982399397,1.35271508708233,0.96));
#10538=CARTESIAN_POINT('Origin',(1.48553752662605,1.3907082456058,0.96));
#10539=CARTESIAN_POINT('',(1.41379982399397,1.35271508708233,0.97));
#10540=CARTESIAN_POINT('',(1.41379982399397,1.35271508708233,0.96));
#10541=CARTESIAN_POINT('Origin',(1.48553752662605,1.3907082456058,0.97));
#10542=CARTESIAN_POINT('Origin',(1.51566164844263,1.41002900580377,0.96));
#10543=CARTESIAN_POINT('',(1.40506146825598,1.37223592837021,0.96));
#10544=CARTESIAN_POINT('Origin',(1.51566164844263,1.41002900580377,0.96));
#10545=CARTESIAN_POINT('',(1.40506146825598,1.37223592837021,0.97));
#10546=CARTESIAN_POINT('',(1.40506146825598,1.37223592837021,0.96));
#10547=CARTESIAN_POINT('Origin',(1.51566164844263,1.41002900580377,0.97));
#10548=CARTESIAN_POINT('Origin',(1.63153040653645,1.44018596224222,0.96));
#10549=CARTESIAN_POINT('',(1.39896599052992,1.39753412152425,0.96));
#10550=CARTESIAN_POINT('Origin',(1.63153040653645,1.44018596224222,0.96));
#10551=CARTESIAN_POINT('',(1.39896599052992,1.39753412152425,0.97));
#10552=CARTESIAN_POINT('',(1.39896599052992,1.39753412152425,0.96));
#10553=CARTESIAN_POINT('Origin',(1.63153040653645,1.44018596224222,0.97));
#10554=CARTESIAN_POINT('Origin',(1.71923459316255,1.46274092321221,0.96));
#10555=CARTESIAN_POINT('',(1.39490195348062,1.42233988788413,0.96));
#10556=CARTESIAN_POINT('Origin',(1.71923459316255,1.46274092321221,0.96));
#10557=CARTESIAN_POINT('',(1.39490195348062,1.42233988788413,0.97));
#10558=CARTESIAN_POINT('',(1.39490195348062,1.42233988788413,0.96));
#10559=CARTESIAN_POINT('Origin',(1.71923459316255,1.46274092321221,0.97));
#10560=CARTESIAN_POINT('Origin',(1.81479463152046,1.47461314503338,0.96));
#10561=CARTESIAN_POINT('',(1.39181009593315,1.46336871803827,0.96));
#10562=CARTESIAN_POINT('Origin',(1.81479463152046,1.47461314503338,0.96));
#10563=CARTESIAN_POINT('',(1.39181009593315,1.46336871803827,0.97));
#10564=CARTESIAN_POINT('',(1.39181009593315,1.46336871803827,0.96));
#10565=CARTESIAN_POINT('Origin',(1.81479463152046,1.47461314503338,0.97));
#10566=CARTESIAN_POINT('Origin',(1.60278947407003,1.47406110550401,0.96));
#10567=CARTESIAN_POINT('',(1.39160774599517,1.47943724501664,0.96));
#10568=CARTESIAN_POINT('Origin',(1.60278947407003,1.47406110550401,0.96));
#10569=CARTESIAN_POINT('',(1.39160774599517,1.47943724501664,0.97));
#10570=CARTESIAN_POINT('',(1.39160774599517,1.47943724501664,0.96));
#10571=CARTESIAN_POINT('Origin',(1.60278947407003,1.47406110550401,0.97));
#10572=CARTESIAN_POINT('Origin',(1.60278947406995,1.48481338452928,0.96));
#10573=CARTESIAN_POINT('',(1.39181009593315,1.49550577199504,0.96));
#10574=CARTESIAN_POINT('Origin',(1.60278947406995,1.48481338452928,0.96));
#10575=CARTESIAN_POINT('',(1.39181009593315,1.49550577199504,0.97));
#10576=CARTESIAN_POINT('',(1.39181009593315,1.49550577199504,0.96));
#10577=CARTESIAN_POINT('Origin',(1.60278947406995,1.48481338452928,0.97));
#10578=CARTESIAN_POINT('Origin',(1.81479463148815,1.48426134378114,0.96));
#10579=CARTESIAN_POINT('',(1.39490195348062,1.53653460119062,0.96));
#10580=CARTESIAN_POINT('Origin',(1.81479463148815,1.48426134378114,0.96));
#10581=CARTESIAN_POINT('',(1.39490195348062,1.53653460119062,0.97));
#10582=CARTESIAN_POINT('',(1.39490195348062,1.53653460119062,0.96));
#10583=CARTESIAN_POINT('Origin',(1.81479463148815,1.48426134378114,0.97));
#10584=CARTESIAN_POINT('Origin',(1.71923459316246,1.49613356586264,0.96));
#10585=CARTESIAN_POINT('',(1.39896599052992,1.56134036755051,0.96));
#10586=CARTESIAN_POINT('Origin',(1.71923459316246,1.49613356586264,0.96));
#10587=CARTESIAN_POINT('',(1.39896599052992,1.56134036755051,0.97));
#10588=CARTESIAN_POINT('',(1.39896599052992,1.56134036755051,0.96));
#10589=CARTESIAN_POINT('Origin',(1.71923459316246,1.49613356586264,0.97));
#10590=CARTESIAN_POINT('Origin',(1.63153040653627,1.51868852683244,0.96));
#10591=CARTESIAN_POINT('',(1.40506146825599,1.58663856070453,0.96));
#10592=CARTESIAN_POINT('Origin',(1.63153040653627,1.51868852683244,0.96));
#10593=CARTESIAN_POINT('',(1.40506146825599,1.58663856070453,0.97));
#10594=CARTESIAN_POINT('',(1.40506146825599,1.58663856070453,0.96));
#10595=CARTESIAN_POINT('Origin',(1.63153040653627,1.51868852683244,0.97));
#10596=CARTESIAN_POINT('Origin',(1.51566164844267,1.54884548327101,0.96));
#10597=CARTESIAN_POINT('',(1.41379982399396,1.60615940199241,0.96));
#10598=CARTESIAN_POINT('Origin',(1.51566164844267,1.54884548327101,0.96));
#10599=CARTESIAN_POINT('',(1.41379982399396,1.60615940199241,0.97));
#10600=CARTESIAN_POINT('',(1.41379982399396,1.60615940199241,0.96));
#10601=CARTESIAN_POINT('Origin',(1.51566164844267,1.54884548327101,0.97));
#10602=CARTESIAN_POINT('Origin',(1.48553752662602,1.56816624346896,0.96));
#10603=CARTESIAN_POINT('',(1.4233987685562,1.62040179476358,0.96));
#10604=CARTESIAN_POINT('Origin',(1.48553752662602,1.56816624346896,0.96));
#10605=CARTESIAN_POINT('',(1.4233987685562,1.62040179476358,0.97));
#10606=CARTESIAN_POINT('',(1.4233987685562,1.62040179476358,0.96));
#10607=CARTESIAN_POINT('Origin',(1.48553752662602,1.56816624346896,0.97));
#10608=CARTESIAN_POINT('Origin',(1.45885353716795,1.59499562516508,0.96));
#10609=CARTESIAN_POINT('',(1.43655624060108,1.63248355171204,0.96));
#10610=CARTESIAN_POINT('Origin',(1.45885353716795,1.59499562516508,0.96));
#10611=CARTESIAN_POINT('',(1.43655624060108,1.63248355171204,0.97));
#10612=CARTESIAN_POINT('',(1.43655624060108,1.63248355171204,0.96));
#10613=CARTESIAN_POINT('Origin',(1.45885353716795,1.59499562516508,0.97));
#10614=CARTESIAN_POINT('Origin',(1.45917798149155,1.59330337418641,0.96));
#10615=CARTESIAN_POINT('',(1.45071567607772,1.63774680856021,0.96));
#10616=CARTESIAN_POINT('Origin',(1.45917798149155,1.59330337418641,0.96));
#10617=CARTESIAN_POINT('',(1.45071567607772,1.63774680856021,0.97));
#10618=CARTESIAN_POINT('',(1.45071567607772,1.63774680856021,0.96));
#10619=CARTESIAN_POINT('Origin',(1.45917798149155,1.59330337418641,0.97));
#10620=CARTESIAN_POINT('Origin',(1.45905369243459,1.60233580434429,0.96));
#10621=CARTESIAN_POINT('',(1.46238668402158,1.63856221602732,0.96));
#10622=CARTESIAN_POINT('Origin',(1.45905369243459,1.60233580434429,0.96));
#10623=CARTESIAN_POINT('',(1.46238668402158,1.63856221602732,0.97));
#10624=CARTESIAN_POINT('',(1.46238668402158,1.63856221602732,0.96));
#10625=CARTESIAN_POINT('Origin',(1.45905369243459,1.60233580434429,0.97));
#10626=CARTESIAN_POINT('Origin',(1.46571967560859,1.60233580434425,0.96));
#10627=CARTESIAN_POINT('',(1.47405769196546,1.63774680856021,0.96));
#10628=CARTESIAN_POINT('Origin',(1.46571967560859,1.60233580434425,0.96));
#10629=CARTESIAN_POINT('',(1.47405769196546,1.63774680856021,0.97));
#10630=CARTESIAN_POINT('',(1.47405769196546,1.63774680856021,0.96));
#10631=CARTESIAN_POINT('Origin',(1.46571967560859,1.60233580434425,0.97));
#10632=CARTESIAN_POINT('Origin',(1.46559538655162,1.59330337418642,0.96));
#10633=CARTESIAN_POINT('',(1.4882171274421,1.63248355171203,0.96));
#10634=CARTESIAN_POINT('Origin',(1.46559538655162,1.59330337418642,0.96));
#10635=CARTESIAN_POINT('',(1.4882171274421,1.63248355171203,0.97));
#10636=CARTESIAN_POINT('',(1.4882171274421,1.63248355171203,0.96));
#10637=CARTESIAN_POINT('Origin',(1.46559538655162,1.59330337418642,0.97));
#10638=CARTESIAN_POINT('Origin',(1.46591983087523,1.59499562516507,0.96));
#10639=CARTESIAN_POINT('',(1.50137459948699,1.62040179476358,0.96));
#10640=CARTESIAN_POINT('Origin',(1.46591983087523,1.59499562516507,0.96));
#10641=CARTESIAN_POINT('',(1.50137459948699,1.62040179476358,0.97));
#10642=CARTESIAN_POINT('',(1.50137459948699,1.62040179476358,0.96));
#10643=CARTESIAN_POINT('Origin',(1.46591983087523,1.59499562516507,0.97));
#10644=CARTESIAN_POINT('Origin',(1.43923584141716,1.56816624346895,0.96));
#10645=CARTESIAN_POINT('',(1.51097354404921,1.60615940199242,0.96));
#10646=CARTESIAN_POINT('Origin',(1.43923584141716,1.56816624346895,0.96));
#10647=CARTESIAN_POINT('',(1.51097354404921,1.60615940199242,0.97));
#10648=CARTESIAN_POINT('',(1.51097354404921,1.60615940199242,0.96));
#10649=CARTESIAN_POINT('Origin',(1.43923584141716,1.56816624346895,0.97));
#10650=CARTESIAN_POINT('Origin',(1.40911171960056,1.54884548327098,0.96));
#10651=CARTESIAN_POINT('',(1.5197118997872,1.58663856070454,0.96));
#10652=CARTESIAN_POINT('Origin',(1.40911171960056,1.54884548327098,0.96));
#10653=CARTESIAN_POINT('',(1.5197118997872,1.58663856070454,0.97));
#10654=CARTESIAN_POINT('',(1.5197118997872,1.58663856070454,0.96));
#10655=CARTESIAN_POINT('Origin',(1.40911171960056,1.54884548327098,0.97));
#10656=CARTESIAN_POINT('Origin',(1.29324296150674,1.5186885268325,0.96));
#10657=CARTESIAN_POINT('',(1.52580737751327,1.56134036755049,0.96));
#10658=CARTESIAN_POINT('Origin',(1.29324296150674,1.5186885268325,0.96));
#10659=CARTESIAN_POINT('',(1.52580737751327,1.56134036755049,0.97));
#10660=CARTESIAN_POINT('',(1.52580737751327,1.56134036755049,0.96));
#10661=CARTESIAN_POINT('Origin',(1.29324296150674,1.5186885268325,0.97));
#10662=CARTESIAN_POINT('Origin',(1.20553877488086,1.49613356586263,0.96));
#10663=CARTESIAN_POINT('',(1.5298844595972,1.53642973968052,0.96));
#10664=CARTESIAN_POINT('Origin',(1.20553877488086,1.49613356586263,0.96));
#10665=CARTESIAN_POINT('',(1.5298844595972,1.53642973968052,0.97));
#10666=CARTESIAN_POINT('',(1.5298844595972,1.53642973968052,0.96));
#10667=CARTESIAN_POINT('Origin',(1.20553877488086,1.49613356586263,0.97));
#10668=CARTESIAN_POINT('Origin',(1.10997874038049,1.48426134452064,0.96));
#10669=CARTESIAN_POINT('',(1.5329632759678,1.49550577151577,0.96));
#10670=CARTESIAN_POINT('Origin',(1.10997874038049,1.48426134452064,0.96));
#10671=CARTESIAN_POINT('',(1.5329632759678,1.49550577151577,0.97));
#10672=CARTESIAN_POINT('',(1.5329632759678,1.49550577151577,0.96));
#10673=CARTESIAN_POINT('Origin',(1.10997874038049,1.48426134452064,0.97));
#10674=CARTESIAN_POINT('Origin',(1.32198389783092,1.48481338405004,0.96));
#10675=CARTESIAN_POINT('Origin',(1.32198389783092,1.48481338405004,0.96));
#10676=CARTESIAN_POINT('Origin',(1.32198389783092,1.48481338405004,0.97));
#10677=CARTESIAN_POINT('Origin',(1.75578793103413,1.48203373197642,0.96));
#10678=CARTESIAN_POINT('',(1.3148682037887,1.55535274942905,0.96));
#10679=CARTESIAN_POINT('',(1.30882097559673,1.47949898515816,0.96));
#10680=CARTESIAN_POINT('Origin',(1.75578793103413,1.48203373197642,0.96));
#10681=CARTESIAN_POINT('',(1.30882097559673,1.47949898515816,0.97));
#10682=CARTESIAN_POINT('',(1.30882097559673,1.47949898515816,0.96));
#10683=CARTESIAN_POINT('',(1.3148682037887,1.55535274942905,0.97));
#10684=CARTESIAN_POINT('Origin',(1.75578793103413,1.48203373197642,0.97));
#10685=CARTESIAN_POINT('',(1.3148682037887,1.55535274942905,0.96));
#10686=CARTESIAN_POINT('Origin',(1.53885700773231,1.53128526839763,0.96));
#10687=CARTESIAN_POINT('',(1.3342988747978,1.6256579243189,0.96));
#10688=CARTESIAN_POINT('Origin',(1.53885700773231,1.53128526839763,0.96));
#10689=CARTESIAN_POINT('',(1.3342988747978,1.6256579243189,0.97));
#10690=CARTESIAN_POINT('Origin',(1.53885700773231,1.53128526839763,0.97));
#10691=CARTESIAN_POINT('',(1.3342988747978,1.6256579243189,0.96));
#10692=CARTESIAN_POINT('Origin',(1.48685443854936,1.56237996675628,0.96));
#10693=CARTESIAN_POINT('',(1.37083745826594,1.6799272348265,0.96));
#10694=CARTESIAN_POINT('Origin',(1.48685443854936,1.56237996675628,0.96));
#10695=CARTESIAN_POINT('',(1.37083745826594,1.6799272348265,0.97));
#10696=CARTESIAN_POINT('Origin',(1.48685443854936,1.56237996675628,0.97));
#10697=CARTESIAN_POINT('',(1.37083745826594,1.6799272348265,0.96));
#10698=CARTESIAN_POINT('Origin',(1.44067426482114,1.60853205806497,0.96));
#10699=CARTESIAN_POINT('',(1.40938095919391,1.70337497998094,0.96));
#10700=CARTESIAN_POINT('Origin',(1.44067426482114,1.60853205806497,0.96));
#10701=CARTESIAN_POINT('',(1.40938095919391,1.70337497998094,0.97));
#10702=CARTESIAN_POINT('Origin',(1.44067426482114,1.60853205806497,0.97));
#10703=CARTESIAN_POINT('',(1.40938095919391,1.70337497998094,0.96));
#10704=CARTESIAN_POINT('Origin',(1.46101349955236,1.57115395941977,0.96));
#10705=CARTESIAN_POINT('',(1.46238668787935,1.71309208627765,0.96));
#10706=CARTESIAN_POINT('Origin',(1.46101349955236,1.57115395941977,0.96));
#10707=CARTESIAN_POINT('',(1.46238668787935,1.71309208627765,0.97));
#10708=CARTESIAN_POINT('Origin',(1.46101349955236,1.57115395941977,0.97));
#10709=CARTESIAN_POINT('',(1.46238668787935,1.71309208627765,0.96));
#10710=CARTESIAN_POINT('Origin',(1.46375987620635,1.57115395941975,0.96));
#10711=CARTESIAN_POINT('',(1.51539241656482,1.70337497998094,0.96));
#10712=CARTESIAN_POINT('Origin',(1.46375987620635,1.57115395941975,0.96));
#10713=CARTESIAN_POINT('',(1.51539241656482,1.70337497998094,0.97));
#10714=CARTESIAN_POINT('Origin',(1.46375987620635,1.57115395941975,0.97));
#10715=CARTESIAN_POINT('',(1.51539241656482,1.70337497998094,0.96));
#10716=CARTESIAN_POINT('Origin',(1.48409911093758,1.608532058065,0.96));
#10717=CARTESIAN_POINT('',(1.55393591749277,1.6799272348265,0.96));
#10718=CARTESIAN_POINT('Origin',(1.48409911093758,1.608532058065,0.96));
#10719=CARTESIAN_POINT('',(1.55393591749277,1.6799272348265,0.97));
#10720=CARTESIAN_POINT('Origin',(1.48409911093758,1.608532058065,0.97));
#10721=CARTESIAN_POINT('',(1.55393591749277,1.6799272348265,0.96));
#10722=CARTESIAN_POINT('Origin',(1.43791893720936,1.56237996675628,0.96));
#10723=CARTESIAN_POINT('',(1.59047450096092,1.6256579243189,0.96));
#10724=CARTESIAN_POINT('Origin',(1.43791893720936,1.56237996675628,0.96));
#10725=CARTESIAN_POINT('',(1.59047450096092,1.6256579243189,0.97));
#10726=CARTESIAN_POINT('Origin',(1.43791893720936,1.56237996675628,0.97));
#10727=CARTESIAN_POINT('',(1.59047450096092,1.6256579243189,0.96));
#10728=CARTESIAN_POINT('Origin',(1.3859163680264,1.53128526839761,0.96));
#10729=CARTESIAN_POINT('',(1.60990517197003,1.55535274942905,0.96));
#10730=CARTESIAN_POINT('Origin',(1.3859163680264,1.53128526839761,0.96));
#10731=CARTESIAN_POINT('',(1.60990517197003,1.55535274942905,0.97));
#10732=CARTESIAN_POINT('Origin',(1.3859163680264,1.53128526839761,0.97));
#10733=CARTESIAN_POINT('',(1.60990517197003,1.55535274942905,0.96));
#10734=CARTESIAN_POINT('Origin',(1.16898369934891,1.48204422894241,0.96));
#10735=CARTESIAN_POINT('',(1.61595060534544,1.47950077888311,0.96));
#10736=CARTESIAN_POINT('Origin',(1.16898369934891,1.48204422894241,0.96));
#10737=CARTESIAN_POINT('',(1.61595060534544,1.47950077888311,0.97));
#10738=CARTESIAN_POINT('Origin',(1.16898369934891,1.48204422894241,0.97));
#10739=CARTESIAN_POINT('',(1.61595060534544,1.47950077888311,0.96));
#10740=CARTESIAN_POINT('Origin',(1.16898369934881,1.47695732882416,0.96));
#10741=CARTESIAN_POINT('',(1.60990517197002,1.4036488083375,0.96));
#10742=CARTESIAN_POINT('Origin',(1.16898369934881,1.47695732882416,0.96));
#10743=CARTESIAN_POINT('',(1.60990517197002,1.4036488083375,0.97));
#10744=CARTESIAN_POINT('Origin',(1.16898369934881,1.47695732882416,0.97));
#10745=CARTESIAN_POINT('',(1.60990517197002,1.4036488083375,0.96));
#10746=CARTESIAN_POINT('Origin',(1.3859163680264,1.42771628936894,0.96));
#10747=CARTESIAN_POINT('',(1.59047450096093,1.33334363344769,0.96));
#10748=CARTESIAN_POINT('Origin',(1.3859163680264,1.42771628936894,0.96));
#10749=CARTESIAN_POINT('',(1.59047450096093,1.33334363344769,0.97));
#10750=CARTESIAN_POINT('Origin',(1.3859163680264,1.42771628936894,0.97));
#10751=CARTESIAN_POINT('',(1.59047450096093,1.33334363344769,0.96));
#10752=CARTESIAN_POINT('Origin',(1.43791893720936,1.39662159101027,0.96));
#10753=CARTESIAN_POINT('',(1.55393591749277,1.27907432294006,0.96));
#10754=CARTESIAN_POINT('Origin',(1.43791893720936,1.39662159101027,0.96));
#10755=CARTESIAN_POINT('',(1.55393591749277,1.27907432294006,0.97));
#10756=CARTESIAN_POINT('Origin',(1.43791893720936,1.39662159101027,0.97));
#10757=CARTESIAN_POINT('',(1.55393591749277,1.27907432294006,0.96));
#10758=CARTESIAN_POINT('Origin',(1.48409911093758,1.35046949970158,0.96));
#10759=CARTESIAN_POINT('',(1.51539241656484,1.25562657778563,0.96));
#10760=CARTESIAN_POINT('Origin',(1.48409911093758,1.35046949970158,0.96));
#10761=CARTESIAN_POINT('',(1.51539241656484,1.25562657778563,0.97));
#10762=CARTESIAN_POINT('Origin',(1.48409911093758,1.35046949970158,0.97));
#10763=CARTESIAN_POINT('',(1.51539241656484,1.25562657778563,0.96));
#10764=CARTESIAN_POINT('Origin',(1.46375987620636,1.38784759834679,0.96));
#10765=CARTESIAN_POINT('',(1.46238668787936,1.24590947148891,0.96));
#10766=CARTESIAN_POINT('Origin',(1.46375987620636,1.38784759834679,0.96));
#10767=CARTESIAN_POINT('',(1.46238668787936,1.24590947148891,0.97));
#10768=CARTESIAN_POINT('Origin',(1.46375987620636,1.38784759834679,0.97));
#10769=CARTESIAN_POINT('',(1.46238668787936,1.24590947148891,0.96));
#10770=CARTESIAN_POINT('Origin',(1.46101349955237,1.38784759834681,0.96));
#10771=CARTESIAN_POINT('',(1.40938095919391,1.25562657778562,0.96));
#10772=CARTESIAN_POINT('Origin',(1.46101349955237,1.38784759834681,0.96));
#10773=CARTESIAN_POINT('',(1.40938095919391,1.25562657778562,0.97));
#10774=CARTESIAN_POINT('Origin',(1.46101349955237,1.38784759834681,0.97));
#10775=CARTESIAN_POINT('',(1.40938095919391,1.25562657778562,0.96));
#10776=CARTESIAN_POINT('Origin',(1.44067426482116,1.35046949970158,0.96));
#10777=CARTESIAN_POINT('',(1.37003249892563,1.27987069145527,0.96));
#10778=CARTESIAN_POINT('Origin',(1.44067426482116,1.35046949970158,0.96));
#10779=CARTESIAN_POINT('',(1.37003249892563,1.27987069145527,0.97));
#10780=CARTESIAN_POINT('Origin',(1.44067426482116,1.35046949970158,0.97));
#10781=CARTESIAN_POINT('',(1.37003249892563,1.27987069145527,0.96));
#10782=CARTESIAN_POINT('Origin',(1.4868526437328,1.39661979728517,0.96));
#10783=CARTESIAN_POINT('',(1.33429707998126,1.33334183972255,0.96));
#10784=CARTESIAN_POINT('Origin',(1.4868526437328,1.39661979728517,0.96));
#10785=CARTESIAN_POINT('',(1.33429707998126,1.33334183972255,0.97));
#10786=CARTESIAN_POINT('Origin',(1.4868526437328,1.39661979728517,0.97));
#10787=CARTESIAN_POINT('',(1.33429707998126,1.33334183972255,0.96));
#10788=CARTESIAN_POINT('Origin',(1.53885521291577,1.42771449564384,0.96));
#10789=CARTESIAN_POINT('',(1.31486640897215,1.40364701461238,0.96));
#10790=CARTESIAN_POINT('Origin',(1.53885521291577,1.42771449564384,0.96));
#10791=CARTESIAN_POINT('',(1.31486640897215,1.40364701461238,0.97));
#10792=CARTESIAN_POINT('Origin',(1.53885521291577,1.42771449564384,0.97));
#10793=CARTESIAN_POINT('',(1.31486640897215,1.40364701461238,0.96));
#10794=CARTESIAN_POINT('Origin',(1.75578788159329,1.47695553509905,0.96));
#10795=CARTESIAN_POINT('Origin',(1.75578788159329,1.47695553509905,0.96));
#10796=CARTESIAN_POINT('Origin',(1.75578788159329,1.47695553509905,0.97));
#10797=CARTESIAN_POINT('Origin',(1.46238609003726,1.47950047639215,0.97));
#10798=CARTESIAN_POINT('Origin',(1.46238609003726,1.47950047639215,0.96));
#10799=CARTESIAN_POINT('',(0.,0.,0.));
#10800=CARTESIAN_POINT('Origin',(-1.15000000000003,-1.69999999999999,0.));
#10801=CARTESIAN_POINT('',(-1.15000000000003,-1.69999999999999,0.));
#10802=CARTESIAN_POINT('',(-1.45000000000004,-1.69999999999999,0.));
#10803=CARTESIAN_POINT('',(-1.15000000000003,-1.69999999999999,0.));
#10804=CARTESIAN_POINT('',(-1.45000000000004,-1.69999999999999,0.26));
#10805=CARTESIAN_POINT('',(-1.45000000000004,-1.69999999999999,0.));
#10806=CARTESIAN_POINT('',(-1.15000000000003,-1.69999999999999,0.26));
#10807=CARTESIAN_POINT('',(-1.15000000000003,-1.69999999999999,0.26));
#10808=CARTESIAN_POINT('',(-1.15000000000003,-1.69999999999999,0.));
#10809=CARTESIAN_POINT('Origin',(-1.15000000000003,-2.44999999999999,0.));
#10810=CARTESIAN_POINT('',(-1.15000000000003,-2.44999999999999,0.));
#10811=CARTESIAN_POINT('',(-1.15000000000003,-2.44999999999999,0.));
#10812=CARTESIAN_POINT('',(-1.15000000000003,-2.44999999999999,0.26));
#10813=CARTESIAN_POINT('',(-1.15000000000003,-2.44999999999999,0.26));
#10814=CARTESIAN_POINT('',(-1.15000000000003,-2.44999999999999,0.));
#10815=CARTESIAN_POINT('Origin',(-1.45000000000004,-2.44999999999999,0.));
#10816=CARTESIAN_POINT('',(-1.45000000000004,-2.44999999999999,0.));
#10817=CARTESIAN_POINT('',(-1.45000000000004,-2.44999999999999,0.));
#10818=CARTESIAN_POINT('',(-1.45000000000004,-2.44999999999999,0.26));
#10819=CARTESIAN_POINT('',(-1.45000000000004,-2.44999999999999,0.26));
#10820=CARTESIAN_POINT('',(-1.45000000000004,-2.44999999999999,0.));
#10821=CARTESIAN_POINT('Origin',(-1.45000000000004,-1.69999999999999,0.));
#10822=CARTESIAN_POINT('',(-1.45000000000004,-1.69999999999999,0.));
#10823=CARTESIAN_POINT('',(-1.45000000000004,-1.69999999999999,0.26));
#10824=CARTESIAN_POINT('Origin',(-1.30000000000004,-2.07499999999999,0.26));
#10825=CARTESIAN_POINT('Origin',(-1.30000000000004,-2.07499999999999,0.));
#10826=CARTESIAN_POINT('Origin',(1.79999999999998,-1.69999999999999,0.));
#10827=CARTESIAN_POINT('',(1.79999999999998,-1.69999999999999,0.));
#10828=CARTESIAN_POINT('',(1.79999999999998,-2.44999999999999,0.));
#10829=CARTESIAN_POINT('',(1.79999999999998,-1.69999999999999,0.));
#10830=CARTESIAN_POINT('',(1.79999999999998,-2.44999999999999,0.26));
#10831=CARTESIAN_POINT('',(1.79999999999998,-2.44999999999999,0.));
#10832=CARTESIAN_POINT('',(1.79999999999998,-1.69999999999999,0.26));
#10833=CARTESIAN_POINT('',(1.79999999999998,-1.69999999999999,0.26));
#10834=CARTESIAN_POINT('',(1.79999999999998,-1.69999999999999,0.));
#10835=CARTESIAN_POINT('Origin',(2.1,-1.69999999999999,0.));
#10836=CARTESIAN_POINT('',(2.1,-1.69999999999999,0.));
#10837=CARTESIAN_POINT('',(2.1,-1.69999999999999,0.));
#10838=CARTESIAN_POINT('',(2.1,-1.69999999999999,0.26));
#10839=CARTESIAN_POINT('',(2.1,-1.69999999999999,0.26));
#10840=CARTESIAN_POINT('',(2.1,-1.69999999999999,0.));
#10841=CARTESIAN_POINT('Origin',(2.1,-2.44999999999999,0.));
#10842=CARTESIAN_POINT('',(2.1,-2.44999999999999,0.));
#10843=CARTESIAN_POINT('',(2.1,-2.44999999999999,0.));
#10844=CARTESIAN_POINT('',(2.1,-2.44999999999999,0.26));
#10845=CARTESIAN_POINT('',(2.1,-2.44999999999999,0.26));
#10846=CARTESIAN_POINT('',(2.1,-2.44999999999999,0.));
#10847=CARTESIAN_POINT('Origin',(1.79999999999998,-2.44999999999999,0.));
#10848=CARTESIAN_POINT('',(1.79999999999998,-2.44999999999999,0.));
#10849=CARTESIAN_POINT('',(1.79999999999998,-2.44999999999999,0.26));
#10850=CARTESIAN_POINT('Origin',(1.94999999999999,-2.07499999999999,0.26));
#10851=CARTESIAN_POINT('Origin',(1.94999999999999,-2.07499999999999,0.));
#10852=CARTESIAN_POINT('Origin',(-0.150000000000032,-1.69999999999999,0.));
#10853=CARTESIAN_POINT('',(-0.150000000000032,-1.69999999999999,0.));
#10854=CARTESIAN_POINT('',(-0.150000000000032,-2.44999999999999,0.));
#10855=CARTESIAN_POINT('',(-0.150000000000032,-1.69999999999999,0.));
#10856=CARTESIAN_POINT('',(-0.150000000000032,-2.44999999999999,0.26));
#10857=CARTESIAN_POINT('',(-0.150000000000032,-2.44999999999999,0.));
#10858=CARTESIAN_POINT('',(-0.150000000000032,-1.69999999999999,0.26));
#10859=CARTESIAN_POINT('',(-0.150000000000032,-1.69999999999999,0.26));
#10860=CARTESIAN_POINT('',(-0.150000000000032,-1.69999999999999,0.));
#10861=CARTESIAN_POINT('Origin',(0.149999999999979,-1.69999999999999,0.));
#10862=CARTESIAN_POINT('',(0.149999999999979,-1.69999999999999,0.));
#10863=CARTESIAN_POINT('',(0.149999999999979,-1.69999999999999,0.));
#10864=CARTESIAN_POINT('',(0.149999999999979,-1.69999999999999,0.26));
#10865=CARTESIAN_POINT('',(0.149999999999979,-1.69999999999999,0.26));
#10866=CARTESIAN_POINT('',(0.149999999999979,-1.69999999999999,0.));
#10867=CARTESIAN_POINT('Origin',(0.149999999999979,-2.44999999999999,0.));
#10868=CARTESIAN_POINT('',(0.149999999999979,-2.44999999999999,0.));
#10869=CARTESIAN_POINT('',(0.149999999999979,-2.44999999999999,0.));
#10870=CARTESIAN_POINT('',(0.149999999999979,-2.44999999999999,0.26));
#10871=CARTESIAN_POINT('',(0.149999999999979,-2.44999999999999,0.26));
#10872=CARTESIAN_POINT('',(0.149999999999979,-2.44999999999999,0.));
#10873=CARTESIAN_POINT('Origin',(-0.150000000000032,-2.44999999999999,0.));
#10874=CARTESIAN_POINT('',(-0.150000000000032,-2.44999999999999,0.));
#10875=CARTESIAN_POINT('',(-0.150000000000032,-2.44999999999999,0.26));
#10876=CARTESIAN_POINT('Origin',(-2.66453525910038E-14,-2.07499999999999,
0.26));
#10877=CARTESIAN_POINT('Origin',(-2.6648140539447E-14,-2.07499999999999,
0.));
#10878=CARTESIAN_POINT('Origin',(0.499999999999974,-1.69999999999999,0.));
#10879=CARTESIAN_POINT('',(0.499999999999974,-2.44999999999999,0.));
#10880=CARTESIAN_POINT('',(0.499999999999974,-1.69999999999999,0.));
#10881=CARTESIAN_POINT('',(0.499999999999974,-2.44999999999999,0.));
#10882=CARTESIAN_POINT('',(0.499999999999974,-2.44999999999999,0.26));
#10883=CARTESIAN_POINT('',(0.499999999999974,-2.44999999999999,0.));
#10884=CARTESIAN_POINT('',(0.499999999999974,-1.69999999999999,0.26));
#10885=CARTESIAN_POINT('',(0.499999999999974,-2.44999999999999,0.26));
#10886=CARTESIAN_POINT('',(0.499999999999974,-1.69999999999999,0.));
#10887=CARTESIAN_POINT('Origin',(0.799999999999985,-1.69999999999999,0.));
#10888=CARTESIAN_POINT('',(0.799999999999985,-1.69999999999999,0.));
#10889=CARTESIAN_POINT('',(0.499999999999974,-1.69999999999999,0.));
#10890=CARTESIAN_POINT('',(0.799999999999985,-1.69999999999999,0.26));
#10891=CARTESIAN_POINT('',(0.499999999999974,-1.69999999999999,0.26));
#10892=CARTESIAN_POINT('',(0.799999999999985,-1.69999999999999,0.));
#10893=CARTESIAN_POINT('Origin',(0.799999999999985,-2.44999999999999,0.));
#10894=CARTESIAN_POINT('',(0.799999999999985,-2.44999999999999,0.));
#10895=CARTESIAN_POINT('',(0.799999999999985,-1.69999999999999,0.));
#10896=CARTESIAN_POINT('',(0.799999999999985,-2.44999999999999,0.26));
#10897=CARTESIAN_POINT('',(0.799999999999985,-1.69999999999999,0.26));
#10898=CARTESIAN_POINT('',(0.799999999999985,-2.44999999999999,0.));
#10899=CARTESIAN_POINT('Origin',(0.499999999999974,-2.44999999999999,0.));
#10900=CARTESIAN_POINT('',(0.799999999999985,-2.44999999999999,0.));
#10901=CARTESIAN_POINT('',(0.799999999999985,-2.44999999999999,0.26));
#10902=CARTESIAN_POINT('Origin',(0.649999999999979,-2.07499999999999,0.));
#10903=CARTESIAN_POINT('Origin',(0.649999999999979,-2.07499999999999,0.26));
#10904=CARTESIAN_POINT('Origin',(1.14999999999998,-1.69999999999999,0.));
#10905=CARTESIAN_POINT('',(1.14999999999998,-1.69999999999999,0.));
#10906=CARTESIAN_POINT('',(1.14999999999998,-2.44999999999999,0.));
#10907=CARTESIAN_POINT('',(1.14999999999998,-1.69999999999999,0.));
#10908=CARTESIAN_POINT('',(1.14999999999998,-2.44999999999999,0.26));
#10909=CARTESIAN_POINT('',(1.14999999999998,-2.44999999999999,0.));
#10910=CARTESIAN_POINT('',(1.14999999999998,-1.69999999999999,0.26));
#10911=CARTESIAN_POINT('',(1.14999999999998,-1.69999999999999,0.26));
#10912=CARTESIAN_POINT('',(1.14999999999998,-1.69999999999999,0.));
#10913=CARTESIAN_POINT('Origin',(1.44999999999999,-1.69999999999999,0.));
#10914=CARTESIAN_POINT('',(1.44999999999999,-1.69999999999999,0.));
#10915=CARTESIAN_POINT('',(1.44999999999999,-1.69999999999999,0.));
#10916=CARTESIAN_POINT('',(1.44999999999999,-1.69999999999999,0.26));
#10917=CARTESIAN_POINT('',(1.44999999999999,-1.69999999999999,0.26));
#10918=CARTESIAN_POINT('',(1.44999999999999,-1.69999999999999,0.));
#10919=CARTESIAN_POINT('Origin',(1.44999999999999,-2.44999999999999,0.));
#10920=CARTESIAN_POINT('',(1.44999999999999,-2.44999999999999,0.));
#10921=CARTESIAN_POINT('',(1.44999999999999,-2.44999999999999,0.));
#10922=CARTESIAN_POINT('',(1.44999999999999,-2.44999999999999,0.26));
#10923=CARTESIAN_POINT('',(1.44999999999999,-2.44999999999999,0.26));
#10924=CARTESIAN_POINT('',(1.44999999999999,-2.44999999999999,0.));
#10925=CARTESIAN_POINT('Origin',(1.14999999999998,-2.44999999999999,0.));
#10926=CARTESIAN_POINT('',(1.14999999999998,-2.44999999999999,0.));
#10927=CARTESIAN_POINT('',(1.14999999999998,-2.44999999999999,0.26));
#10928=CARTESIAN_POINT('Origin',(1.29999999999999,-2.07499999999999,0.26));
#10929=CARTESIAN_POINT('Origin',(1.29999999999999,-2.07499999999999,0.));
#10930=CARTESIAN_POINT('Origin',(-0.500000000000025,-2.44999999999999,0.));
#10931=CARTESIAN_POINT('',(-0.500000000000025,-2.44999999999999,0.));
#10932=CARTESIAN_POINT('',(-0.500000000000025,-1.69999999999999,0.));
#10933=CARTESIAN_POINT('',(-0.500000000000025,-2.44999999999999,0.));
#10934=CARTESIAN_POINT('',(-0.500000000000025,-1.69999999999999,0.26));
#10935=CARTESIAN_POINT('',(-0.500000000000025,-1.69999999999999,0.));
#10936=CARTESIAN_POINT('',(-0.500000000000025,-2.44999999999999,0.26));
#10937=CARTESIAN_POINT('',(-0.500000000000025,-2.44999999999999,0.26));
#10938=CARTESIAN_POINT('',(-0.500000000000025,-2.44999999999999,0.));
#10939=CARTESIAN_POINT('Origin',(-0.800000000000036,-2.44999999999999,0.));
#10940=CARTESIAN_POINT('',(-0.800000000000036,-2.44999999999999,0.));
#10941=CARTESIAN_POINT('',(-0.800000000000036,-2.44999999999999,0.));
#10942=CARTESIAN_POINT('',(-0.800000000000036,-2.44999999999999,0.26));
#10943=CARTESIAN_POINT('',(-0.800000000000036,-2.44999999999999,0.26));
#10944=CARTESIAN_POINT('',(-0.800000000000036,-2.44999999999999,0.));
#10945=CARTESIAN_POINT('Origin',(-0.800000000000036,-1.69999999999999,0.));
#10946=CARTESIAN_POINT('',(-0.800000000000036,-1.69999999999999,0.));
#10947=CARTESIAN_POINT('',(-0.800000000000036,-1.69999999999999,0.));
#10948=CARTESIAN_POINT('',(-0.800000000000036,-1.69999999999999,0.26));
#10949=CARTESIAN_POINT('',(-0.800000000000036,-1.69999999999999,0.26));
#10950=CARTESIAN_POINT('',(-0.800000000000036,-1.69999999999999,0.));
#10951=CARTESIAN_POINT('Origin',(-0.500000000000025,-1.69999999999999,0.));
#10952=CARTESIAN_POINT('',(-0.500000000000025,-1.69999999999999,0.));
#10953=CARTESIAN_POINT('',(-0.500000000000025,-1.69999999999999,0.26));
#10954=CARTESIAN_POINT('Origin',(-0.65000000000003,-2.07499999999999,0.26));
#10955=CARTESIAN_POINT('Origin',(-0.65000000000003,-2.07499999999999,0.));
#10956=CARTESIAN_POINT('Origin',(-1.80000000000004,-2.44999999999999,0.));
#10957=CARTESIAN_POINT('',(-1.80000000000004,-2.44999999999999,0.));
#10958=CARTESIAN_POINT('',(-1.80000000000004,-1.69999999999999,0.));
#10959=CARTESIAN_POINT('',(-1.80000000000004,-2.44999999999999,0.));
#10960=CARTESIAN_POINT('',(-1.80000000000004,-1.69999999999999,0.26));
#10961=CARTESIAN_POINT('',(-1.80000000000004,-1.69999999999999,0.));
#10962=CARTESIAN_POINT('',(-1.80000000000004,-2.44999999999999,0.26));
#10963=CARTESIAN_POINT('',(-1.80000000000004,-2.44999999999999,0.26));
#10964=CARTESIAN_POINT('',(-1.80000000000004,-2.44999999999999,0.));
#10965=CARTESIAN_POINT('Origin',(-2.10000000000005,-2.44999999999999,0.));
#10966=CARTESIAN_POINT('',(-2.10000000000005,-2.44999999999999,0.));
#10967=CARTESIAN_POINT('',(-2.10000000000005,-2.44999999999999,0.));
#10968=CARTESIAN_POINT('',(-2.10000000000005,-2.44999999999999,0.26));
#10969=CARTESIAN_POINT('',(-2.10000000000005,-2.44999999999999,0.26));
#10970=CARTESIAN_POINT('',(-2.10000000000005,-2.44999999999999,0.));
#10971=CARTESIAN_POINT('Origin',(-2.10000000000005,-1.69999999999999,0.));
#10972=CARTESIAN_POINT('',(-2.10000000000005,-1.69999999999999,0.));
#10973=CARTESIAN_POINT('',(-2.10000000000005,-1.69999999999999,0.));
#10974=CARTESIAN_POINT('',(-2.10000000000005,-1.69999999999999,0.26));
#10975=CARTESIAN_POINT('',(-2.10000000000005,-1.69999999999999,0.26));
#10976=CARTESIAN_POINT('',(-2.10000000000005,-1.69999999999999,0.));
#10977=CARTESIAN_POINT('Origin',(-1.80000000000004,-1.69999999999999,0.));
#10978=CARTESIAN_POINT('',(-1.80000000000004,-1.69999999999999,0.));
#10979=CARTESIAN_POINT('',(-1.80000000000004,-1.69999999999999,0.26));
#10980=CARTESIAN_POINT('Origin',(-1.95000000000004,-2.07499999999999,0.26));
#10981=CARTESIAN_POINT('Origin',(-1.95000000000004,-2.07499999999999,0.));
#10982=CARTESIAN_POINT('',(0.,0.,0.));
#10983=CARTESIAN_POINT('Origin',(-1.44999999999999,2.44999999999999,0.));
#10984=CARTESIAN_POINT('',(-1.44999999999999,1.69999999999999,0.));
#10985=CARTESIAN_POINT('',(-1.44999999999999,2.44999999999999,0.));
#10986=CARTESIAN_POINT('',(-1.44999999999999,1.69999999999999,0.));
#10987=CARTESIAN_POINT('',(-1.44999999999999,1.69999999999999,0.26));
#10988=CARTESIAN_POINT('',(-1.44999999999999,1.69999999999999,0.));
#10989=CARTESIAN_POINT('',(-1.44999999999999,2.44999999999999,0.26));
#10990=CARTESIAN_POINT('',(-1.44999999999999,1.69999999999999,0.26));
#10991=CARTESIAN_POINT('',(-1.44999999999999,2.44999999999999,0.));
#10992=CARTESIAN_POINT('Origin',(-1.14999999999998,2.44999999999999,0.));
#10993=CARTESIAN_POINT('',(-1.14999999999998,2.44999999999999,0.));
#10994=CARTESIAN_POINT('',(-1.44999999999999,2.44999999999999,0.));
#10995=CARTESIAN_POINT('',(-1.14999999999998,2.44999999999999,0.26));
#10996=CARTESIAN_POINT('',(-1.44999999999999,2.44999999999999,0.26));
#10997=CARTESIAN_POINT('',(-1.14999999999998,2.44999999999999,0.));
#10998=CARTESIAN_POINT('Origin',(-1.14999999999998,1.69999999999999,0.));
#10999=CARTESIAN_POINT('',(-1.14999999999998,1.69999999999999,0.));
#11000=CARTESIAN_POINT('',(-1.14999999999998,2.44999999999999,0.));
#11001=CARTESIAN_POINT('',(-1.14999999999998,1.69999999999999,0.26));
#11002=CARTESIAN_POINT('',(-1.14999999999998,2.44999999999999,0.26));
#11003=CARTESIAN_POINT('',(-1.14999999999998,1.69999999999999,0.));
#11004=CARTESIAN_POINT('Origin',(-1.44999999999999,1.69999999999999,0.));
#11005=CARTESIAN_POINT('',(-1.14999999999998,1.69999999999999,0.));
#11006=CARTESIAN_POINT('',(-1.14999999999998,1.69999999999999,0.26));
#11007=CARTESIAN_POINT('Origin',(-1.29999999999998,2.07499999999999,0.));
#11008=CARTESIAN_POINT('Origin',(-1.29999999999998,2.07499999999999,0.26));
#11009=CARTESIAN_POINT('Origin',(2.10000000000005,1.69999999999999,0.));
#11010=CARTESIAN_POINT('',(2.10000000000005,2.44999999999999,0.));
#11011=CARTESIAN_POINT('',(2.10000000000005,1.69999999999999,0.));
#11012=CARTESIAN_POINT('',(2.10000000000005,2.44999999999999,0.));
#11013=CARTESIAN_POINT('',(2.10000000000005,2.44999999999999,0.26));
#11014=CARTESIAN_POINT('',(2.10000000000005,2.44999999999999,0.));
#11015=CARTESIAN_POINT('',(2.10000000000005,1.69999999999999,0.26));
#11016=CARTESIAN_POINT('',(2.10000000000005,2.44999999999999,0.26));
#11017=CARTESIAN_POINT('',(2.10000000000005,1.69999999999999,0.));
#11018=CARTESIAN_POINT('Origin',(1.80000000000004,1.69999999999999,0.));
#11019=CARTESIAN_POINT('',(1.80000000000004,1.69999999999999,0.));
#11020=CARTESIAN_POINT('',(2.10000000000005,1.69999999999999,0.));
#11021=CARTESIAN_POINT('',(1.80000000000004,1.69999999999999,0.26));
#11022=CARTESIAN_POINT('',(2.10000000000005,1.69999999999999,0.26));
#11023=CARTESIAN_POINT('',(1.80000000000004,1.69999999999999,0.));
#11024=CARTESIAN_POINT('Origin',(1.80000000000004,2.44999999999999,0.));
#11025=CARTESIAN_POINT('',(1.80000000000004,2.44999999999999,0.));
#11026=CARTESIAN_POINT('',(1.80000000000004,1.69999999999999,0.));
#11027=CARTESIAN_POINT('',(1.80000000000004,2.44999999999999,0.26));
#11028=CARTESIAN_POINT('',(1.80000000000004,1.69999999999999,0.26));
#11029=CARTESIAN_POINT('',(1.80000000000004,2.44999999999999,0.));
#11030=CARTESIAN_POINT('Origin',(2.10000000000005,2.44999999999999,0.));
#11031=CARTESIAN_POINT('',(1.80000000000004,2.44999999999999,0.));
#11032=CARTESIAN_POINT('',(1.80000000000004,2.44999999999999,0.26));
#11033=CARTESIAN_POINT('Origin',(1.95000000000005,2.07499999999999,0.));
#11034=CARTESIAN_POINT('Origin',(1.95000000000005,2.07499999999999,0.26));
#11035=CARTESIAN_POINT('Origin',(0.800000000000042,1.69999999999999,0.));
#11036=CARTESIAN_POINT('',(0.800000000000042,2.45000000000005,0.));
#11037=CARTESIAN_POINT('',(0.800000000000042,1.69999999999999,0.));
#11038=CARTESIAN_POINT('',(0.800000000000042,2.45000000000005,0.));
#11039=CARTESIAN_POINT('',(0.800000000000042,2.45000000000005,0.26));
#11040=CARTESIAN_POINT('',(0.800000000000042,2.45000000000005,0.));
#11041=CARTESIAN_POINT('',(0.800000000000042,1.69999999999999,0.26));
#11042=CARTESIAN_POINT('',(0.800000000000042,2.45000000000005,0.26));
#11043=CARTESIAN_POINT('',(0.800000000000042,1.69999999999999,0.));
#11044=CARTESIAN_POINT('Origin',(0.500000000000026,1.70000000000005,0.));
#11045=CARTESIAN_POINT('',(0.500000000000026,1.70000000000005,0.));
#11046=CARTESIAN_POINT('',(0.800000000000042,1.69999999999999,0.));
#11047=CARTESIAN_POINT('',(0.500000000000026,1.70000000000005,0.26));
#11048=CARTESIAN_POINT('',(0.800000000000042,1.69999999999999,0.26));
#11049=CARTESIAN_POINT('',(0.500000000000026,1.70000000000005,0.));
#11050=CARTESIAN_POINT('Origin',(0.500000000000026,2.45000000000005,0.));
#11051=CARTESIAN_POINT('',(0.500000000000026,2.45000000000005,0.));
#11052=CARTESIAN_POINT('',(0.500000000000026,1.70000000000005,0.));
#11053=CARTESIAN_POINT('',(0.500000000000026,2.45000000000005,0.26));
#11054=CARTESIAN_POINT('',(0.500000000000026,1.70000000000005,0.26));
#11055=CARTESIAN_POINT('',(0.500000000000026,2.45000000000005,0.));
#11056=CARTESIAN_POINT('Origin',(0.800000000000042,2.45000000000005,0.));
#11057=CARTESIAN_POINT('',(0.500000000000026,2.45000000000005,0.));
#11058=CARTESIAN_POINT('',(0.500000000000026,2.45000000000005,0.26));
#11059=CARTESIAN_POINT('Origin',(0.650000000000038,2.07500000000003,0.));
#11060=CARTESIAN_POINT('Origin',(0.650000000000038,2.07500000000003,0.26));
#11061=CARTESIAN_POINT('Origin',(1.45000000000005,1.69999999999999,0.));
#11062=CARTESIAN_POINT('',(1.45000000000005,2.44999999999999,0.));
#11063=CARTESIAN_POINT('',(1.45000000000005,1.69999999999999,0.));
#11064=CARTESIAN_POINT('',(1.45000000000005,2.44999999999999,0.));
#11065=CARTESIAN_POINT('',(1.45000000000005,2.44999999999999,0.26));
#11066=CARTESIAN_POINT('',(1.45000000000005,2.44999999999999,0.));
#11067=CARTESIAN_POINT('',(1.45000000000005,1.69999999999999,0.26));
#11068=CARTESIAN_POINT('',(1.45000000000005,2.44999999999999,0.26));
#11069=CARTESIAN_POINT('',(1.45000000000005,1.69999999999999,0.));
#11070=CARTESIAN_POINT('Origin',(1.15000000000004,1.69999999999999,0.));
#11071=CARTESIAN_POINT('',(1.15000000000004,1.69999999999999,0.));
#11072=CARTESIAN_POINT('',(1.45000000000005,1.69999999999999,0.));
#11073=CARTESIAN_POINT('',(1.15000000000004,1.69999999999999,0.26));
#11074=CARTESIAN_POINT('',(1.45000000000005,1.69999999999999,0.26));
#11075=CARTESIAN_POINT('',(1.15000000000004,1.69999999999999,0.));
#11076=CARTESIAN_POINT('Origin',(1.15000000000004,2.44999999999999,0.));
#11077=CARTESIAN_POINT('',(1.15000000000004,2.44999999999999,0.));
#11078=CARTESIAN_POINT('',(1.15000000000004,1.69999999999999,0.));
#11079=CARTESIAN_POINT('',(1.15000000000004,2.44999999999999,0.26));
#11080=CARTESIAN_POINT('',(1.15000000000004,1.69999999999999,0.26));
#11081=CARTESIAN_POINT('',(1.15000000000004,2.44999999999999,0.));
#11082=CARTESIAN_POINT('Origin',(1.45000000000005,2.44999999999999,0.));
#11083=CARTESIAN_POINT('',(1.15000000000004,2.44999999999999,0.));
#11084=CARTESIAN_POINT('',(1.15000000000004,2.44999999999999,0.26));
#11085=CARTESIAN_POINT('Origin',(1.30000000000004,2.07499999999999,0.));
#11086=CARTESIAN_POINT('Origin',(1.30000000000004,2.07499999999999,0.26));
#11087=CARTESIAN_POINT('Origin',(-0.799999999999982,2.45000000000005,0.));
#11088=CARTESIAN_POINT('',(-0.799999999999982,1.69999999999999,0.));
#11089=CARTESIAN_POINT('',(-0.799999999999982,2.45000000000005,0.));
#11090=CARTESIAN_POINT('',(-0.799999999999982,1.69999999999999,0.));
#11091=CARTESIAN_POINT('',(-0.799999999999982,1.69999999999999,0.26));
#11092=CARTESIAN_POINT('',(-0.799999999999982,1.69999999999999,0.));
#11093=CARTESIAN_POINT('',(-0.799999999999982,2.45000000000005,0.26));
#11094=CARTESIAN_POINT('',(-0.799999999999982,1.69999999999999,0.26));
#11095=CARTESIAN_POINT('',(-0.799999999999982,2.45000000000005,0.));
#11096=CARTESIAN_POINT('Origin',(-0.49999999999997,2.45000000000005,0.));
#11097=CARTESIAN_POINT('',(-0.49999999999997,2.45000000000005,0.));
#11098=CARTESIAN_POINT('',(-0.799999999999982,2.45000000000005,0.));
#11099=CARTESIAN_POINT('',(-0.49999999999997,2.45000000000005,0.26));
#11100=CARTESIAN_POINT('',(-0.799999999999982,2.45000000000005,0.26));
#11101=CARTESIAN_POINT('',(-0.49999999999997,2.45000000000005,0.));
#11102=CARTESIAN_POINT('Origin',(-0.49999999999997,1.70000000000005,0.));
#11103=CARTESIAN_POINT('',(-0.49999999999997,1.70000000000005,0.));
#11104=CARTESIAN_POINT('',(-0.49999999999997,2.45000000000005,0.));
#11105=CARTESIAN_POINT('',(-0.49999999999997,1.70000000000005,0.26));
#11106=CARTESIAN_POINT('',(-0.49999999999997,2.45000000000005,0.26));
#11107=CARTESIAN_POINT('',(-0.49999999999997,1.70000000000005,0.));
#11108=CARTESIAN_POINT('Origin',(-0.799999999999982,1.69999999999999,0.));
#11109=CARTESIAN_POINT('',(-0.49999999999997,1.70000000000005,0.));
#11110=CARTESIAN_POINT('',(-0.49999999999997,1.70000000000005,0.26));
#11111=CARTESIAN_POINT('Origin',(-0.64999999999998,2.07500000000003,0.));
#11112=CARTESIAN_POINT('Origin',(-0.64999999999998,2.07500000000003,0.26));
#11113=CARTESIAN_POINT('Origin',(-2.09999999999999,2.44999999999999,0.));
#11114=CARTESIAN_POINT('',(-2.09999999999999,1.69999999999999,0.));
#11115=CARTESIAN_POINT('',(-2.09999999999999,2.44999999999999,0.));
#11116=CARTESIAN_POINT('',(-2.09999999999999,1.69999999999999,0.));
#11117=CARTESIAN_POINT('',(-2.09999999999999,1.69999999999999,0.26));
#11118=CARTESIAN_POINT('',(-2.09999999999999,1.69999999999999,0.));
#11119=CARTESIAN_POINT('',(-2.09999999999999,2.44999999999999,0.26));
#11120=CARTESIAN_POINT('',(-2.09999999999999,1.69999999999999,0.26));
#11121=CARTESIAN_POINT('',(-2.09999999999999,2.44999999999999,0.));
#11122=CARTESIAN_POINT('Origin',(-1.79999999999998,2.44999999999999,0.));
#11123=CARTESIAN_POINT('',(-1.79999999999998,2.44999999999999,0.));
#11124=CARTESIAN_POINT('',(-2.09999999999999,2.44999999999999,0.));
#11125=CARTESIAN_POINT('',(-1.79999999999998,2.44999999999999,0.26));
#11126=CARTESIAN_POINT('',(-2.09999999999999,2.44999999999999,0.26));
#11127=CARTESIAN_POINT('',(-1.79999999999998,2.44999999999999,0.));
#11128=CARTESIAN_POINT('Origin',(-1.79999999999998,1.69999999999999,0.));
#11129=CARTESIAN_POINT('',(-1.79999999999998,1.69999999999999,0.));
#11130=CARTESIAN_POINT('',(-1.79999999999998,2.44999999999999,0.));
#11131=CARTESIAN_POINT('',(-1.79999999999998,1.69999999999999,0.26));
#11132=CARTESIAN_POINT('',(-1.79999999999998,2.44999999999999,0.26));
#11133=CARTESIAN_POINT('',(-1.79999999999998,1.69999999999999,0.));
#11134=CARTESIAN_POINT('Origin',(-2.09999999999999,1.69999999999999,0.));
#11135=CARTESIAN_POINT('',(-1.79999999999998,1.69999999999999,0.));
#11136=CARTESIAN_POINT('',(-1.79999999999998,1.69999999999999,0.26));
#11137=CARTESIAN_POINT('Origin',(-1.94999999999999,2.07499999999999,0.));
#11138=CARTESIAN_POINT('Origin',(-1.94999999999999,2.07499999999999,0.26));
#11139=CARTESIAN_POINT('',(0.,0.,0.));
#11140=CARTESIAN_POINT('Origin',(-2.30054816150877,-2.30000000000001,0.26));
#11141=CARTESIAN_POINT('',(-2.30054816150877,-2.30000000000001,0.26));
#11142=CARTESIAN_POINT('',(-2.30054816150877,-1.93968699620905,0.26));
#11143=CARTESIAN_POINT('',(-2.30054816150877,-1.15000000000001,0.26));
#11144=CARTESIAN_POINT('',(-2.30054816150877,-2.30000000000001,0.2601));
#11145=CARTESIAN_POINT('',(-2.30054816150877,-2.30000000000001,0.26));
#11146=CARTESIAN_POINT('',(-2.30054816150877,-1.93968699620905,0.2601));
#11147=CARTESIAN_POINT('',(-2.30054816150877,-2.30000000000001,0.2601));
#11148=CARTESIAN_POINT('',(-2.30054816150877,-1.93968699620905,0.26));
#11149=CARTESIAN_POINT('Origin',(-2.32554816150878,-2.30000000000001,0.26));
#11150=CARTESIAN_POINT('',(-2.32554816150878,-2.30000000000001,0.26));
#11151=CARTESIAN_POINT('',(-1.16277408075469,-2.30000000000032,0.26));
#11152=CARTESIAN_POINT('',(-2.32554816150878,-2.30000000000001,0.2601));
#11153=CARTESIAN_POINT('',(-2.32554816150878,-2.30000000000001,0.26));
#11154=CARTESIAN_POINT('',(-2.32554816150878,-2.30000000000001,0.2601));
#11155=CARTESIAN_POINT('Origin',(-2.32554816150875,-2.50000000000002,0.26));
#11156=CARTESIAN_POINT('',(-2.32554816150875,-2.50000000000002,0.26));
#11157=CARTESIAN_POINT('',(-2.32554816150892,-1.25000000000017,0.26));
#11158=CARTESIAN_POINT('',(-2.32554816150875,-2.50000000000002,0.2601));
#11159=CARTESIAN_POINT('',(-2.32554816150875,-2.5,0.26));
#11160=CARTESIAN_POINT('',(-2.32554816150875,-2.50000000000002,0.2601));
#11161=CARTESIAN_POINT('Origin',(-2.37554816150879,-2.30000000000001,0.26));
#11162=CARTESIAN_POINT('',(-2.37554816150879,-2.30000000000001,0.26));
#11163=CARTESIAN_POINT('',(-2.37554816150876,-2.50000000000003,0.26));
#11164=CARTESIAN_POINT('',(-2.37554816150894,-1.15000000000016,0.26));
#11165=CARTESIAN_POINT('',(-2.37554816150879,-2.30000000000001,0.2601));
#11166=CARTESIAN_POINT('',(-2.37554816150879,-2.30000000000001,0.26));
#11167=CARTESIAN_POINT('',(-2.37554816150876,-2.50000000000003,0.2601));
#11168=CARTESIAN_POINT('',(-2.37554816150879,-2.30000000000001,0.2601));
#11169=CARTESIAN_POINT('',(-2.37554816150876,-2.5,0.26));
#11170=CARTESIAN_POINT('Origin',(-2.40054816150876,-2.30000000000001,0.26));
#11171=CARTESIAN_POINT('',(-2.40054816150876,-2.30000000000001,0.26));
#11172=CARTESIAN_POINT('',(-1.20027408075438,-2.30000000000001,0.26));
#11173=CARTESIAN_POINT('',(-2.40054816150876,-2.30000000000001,0.2601));
#11174=CARTESIAN_POINT('',(-2.40054816150876,-2.30000000000001,0.26));
#11175=CARTESIAN_POINT('',(-2.40054816150876,-2.30000000000001,0.2601));
#11176=CARTESIAN_POINT('Origin',(-2.40054816150876,-1.93968699620905,0.26));
#11177=CARTESIAN_POINT('',(-2.40054816150876,-1.93968699620905,0.26));
#11178=CARTESIAN_POINT('',(-2.40054816150876,-0.969843498104524,0.26));
#11179=CARTESIAN_POINT('',(-2.40054816150876,-1.93968699620905,0.2601));
#11180=CARTESIAN_POINT('',(-2.40054816150876,-1.93968699620905,0.26));
#11181=CARTESIAN_POINT('',(-2.40054816150876,-1.93968699620905,0.2601));
#11182=CARTESIAN_POINT('Origin',(-2.30054816150877,-1.93968699620905,0.26));
#11183=CARTESIAN_POINT('',(-1.15027408075439,-1.93968699620905,0.26));
#11184=CARTESIAN_POINT('',(-2.30054816150877,-1.93968699620905,0.2601));
#11185=CARTESIAN_POINT('Origin',(-2.35054816150877,-2.21227133161487,0.2601));
#11186=CARTESIAN_POINT('',(-2.42527408075438,-2.5,0.2601));
#11187=CARTESIAN_POINT('Origin',(-2.5,-2.5,0.26));
#11188=CARTESIAN_POINT('',(2.5,-2.5,0.26));
#11189=CARTESIAN_POINT('',(2.5,-2.5,0.26));
#11190=CARTESIAN_POINT('',(2.5,-2.5,0.52));
#11191=CARTESIAN_POINT('',(2.5,-2.5,0.26));
#11192=CARTESIAN_POINT('',(-2.5,-2.5,0.52));
#11193=CARTESIAN_POINT('',(2.5,-2.5,0.52));
#11194=CARTESIAN_POINT('',(-2.5,-2.5,0.26));
#11195=CARTESIAN_POINT('',(-2.5,-2.5,0.26));
#11196=CARTESIAN_POINT('',(2.5,-2.5,0.26));
#11197=CARTESIAN_POINT('Origin',(-1.15000000000003,-1.69999999999999,0.26));
#11198=CARTESIAN_POINT('',(-1.15000000000003,-1.69999999999999,0.26));
#11199=CARTESIAN_POINT('',(-1.45000000000004,-1.69999999999999,0.26));
#11200=CARTESIAN_POINT('',(-0.575000000000017,-1.69999999999999,0.26));
#11201=CARTESIAN_POINT('',(-1.15000000000003,-1.69999999999999,0.52));
#11202=CARTESIAN_POINT('',(-1.15000000000003,-1.69999999999999,0.26));
#11203=CARTESIAN_POINT('',(-1.45000000000004,-1.69999999999999,0.52));
#11204=CARTESIAN_POINT('',(-0.575000000000017,-1.69999999999999,0.52));
#11205=CARTESIAN_POINT('',(-1.45000000000004,-1.69999999999999,0.26));
#11206=CARTESIAN_POINT('Origin',(-1.15000000000003,-2.44999999999999,0.26));
#11207=CARTESIAN_POINT('',(-1.15000000000003,-2.44999999999999,0.26));
#11208=CARTESIAN_POINT('',(-1.15000000000003,-1.22499999999999,0.26));
#11209=CARTESIAN_POINT('',(-1.15000000000003,-2.44999999999999,0.52));
#11210=CARTESIAN_POINT('',(-1.15000000000003,-2.44999999999999,0.26));
#11211=CARTESIAN_POINT('',(-1.15000000000003,-1.22499999999999,0.52));
#11212=CARTESIAN_POINT('Origin',(-1.45000000000004,-2.44999999999999,0.26));
#11213=CARTESIAN_POINT('',(-1.45000000000004,-2.44999999999999,0.26));
#11214=CARTESIAN_POINT('',(-0.725000000000022,-2.44999999999999,0.26));
#11215=CARTESIAN_POINT('',(-1.45000000000004,-2.44999999999999,0.52));
#11216=CARTESIAN_POINT('',(-1.45000000000004,-2.44999999999999,0.26));
#11217=CARTESIAN_POINT('',(-0.725000000000022,-2.44999999999999,0.52));
#11218=CARTESIAN_POINT('Origin',(-1.45000000000004,-1.69999999999999,0.26));
#11219=CARTESIAN_POINT('',(-1.45000000000004,-0.849999999999994,0.26));
#11220=CARTESIAN_POINT('',(-1.45000000000004,-0.849999999999994,0.52));
#11221=CARTESIAN_POINT('Origin',(-0.150000000000032,-1.69999999999999,0.26));
#11222=CARTESIAN_POINT('',(-0.150000000000032,-1.69999999999999,0.26));
#11223=CARTESIAN_POINT('',(-0.150000000000032,-2.44999999999999,0.26));
#11224=CARTESIAN_POINT('',(-0.150000000000032,-0.849999999999994,0.26));
#11225=CARTESIAN_POINT('',(-0.150000000000032,-1.69999999999999,0.52));
#11226=CARTESIAN_POINT('',(-0.150000000000032,-1.69999999999999,0.26));
#11227=CARTESIAN_POINT('',(-0.150000000000032,-2.44999999999999,0.52));
#11228=CARTESIAN_POINT('',(-0.150000000000032,-0.849999999999994,0.52));
#11229=CARTESIAN_POINT('',(-0.150000000000032,-2.44999999999999,0.26));
#11230=CARTESIAN_POINT('Origin',(0.149999999999979,-1.69999999999999,0.26));
#11231=CARTESIAN_POINT('',(0.149999999999979,-1.69999999999999,0.26));
#11232=CARTESIAN_POINT('',(0.0749999999999896,-1.69999999999999,0.26));
#11233=CARTESIAN_POINT('',(0.149999999999979,-1.69999999999999,0.52));
#11234=CARTESIAN_POINT('',(0.149999999999979,-1.69999999999999,0.26));
#11235=CARTESIAN_POINT('',(0.0749999999999895,-1.69999999999999,0.52));
#11236=CARTESIAN_POINT('Origin',(0.149999999999979,-2.44999999999999,0.26));
#11237=CARTESIAN_POINT('',(0.149999999999979,-2.44999999999999,0.26));
#11238=CARTESIAN_POINT('',(0.149999999999979,-1.22499999999999,0.26));
#11239=CARTESIAN_POINT('',(0.149999999999979,-2.44999999999999,0.52));
#11240=CARTESIAN_POINT('',(0.149999999999979,-2.44999999999999,0.26));
#11241=CARTESIAN_POINT('',(0.149999999999979,-1.22499999999999,0.52));
#11242=CARTESIAN_POINT('Origin',(-0.150000000000032,-2.44999999999999,0.26));
#11243=CARTESIAN_POINT('',(-0.0750000000000161,-2.44999999999999,0.26));
#11244=CARTESIAN_POINT('',(-0.0750000000000162,-2.44999999999999,0.52));
#11245=CARTESIAN_POINT('Origin',(1.14999999999998,-1.69999999999999,0.26));
#11246=CARTESIAN_POINT('',(1.14999999999998,-1.69999999999999,0.26));
#11247=CARTESIAN_POINT('',(1.14999999999998,-2.44999999999999,0.26));
#11248=CARTESIAN_POINT('',(1.14999999999998,-0.849999999999994,0.26));
#11249=CARTESIAN_POINT('',(1.14999999999998,-1.69999999999999,0.52));
#11250=CARTESIAN_POINT('',(1.14999999999998,-1.69999999999999,0.26));
#11251=CARTESIAN_POINT('',(1.14999999999998,-2.44999999999999,0.52));
#11252=CARTESIAN_POINT('',(1.14999999999998,-0.849999999999994,0.52));
#11253=CARTESIAN_POINT('',(1.14999999999998,-2.44999999999999,0.26));
#11254=CARTESIAN_POINT('Origin',(1.44999999999999,-1.69999999999999,0.26));
#11255=CARTESIAN_POINT('',(1.44999999999999,-1.69999999999999,0.26));
#11256=CARTESIAN_POINT('',(0.724999999999996,-1.69999999999999,0.26));
#11257=CARTESIAN_POINT('',(1.44999999999999,-1.69999999999999,0.52));
#11258=CARTESIAN_POINT('',(1.44999999999999,-1.69999999999999,0.26));
#11259=CARTESIAN_POINT('',(0.724999999999996,-1.69999999999999,0.52));
#11260=CARTESIAN_POINT('Origin',(1.44999999999999,-2.44999999999999,0.26));
#11261=CARTESIAN_POINT('',(1.44999999999999,-2.44999999999999,0.26));
#11262=CARTESIAN_POINT('',(1.44999999999999,-1.22499999999999,0.26));
#11263=CARTESIAN_POINT('',(1.44999999999999,-2.44999999999999,0.52));
#11264=CARTESIAN_POINT('',(1.44999999999999,-2.44999999999999,0.26));
#11265=CARTESIAN_POINT('',(1.44999999999999,-1.22499999999999,0.52));
#11266=CARTESIAN_POINT('Origin',(1.14999999999998,-2.44999999999999,0.26));
#11267=CARTESIAN_POINT('',(0.57499999999999,-2.44999999999999,0.26));
#11268=CARTESIAN_POINT('',(0.57499999999999,-2.44999999999999,0.52));
#11269=CARTESIAN_POINT('Origin',(-2.09999999999999,2.44999999999999,0.26));
#11270=CARTESIAN_POINT('',(-2.09999999999999,2.44999999999999,0.26));
#11271=CARTESIAN_POINT('',(-2.09999999999999,1.69999999999999,0.26));
#11272=CARTESIAN_POINT('',(-2.09999999999999,1.22499999999999,0.26));
#11273=CARTESIAN_POINT('',(-2.09999999999999,2.44999999999999,0.52));
#11274=CARTESIAN_POINT('',(-2.09999999999999,2.44999999999999,0.26));
#11275=CARTESIAN_POINT('',(-2.09999999999999,1.69999999999999,0.52));
#11276=CARTESIAN_POINT('',(-2.09999999999999,1.22499999999999,0.52));
#11277=CARTESIAN_POINT('',(-2.09999999999999,1.69999999999999,0.26));
#11278=CARTESIAN_POINT('Origin',(-1.79999999999998,2.44999999999999,0.26));
#11279=CARTESIAN_POINT('',(-1.79999999999998,2.44999999999999,0.26));
#11280=CARTESIAN_POINT('',(-0.899999999999991,2.44999999999999,0.26));
#11281=CARTESIAN_POINT('',(-1.79999999999998,2.44999999999999,0.52));
#11282=CARTESIAN_POINT('',(-1.79999999999998,2.44999999999999,0.26));
#11283=CARTESIAN_POINT('',(-0.899999999999991,2.44999999999999,0.52));
#11284=CARTESIAN_POINT('Origin',(-1.79999999999998,1.69999999999999,0.26));
#11285=CARTESIAN_POINT('',(-1.79999999999998,1.69999999999999,0.26));
#11286=CARTESIAN_POINT('',(-1.79999999999998,0.849999999999994,0.26));
#11287=CARTESIAN_POINT('',(-1.79999999999998,1.69999999999999,0.52));
#11288=CARTESIAN_POINT('',(-1.79999999999998,1.69999999999999,0.26));
#11289=CARTESIAN_POINT('',(-1.79999999999998,0.849999999999994,0.52));
#11290=CARTESIAN_POINT('Origin',(-2.09999999999999,1.69999999999999,0.26));
#11291=CARTESIAN_POINT('',(-1.05,1.69999999999999,0.26));
#11292=CARTESIAN_POINT('',(-1.05,1.69999999999999,0.52));
#11293=CARTESIAN_POINT('Origin',(-0.799999999999982,2.45000000000005,0.26));
#11294=CARTESIAN_POINT('',(-0.799999999999982,2.45000000000005,0.26));
#11295=CARTESIAN_POINT('',(-0.799999999999982,1.69999999999999,0.26));
#11296=CARTESIAN_POINT('',(-0.799999999999982,1.22500000000002,0.26));
#11297=CARTESIAN_POINT('',(-0.799999999999982,2.45000000000005,0.52));
#11298=CARTESIAN_POINT('',(-0.799999999999982,2.45000000000005,0.26));
#11299=CARTESIAN_POINT('',(-0.799999999999982,1.69999999999999,0.52));
#11300=CARTESIAN_POINT('',(-0.799999999999982,1.22500000000002,0.52));
#11301=CARTESIAN_POINT('',(-0.799999999999982,1.69999999999999,0.26));
#11302=CARTESIAN_POINT('Origin',(-0.49999999999997,2.45000000000005,0.26));
#11303=CARTESIAN_POINT('',(-0.49999999999997,2.45000000000005,0.26));
#11304=CARTESIAN_POINT('',(-0.249999999999985,2.45000000000005,0.26));
#11305=CARTESIAN_POINT('',(-0.49999999999997,2.45000000000005,0.52));
#11306=CARTESIAN_POINT('',(-0.49999999999997,2.45000000000005,0.26));
#11307=CARTESIAN_POINT('',(-0.249999999999985,2.45000000000005,0.52));
#11308=CARTESIAN_POINT('Origin',(-0.49999999999997,1.70000000000005,0.26));
#11309=CARTESIAN_POINT('',(-0.49999999999997,1.70000000000005,0.26));
#11310=CARTESIAN_POINT('',(-0.49999999999997,0.850000000000023,0.26));
#11311=CARTESIAN_POINT('',(-0.49999999999997,1.70000000000005,0.52));
#11312=CARTESIAN_POINT('',(-0.49999999999997,1.70000000000005,0.26));
#11313=CARTESIAN_POINT('',(-0.49999999999997,0.850000000000023,0.52));
#11314=CARTESIAN_POINT('Origin',(-0.799999999999982,1.69999999999999,0.26));
#11315=CARTESIAN_POINT('',(-0.400000000000151,1.70000000000006,0.26));
#11316=CARTESIAN_POINT('',(-0.400000000000151,1.70000000000006,0.52));
#11317=CARTESIAN_POINT('Origin',(1.45000000000005,1.69999999999999,0.26));
#11318=CARTESIAN_POINT('',(1.45000000000005,1.69999999999999,0.26));
#11319=CARTESIAN_POINT('',(1.45000000000005,2.44999999999999,0.26));
#11320=CARTESIAN_POINT('',(1.45000000000005,0.849999999999994,0.26));
#11321=CARTESIAN_POINT('',(1.45000000000005,1.69999999999999,0.52));
#11322=CARTESIAN_POINT('',(1.45000000000005,1.69999999999999,0.26));
#11323=CARTESIAN_POINT('',(1.45000000000005,2.44999999999999,0.52));
#11324=CARTESIAN_POINT('',(1.45000000000005,0.849999999999994,0.52));
#11325=CARTESIAN_POINT('',(1.45000000000005,2.44999999999999,0.26));
#11326=CARTESIAN_POINT('Origin',(1.15000000000004,1.69999999999999,0.26));
#11327=CARTESIAN_POINT('',(1.15000000000004,1.69999999999999,0.26));
#11328=CARTESIAN_POINT('',(0.575000000000018,1.69999999999999,0.26));
#11329=CARTESIAN_POINT('',(1.15000000000004,1.69999999999999,0.52));
#11330=CARTESIAN_POINT('',(1.15000000000004,1.69999999999999,0.26));
#11331=CARTESIAN_POINT('',(0.575000000000018,1.69999999999999,0.52));
#11332=CARTESIAN_POINT('Origin',(1.15000000000004,2.44999999999999,0.26));
#11333=CARTESIAN_POINT('',(1.15000000000004,2.44999999999999,0.26));
#11334=CARTESIAN_POINT('',(1.15000000000004,1.22499999999999,0.26));
#11335=CARTESIAN_POINT('',(1.15000000000004,2.44999999999999,0.52));
#11336=CARTESIAN_POINT('',(1.15000000000004,2.44999999999999,0.26));
#11337=CARTESIAN_POINT('',(1.15000000000004,1.22499999999999,0.52));
#11338=CARTESIAN_POINT('Origin',(1.45000000000005,2.44999999999999,0.26));
#11339=CARTESIAN_POINT('',(0.725000000000024,2.44999999999999,0.26));
#11340=CARTESIAN_POINT('',(0.725000000000023,2.44999999999999,0.52));
#11341=CARTESIAN_POINT('Origin',(2.10000000000005,1.69999999999999,0.26));
#11342=CARTESIAN_POINT('',(2.10000000000005,1.69999999999999,0.26));
#11343=CARTESIAN_POINT('',(2.10000000000005,2.44999999999999,0.26));
#11344=CARTESIAN_POINT('',(2.10000000000005,0.849999999999994,0.26));
#11345=CARTESIAN_POINT('',(2.10000000000005,1.69999999999999,0.52));
#11346=CARTESIAN_POINT('',(2.10000000000005,1.69999999999999,0.26));
#11347=CARTESIAN_POINT('',(2.10000000000005,2.44999999999999,0.52));
#11348=CARTESIAN_POINT('',(2.10000000000005,0.849999999999994,0.52));
#11349=CARTESIAN_POINT('',(2.10000000000005,2.44999999999999,0.26));
#11350=CARTESIAN_POINT('Origin',(1.80000000000004,1.69999999999999,0.26));
#11351=CARTESIAN_POINT('',(1.80000000000004,1.69999999999999,0.26));
#11352=CARTESIAN_POINT('',(0.90000000000002,1.69999999999999,0.26));
#11353=CARTESIAN_POINT('',(1.80000000000004,1.69999999999999,0.52));
#11354=CARTESIAN_POINT('',(1.80000000000004,1.69999999999999,0.26));
#11355=CARTESIAN_POINT('',(0.90000000000002,1.69999999999999,0.52));
#11356=CARTESIAN_POINT('Origin',(1.80000000000004,2.44999999999999,0.26));
#11357=CARTESIAN_POINT('',(1.80000000000004,2.44999999999999,0.26));
#11358=CARTESIAN_POINT('',(1.80000000000004,1.22499999999999,0.26));
#11359=CARTESIAN_POINT('',(1.80000000000004,2.44999999999999,0.52));
#11360=CARTESIAN_POINT('',(1.80000000000004,2.44999999999999,0.26));
#11361=CARTESIAN_POINT('',(1.80000000000004,1.22499999999999,0.52));
#11362=CARTESIAN_POINT('Origin',(2.10000000000005,2.44999999999999,0.26));
#11363=CARTESIAN_POINT('',(1.05000000000003,2.44999999999999,0.26));
#11364=CARTESIAN_POINT('',(1.05000000000003,2.44999999999999,0.52));
#11365=CARTESIAN_POINT('Origin',(0.800000000000042,1.69999999999999,0.26));
#11366=CARTESIAN_POINT('',(0.800000000000042,1.69999999999999,0.26));
#11367=CARTESIAN_POINT('',(0.800000000000042,2.45000000000005,0.26));
#11368=CARTESIAN_POINT('',(0.800000000000042,0.849999999999994,0.26));
#11369=CARTESIAN_POINT('',(0.800000000000042,1.69999999999999,0.52));
#11370=CARTESIAN_POINT('',(0.800000000000042,1.69999999999999,0.26));
#11371=CARTESIAN_POINT('',(0.800000000000042,2.45000000000005,0.52));
#11372=CARTESIAN_POINT('',(0.800000000000042,0.849999999999994,0.52));
#11373=CARTESIAN_POINT('',(0.800000000000042,2.45000000000005,0.26));
#11374=CARTESIAN_POINT('Origin',(0.500000000000026,1.70000000000005,0.26));
#11375=CARTESIAN_POINT('',(0.500000000000026,1.70000000000005,0.26));
#11376=CARTESIAN_POINT('',(0.250000000000174,1.70000000000009,0.26));
#11377=CARTESIAN_POINT('',(0.500000000000026,1.70000000000005,0.52));
#11378=CARTESIAN_POINT('',(0.500000000000026,1.70000000000005,0.26));
#11379=CARTESIAN_POINT('',(0.250000000000173,1.70000000000009,0.52));
#11380=CARTESIAN_POINT('Origin',(0.500000000000026,2.45000000000005,0.26));
#11381=CARTESIAN_POINT('',(0.500000000000026,2.45000000000005,0.26));
#11382=CARTESIAN_POINT('',(0.500000000000026,1.22500000000002,0.26));
#11383=CARTESIAN_POINT('',(0.500000000000026,2.45000000000005,0.52));
#11384=CARTESIAN_POINT('',(0.500000000000026,2.45000000000005,0.26));
#11385=CARTESIAN_POINT('',(0.500000000000026,1.22500000000002,0.52));
#11386=CARTESIAN_POINT('Origin',(0.800000000000042,2.45000000000005,0.26));
#11387=CARTESIAN_POINT('',(0.400000000000021,2.45000000000005,0.26));
#11388=CARTESIAN_POINT('',(0.400000000000021,2.45000000000005,0.52));
#11389=CARTESIAN_POINT('Origin',(-1.44999999999999,2.44999999999999,0.26));
#11390=CARTESIAN_POINT('',(-1.44999999999999,2.44999999999999,0.26));
#11391=CARTESIAN_POINT('',(-1.44999999999999,1.69999999999999,0.26));
#11392=CARTESIAN_POINT('',(-1.44999999999999,1.22499999999999,0.26));
#11393=CARTESIAN_POINT('',(-1.44999999999999,2.44999999999999,0.52));
#11394=CARTESIAN_POINT('',(-1.44999999999999,2.44999999999999,0.26));
#11395=CARTESIAN_POINT('',(-1.44999999999999,1.69999999999999,0.52));
#11396=CARTESIAN_POINT('',(-1.44999999999999,1.22499999999999,0.52));
#11397=CARTESIAN_POINT('',(-1.44999999999999,1.69999999999999,0.26));
#11398=CARTESIAN_POINT('Origin',(-1.14999999999998,2.44999999999999,0.26));
#11399=CARTESIAN_POINT('',(-1.14999999999998,2.44999999999999,0.26));
#11400=CARTESIAN_POINT('',(-0.574999999999989,2.44999999999999,0.26));
#11401=CARTESIAN_POINT('',(-1.14999999999998,2.44999999999999,0.52));
#11402=CARTESIAN_POINT('',(-1.14999999999998,2.44999999999999,0.26));
#11403=CARTESIAN_POINT('',(-0.574999999999989,2.44999999999999,0.52));
#11404=CARTESIAN_POINT('Origin',(-1.14999999999998,1.69999999999999,0.26));
#11405=CARTESIAN_POINT('',(-1.14999999999998,1.69999999999999,0.26));
#11406=CARTESIAN_POINT('',(-1.14999999999998,0.849999999999994,0.26));
#11407=CARTESIAN_POINT('',(-1.14999999999998,1.69999999999999,0.52));
#11408=CARTESIAN_POINT('',(-1.14999999999998,1.69999999999999,0.26));
#11409=CARTESIAN_POINT('',(-1.14999999999998,0.849999999999994,0.52));
#11410=CARTESIAN_POINT('Origin',(-1.44999999999999,1.69999999999999,0.26));
#11411=CARTESIAN_POINT('',(-0.724999999999995,1.69999999999999,0.26));
#11412=CARTESIAN_POINT('',(-0.724999999999995,1.69999999999999,0.52));
#11413=CARTESIAN_POINT('Origin',(1.79999999999998,-1.69999999999999,0.26));
#11414=CARTESIAN_POINT('',(1.79999999999998,-1.69999999999999,0.26));
#11415=CARTESIAN_POINT('',(1.79999999999998,-2.44999999999999,0.26));
#11416=CARTESIAN_POINT('',(1.79999999999998,-0.849999999999994,0.26));
#11417=CARTESIAN_POINT('',(1.79999999999998,-1.69999999999999,0.52));
#11418=CARTESIAN_POINT('',(1.79999999999998,-1.69999999999999,0.26));
#11419=CARTESIAN_POINT('',(1.79999999999998,-2.44999999999999,0.52));
#11420=CARTESIAN_POINT('',(1.79999999999998,-0.849999999999994,0.52));
#11421=CARTESIAN_POINT('',(1.79999999999998,-2.44999999999999,0.26));
#11422=CARTESIAN_POINT('Origin',(2.1,-1.69999999999999,0.26));
#11423=CARTESIAN_POINT('',(2.1,-1.69999999999999,0.26));
#11424=CARTESIAN_POINT('',(1.05,-1.69999999999999,0.26));
#11425=CARTESIAN_POINT('',(2.1,-1.69999999999999,0.52));
#11426=CARTESIAN_POINT('',(2.1,-1.69999999999999,0.26));
#11427=CARTESIAN_POINT('',(1.05,-1.69999999999999,0.52));
#11428=CARTESIAN_POINT('Origin',(2.1,-2.44999999999999,0.26));
#11429=CARTESIAN_POINT('',(2.1,-2.44999999999999,0.26));
#11430=CARTESIAN_POINT('',(2.1,-1.22499999999999,0.26));
#11431=CARTESIAN_POINT('',(2.1,-2.44999999999999,0.52));
#11432=CARTESIAN_POINT('',(2.1,-2.44999999999999,0.26));
#11433=CARTESIAN_POINT('',(2.1,-1.22499999999999,0.52));
#11434=CARTESIAN_POINT('Origin',(1.79999999999998,-2.44999999999999,0.26));
#11435=CARTESIAN_POINT('',(0.899999999999992,-2.44999999999999,0.26));
#11436=CARTESIAN_POINT('',(0.899999999999992,-2.44999999999999,0.52));
#11437=CARTESIAN_POINT('Origin',(0.499999999999974,-1.69999999999999,0.26));
#11438=CARTESIAN_POINT('',(0.499999999999974,-1.69999999999999,0.26));
#11439=CARTESIAN_POINT('',(0.499999999999974,-2.44999999999999,0.26));
#11440=CARTESIAN_POINT('',(0.499999999999974,-0.849999999999994,0.26));
#11441=CARTESIAN_POINT('',(0.499999999999974,-1.69999999999999,0.52));
#11442=CARTESIAN_POINT('',(0.499999999999974,-1.69999999999999,0.26));
#11443=CARTESIAN_POINT('',(0.499999999999974,-2.44999999999999,0.52));
#11444=CARTESIAN_POINT('',(0.499999999999974,-0.849999999999994,0.52));
#11445=CARTESIAN_POINT('',(0.499999999999974,-2.44999999999999,0.26));
#11446=CARTESIAN_POINT('Origin',(0.799999999999985,-1.69999999999999,0.26));
#11447=CARTESIAN_POINT('',(0.799999999999985,-1.69999999999999,0.26));
#11448=CARTESIAN_POINT('',(0.399999999999993,-1.69999999999999,0.26));
#11449=CARTESIAN_POINT('',(0.799999999999985,-1.69999999999999,0.52));
#11450=CARTESIAN_POINT('',(0.799999999999985,-1.69999999999999,0.26));
#11451=CARTESIAN_POINT('',(0.399999999999993,-1.69999999999999,0.52));
#11452=CARTESIAN_POINT('Origin',(0.799999999999985,-2.44999999999999,0.26));
#11453=CARTESIAN_POINT('',(0.799999999999985,-2.44999999999999,0.26));
#11454=CARTESIAN_POINT('',(0.799999999999985,-1.22499999999999,0.26));
#11455=CARTESIAN_POINT('',(0.799999999999985,-2.44999999999999,0.52));
#11456=CARTESIAN_POINT('',(0.799999999999985,-2.44999999999999,0.26));
#11457=CARTESIAN_POINT('',(0.799999999999985,-1.22499999999999,0.52));
#11458=CARTESIAN_POINT('Origin',(0.499999999999974,-2.44999999999999,0.26));
#11459=CARTESIAN_POINT('',(0.249999999999987,-2.44999999999999,0.26));
#11460=CARTESIAN_POINT('',(0.249999999999987,-2.44999999999999,0.52));
#11461=CARTESIAN_POINT('Origin',(-0.500000000000025,-2.44999999999999,0.26));
#11462=CARTESIAN_POINT('',(-0.500000000000025,-2.44999999999999,0.26));
#11463=CARTESIAN_POINT('',(-0.500000000000025,-1.69999999999999,0.26));
#11464=CARTESIAN_POINT('',(-0.500000000000025,-1.22499999999999,0.26));
#11465=CARTESIAN_POINT('',(-0.500000000000025,-2.44999999999999,0.52));
#11466=CARTESIAN_POINT('',(-0.500000000000025,-2.44999999999999,0.26));
#11467=CARTESIAN_POINT('',(-0.500000000000025,-1.69999999999999,0.52));
#11468=CARTESIAN_POINT('',(-0.500000000000025,-1.22499999999999,0.52));
#11469=CARTESIAN_POINT('',(-0.500000000000025,-1.69999999999999,0.26));
#11470=CARTESIAN_POINT('Origin',(-0.800000000000036,-2.44999999999999,0.26));
#11471=CARTESIAN_POINT('',(-0.800000000000036,-2.44999999999999,0.26));
#11472=CARTESIAN_POINT('',(-0.400000000000018,-2.44999999999999,0.26));
#11473=CARTESIAN_POINT('',(-0.800000000000036,-2.44999999999999,0.52));
#11474=CARTESIAN_POINT('',(-0.800000000000036,-2.44999999999999,0.26));
#11475=CARTESIAN_POINT('',(-0.400000000000018,-2.44999999999999,0.52));
#11476=CARTESIAN_POINT('Origin',(-0.800000000000036,-1.69999999999999,0.26));
#11477=CARTESIAN_POINT('',(-0.800000000000036,-1.69999999999999,0.26));
#11478=CARTESIAN_POINT('',(-0.800000000000036,-0.849999999999994,0.26));
#11479=CARTESIAN_POINT('',(-0.800000000000036,-1.69999999999999,0.52));
#11480=CARTESIAN_POINT('',(-0.800000000000036,-1.69999999999999,0.26));
#11481=CARTESIAN_POINT('',(-0.800000000000036,-0.849999999999994,0.52));
#11482=CARTESIAN_POINT('Origin',(-0.500000000000025,-1.69999999999999,0.26));
#11483=CARTESIAN_POINT('',(-0.250000000000012,-1.69999999999999,0.26));
#11484=CARTESIAN_POINT('',(-0.250000000000012,-1.69999999999999,0.52));
#11485=CARTESIAN_POINT('Origin',(-1.80000000000004,-2.44999999999999,0.26));
#11486=CARTESIAN_POINT('',(-1.80000000000004,-2.44999999999999,0.26));
#11487=CARTESIAN_POINT('',(-1.80000000000004,-1.69999999999999,0.26));
#11488=CARTESIAN_POINT('',(-1.80000000000004,-1.22499999999999,0.26));
#11489=CARTESIAN_POINT('',(-1.80000000000004,-2.44999999999999,0.52));
#11490=CARTESIAN_POINT('',(-1.80000000000004,-2.44999999999999,0.26));
#11491=CARTESIAN_POINT('',(-1.80000000000004,-1.69999999999999,0.52));
#11492=CARTESIAN_POINT('',(-1.80000000000004,-1.22499999999999,0.52));
#11493=CARTESIAN_POINT('',(-1.80000000000004,-1.69999999999999,0.26));
#11494=CARTESIAN_POINT('Origin',(-2.10000000000005,-2.44999999999999,0.26));
#11495=CARTESIAN_POINT('',(-2.10000000000005,-2.44999999999999,0.26));
#11496=CARTESIAN_POINT('',(-1.05000000000002,-2.44999999999999,0.26));
#11497=CARTESIAN_POINT('',(-2.10000000000005,-2.44999999999999,0.52));
#11498=CARTESIAN_POINT('',(-2.10000000000005,-2.44999999999999,0.26));
#11499=CARTESIAN_POINT('',(-1.05000000000002,-2.44999999999999,0.52));
#11500=CARTESIAN_POINT('Origin',(-2.10000000000005,-1.69999999999999,0.26));
#11501=CARTESIAN_POINT('',(-2.10000000000005,-1.69999999999999,0.26));
#11502=CARTESIAN_POINT('',(-2.10000000000005,-0.849999999999994,0.26));
#11503=CARTESIAN_POINT('',(-2.10000000000005,-1.69999999999999,0.52));
#11504=CARTESIAN_POINT('',(-2.10000000000005,-1.69999999999999,0.26));
#11505=CARTESIAN_POINT('',(-2.10000000000005,-0.849999999999994,0.52));
#11506=CARTESIAN_POINT('Origin',(-1.80000000000004,-1.69999999999999,0.26));
#11507=CARTESIAN_POINT('',(-0.900000000000018,-1.69999999999999,0.26));
#11508=CARTESIAN_POINT('',(-0.900000000000019,-1.69999999999999,0.52));
#11509=CARTESIAN_POINT('Origin',(2.5,-2.5,0.26));
#11510=CARTESIAN_POINT('',(2.5,2.5,0.26));
#11511=CARTESIAN_POINT('',(2.5,2.5,0.26));
#11512=CARTESIAN_POINT('',(2.5,2.5,0.52));
#11513=CARTESIAN_POINT('',(2.5,2.5,0.26));
#11514=CARTESIAN_POINT('',(2.5,2.5,0.52));
#11515=CARTESIAN_POINT('Origin',(-2.5,2.5,0.26));
#11516=CARTESIAN_POINT('',(-2.5,2.5,0.26));
#11517=CARTESIAN_POINT('',(-2.5,-2.5,0.26));
#11518=CARTESIAN_POINT('',(-2.5,2.5,0.52));
#11519=CARTESIAN_POINT('',(-2.5,-2.5,0.52));
#11520=CARTESIAN_POINT('',(-2.5,2.5,0.26));
#11521=CARTESIAN_POINT('Origin',(2.5,2.5,0.26));
#11522=CARTESIAN_POINT('',(-2.5,2.5,0.26));
#11523=CARTESIAN_POINT('',(-2.5,2.5,0.52));
#11524=CARTESIAN_POINT('Origin',(2.08166817117217E-16,-3.46944695195361E-17,
0.26));
#11525=CARTESIAN_POINT('Origin',(0.,0.,0.52));
#11526=CARTESIAN_POINT('Origin',(-1.8,1.8,1.0401));
#11527=CARTESIAN_POINT('',(-1.8,1.5,1.06));
#11528=CARTESIAN_POINT('Origin',(-1.8,1.8,1.06));
#11529=CARTESIAN_POINT('',(-1.8,1.5,1.0401));
#11530=CARTESIAN_POINT('',(-1.8,1.5,1.0401));
#11531=CARTESIAN_POINT('Origin',(-1.8,1.8,1.0401));
#11532=CARTESIAN_POINT('Origin',(-1.8,1.8,1.0401));
#11533=CARTESIAN_POINT('Origin',(-2.5,2.5,1.06));
#11534=CARTESIAN_POINT('',(-2.5,2.5,1.06));
#11535=CARTESIAN_POINT('',(2.5,2.5,1.06));
#11536=CARTESIAN_POINT('',(-2.5,2.5,1.06));
#11537=CARTESIAN_POINT('',(2.5,2.5,0.26));
#11538=CARTESIAN_POINT('',(2.5,2.5,1.06));
#11539=CARTESIAN_POINT('',(-2.5,2.5,0.26));
#11540=CARTESIAN_POINT('',(-2.5,2.5,0.26));
#11541=CARTESIAN_POINT('',(-2.5,2.5,1.06));
#11542=CARTESIAN_POINT('Origin',(-2.5,-2.5,1.06));
#11543=CARTESIAN_POINT('',(-2.5,-2.5,1.06));
#11544=CARTESIAN_POINT('',(-2.5,-2.5,1.06));
#11545=CARTESIAN_POINT('',(-2.5,-2.5,0.26));
#11546=CARTESIAN_POINT('',(-2.5,-2.5,0.26));
#11547=CARTESIAN_POINT('',(-2.5,-2.5,1.06));
#11548=CARTESIAN_POINT('Origin',(2.5,-2.5,1.06));
#11549=CARTESIAN_POINT('',(2.5,-2.5,1.06));
#11550=CARTESIAN_POINT('',(2.5,-2.5,1.06));
#11551=CARTESIAN_POINT('',(2.5,-2.5,0.26));
#11552=CARTESIAN_POINT('',(2.5,-2.5,0.26));
#11553=CARTESIAN_POINT('',(2.5,-2.5,1.06));
#11554=CARTESIAN_POINT('Origin',(2.5,2.5,1.06));
#11555=CARTESIAN_POINT('',(2.5,2.5,1.06));
#11556=CARTESIAN_POINT('',(2.5,2.5,0.26));
#11557=CARTESIAN_POINT('Origin',(0.,0.,0.26));
#11558=CARTESIAN_POINT('Origin',(-2.4473359322044E-32,-1.33226762955019E-16,
1.06));
#11559=CARTESIAN_POINT('Origin',(-1.8,1.8,1.0401));
#11560=CARTESIAN_POINT('',(-1.8,1.5,1.0501));
#11561=CARTESIAN_POINT('Origin',(-1.8,1.8,1.0501));
#11562=CARTESIAN_POINT('',(-1.8,1.5,1.0401));
#11563=CARTESIAN_POINT('Origin',(-1.8,1.8,1.0401));
#11564=CARTESIAN_POINT('Origin',(-1.8,1.8,1.0501));
#11565=CARTESIAN_POINT('Origin',(-1.8,1.8,1.0401));
#11566=CARTESIAN_POINT('Origin',(-2.50000000000003,2.32554816150878,0.));
#11567=CARTESIAN_POINT('',(-2.50000000000003,2.32554816150878,0.));
#11568=CARTESIAN_POINT('',(-2.30000000000001,2.32554816150878,0.));
#11569=CARTESIAN_POINT('',(-2.50000000000003,2.32554816150878,0.));
#11570=CARTESIAN_POINT('',(-2.30000000000001,2.32554816150878,0.0001));
#11571=CARTESIAN_POINT('',(-2.30000000000001,2.32554816150878,0.));
#11572=CARTESIAN_POINT('',(-2.50000000000003,2.32554816150878,0.0001));
#11573=CARTESIAN_POINT('',(-2.50000000000003,2.32554816150878,0.0001));
#11574=CARTESIAN_POINT('',(-2.50000000000003,2.32554816150878,0.));
#11575=CARTESIAN_POINT('Origin',(-2.50000000000003,2.37554816150876,0.));
#11576=CARTESIAN_POINT('',(-2.50000000000003,2.37554816150876,0.));
#11577=CARTESIAN_POINT('',(-2.50000000000003,2.37554816150876,0.));
#11578=CARTESIAN_POINT('',(-2.50000000000003,2.37554816150876,0.0001));
#11579=CARTESIAN_POINT('',(-2.50000000000003,2.37554816150876,0.0001));
#11580=CARTESIAN_POINT('',(-2.50000000000003,2.37554816150876,0.));
#11581=CARTESIAN_POINT('Origin',(-2.30000000000001,2.37554816150879,0.));
#11582=CARTESIAN_POINT('',(-2.30000000000001,2.37554816150879,0.));
#11583=CARTESIAN_POINT('',(-2.30000000000001,2.37554816150879,0.));
#11584=CARTESIAN_POINT('',(-2.30000000000001,2.37554816150879,0.0001));
#11585=CARTESIAN_POINT('',(-2.30000000000001,2.37554816150879,0.0001));
#11586=CARTESIAN_POINT('',(-2.30000000000001,2.37554816150879,0.));
#11587=CARTESIAN_POINT('Origin',(-2.30000000000001,2.40054816150876,0.));
#11588=CARTESIAN_POINT('',(-2.30000000000001,2.40054816150876,0.));
#11589=CARTESIAN_POINT('',(-2.30000000000001,2.40054816150876,0.));
#11590=CARTESIAN_POINT('',(-2.30000000000001,2.40054816150876,0.0001));
#11591=CARTESIAN_POINT('',(-2.30000000000001,2.40054816150876,0.0001));
#11592=CARTESIAN_POINT('',(-2.30000000000001,2.40054816150876,0.));
#11593=CARTESIAN_POINT('Origin',(-1.93968699620905,2.40054816150876,0.));
#11594=CARTESIAN_POINT('',(-1.93968699620905,2.40054816150876,0.));
#11595=CARTESIAN_POINT('',(-1.93968699620905,2.40054816150876,0.));
#11596=CARTESIAN_POINT('',(-1.93968699620905,2.40054816150876,0.0001));
#11597=CARTESIAN_POINT('',(-1.93968699620905,2.40054816150876,0.0001));
#11598=CARTESIAN_POINT('',(-1.93968699620905,2.40054816150876,0.));
#11599=CARTESIAN_POINT('Origin',(-1.93968699620905,2.30054816150877,0.));
#11600=CARTESIAN_POINT('',(-1.93968699620905,2.30054816150877,0.));
#11601=CARTESIAN_POINT('',(-1.93968699620905,2.30054816150877,0.));
#11602=CARTESIAN_POINT('',(-1.93968699620905,2.30054816150877,0.0001));
#11603=CARTESIAN_POINT('',(-1.93968699620905,2.30054816150877,0.0001));
#11604=CARTESIAN_POINT('',(-1.93968699620905,2.30054816150877,0.));
#11605=CARTESIAN_POINT('Origin',(-2.30000000000001,2.30054816150877,0.));
#11606=CARTESIAN_POINT('',(-2.30000000000001,2.30054816150877,0.));
#11607=CARTESIAN_POINT('',(-2.30000000000001,2.30054816150877,0.));
#11608=CARTESIAN_POINT('',(-2.30000000000001,2.30054816150877,0.0001));
#11609=CARTESIAN_POINT('',(-2.30000000000001,2.30054816150877,0.0001));
#11610=CARTESIAN_POINT('',(-2.30000000000001,2.30054816150877,0.));
#11611=CARTESIAN_POINT('Origin',(-2.30000000000001,2.32554816150878,0.));
#11612=CARTESIAN_POINT('',(-2.30000000000001,2.32554816150878,0.));
#11613=CARTESIAN_POINT('',(-2.30000000000001,2.32554816150878,0.0001));
#11614=CARTESIAN_POINT('Origin',(-2.21227133161486,2.35054816150877,0.0001));
#11615=CARTESIAN_POINT('Origin',(-2.21227133161486,2.35054816150877,0.));
#11616=CARTESIAN_POINT('',(5.51091059616309E-17,0.3,0.1));
#11617=CARTESIAN_POINT('',(0.,0.,0.));
#11618=CARTESIAN_POINT('',(0.,0.,0.));
#11619=CARTESIAN_POINT('',(0.,0.,-0.26));
#11620=UNCERTAINTY_MEASURE_WITH_UNIT(LENGTH_MEASURE(0.01),#11632,
'DISTANCE_ACCURACY_VALUE',
'Maximum model space distance between geometric entities at asserted c
onnectivities');
#11621=UNCERTAINTY_MEASURE_WITH_UNIT(LENGTH_MEASURE(0.01),#11632,
'DISTANCE_ACCURACY_VALUE',
'Maximum model space distance between geometric entities at asserted c
onnectivities');
#11622=UNCERTAINTY_MEASURE_WITH_UNIT(LENGTH_MEASURE(0.01),#11632,
'DISTANCE_ACCURACY_VALUE',
'Maximum model space distance between geometric entities at asserted c
onnectivities');
#11623=UNCERTAINTY_MEASURE_WITH_UNIT(LENGTH_MEASURE(0.01),#11632,
'DISTANCE_ACCURACY_VALUE',
'Maximum model space distance between geometric entities at asserted c
onnectivities');
#11624=UNCERTAINTY_MEASURE_WITH_UNIT(LENGTH_MEASURE(0.01),#11632,
'DISTANCE_ACCURACY_VALUE',
'Maximum model space distance between geometric entities at asserted c
onnectivities');
#11625=UNCERTAINTY_MEASURE_WITH_UNIT(LENGTH_MEASURE(0.01),#11632,
'DISTANCE_ACCURACY_VALUE',
'Maximum model space distance between geometric entities at asserted c
onnectivities');
#11626=(
GEOMETRIC_REPRESENTATION_CONTEXT(3)
GLOBAL_UNCERTAINTY_ASSIGNED_CONTEXT((#11620))
GLOBAL_UNIT_ASSIGNED_CONTEXT((#11632,#11634,#11633))
REPRESENTATION_CONTEXT('','3D')
);
#11627=(
GEOMETRIC_REPRESENTATION_CONTEXT(3)
GLOBAL_UNCERTAINTY_ASSIGNED_CONTEXT((#11621))
GLOBAL_UNIT_ASSIGNED_CONTEXT((#11632,#11634,#11633))
REPRESENTATION_CONTEXT('','3D')
);
#11628=(
GEOMETRIC_REPRESENTATION_CONTEXT(3)
GLOBAL_UNCERTAINTY_ASSIGNED_CONTEXT((#11622))
GLOBAL_UNIT_ASSIGNED_CONTEXT((#11632,#11634,#11633))
REPRESENTATION_CONTEXT('','3D')
);
#11629=(
GEOMETRIC_REPRESENTATION_CONTEXT(3)
GLOBAL_UNCERTAINTY_ASSIGNED_CONTEXT((#11623))
GLOBAL_UNIT_ASSIGNED_CONTEXT((#11632,#11634,#11633))
REPRESENTATION_CONTEXT('','3D')
);
#11630=(
GEOMETRIC_REPRESENTATION_CONTEXT(3)
GLOBAL_UNCERTAINTY_ASSIGNED_CONTEXT((#11624))
GLOBAL_UNIT_ASSIGNED_CONTEXT((#11632,#11634,#11633))
REPRESENTATION_CONTEXT('','3D')
);
#11631=(
GEOMETRIC_REPRESENTATION_CONTEXT(3)
GLOBAL_UNCERTAINTY_ASSIGNED_CONTEXT((#11625))
GLOBAL_UNIT_ASSIGNED_CONTEXT((#11632,#11634,#11633))
REPRESENTATION_CONTEXT('','3D')
);
#11632=(
LENGTH_UNIT()
NAMED_UNIT(*)
SI_UNIT(.MILLI.,.METRE.)
);
#11633=(
NAMED_UNIT(*)
SI_UNIT($,.STERADIAN.)
SOLID_ANGLE_UNIT()
);
#11634=(
NAMED_UNIT(*)
PLANE_ANGLE_UNIT()
SI_UNIT($,.RADIAN.)
);
#11635=SHAPE_DEFINITION_REPRESENTATION(#11640,#11649);
#11636=SHAPE_DEFINITION_REPRESENTATION(#11641,#11650);
#11637=SHAPE_DEFINITION_REPRESENTATION(#11642,#11651);
#11638=SHAPE_DEFINITION_REPRESENTATION(#11643,#11652);
#11639=SHAPE_DEFINITION_REPRESENTATION(#11644,#11653);
#11640=PRODUCT_DEFINITION_SHAPE('',$,#11655);
#11641=PRODUCT_DEFINITION_SHAPE('',$,#11656);
#11642=PRODUCT_DEFINITION_SHAPE('',$,#11657);
#11643=PRODUCT_DEFINITION_SHAPE('',$,#11658);
#11644=PRODUCT_DEFINITION_SHAPE('',$,#11659);
#11645=PRODUCT_DEFINITION_SHAPE($,$,#27);
#11646=PRODUCT_DEFINITION_SHAPE($,$,#28);
#11647=PRODUCT_DEFINITION_SHAPE($,$,#29);
#11648=PRODUCT_DEFINITION_SHAPE($,$,#30);
#11649=SHAPE_REPRESENTATION('',(#6922,#7587,#7588,#7589,#7590),#11626);
#11650=SHAPE_REPRESENTATION('',(#6923),#11627);
#11651=SHAPE_REPRESENTATION('',(#7415),#11628);
#11652=SHAPE_REPRESENTATION('',(#7458),#11629);
#11653=SHAPE_REPRESENTATION('',(#7495),#11630);
#11654=PRODUCT_DEFINITION_CONTEXT('part definition',#11671,'design');
#11655=PRODUCT_DEFINITION('Product','Product',#11660,#11654);
#11656=PRODUCT_DEFINITION('PG-TFLGA-13-1_LOGO','PG-TFLGA-13-1_LOGO',#11661,
#11654);
#11657=PRODUCT_DEFINITION('PG-TFLGA-13-1_EXPOSED_LEAD_1',
'PG-TFLGA-13-1_EXPOSED_LEAD_1',#11662,#11654);
#11658=PRODUCT_DEFINITION('PG-TFLGA-13-1_EXPOSED_LEAD_4',
'PG-TFLGA-13-1_EXPOSED_LEAD_4',#11663,#11654);
#11659=PRODUCT_DEFINITION('PG-TFLGA-13-1_BOTTOM_SUBSTRATE',
'PG-TFLGA-13-1_BOTTOM_SUBSTRATE',#11664,#11654);
#11660=PRODUCT_DEFINITION_FORMATION('',$,#11673);
#11661=PRODUCT_DEFINITION_FORMATION('',$,#11674);
#11662=PRODUCT_DEFINITION_FORMATION('',$,#11675);
#11663=PRODUCT_DEFINITION_FORMATION('',$,#11676);
#11664=PRODUCT_DEFINITION_FORMATION('',$,#11677);
#11665=PRODUCT_RELATED_PRODUCT_CATEGORY('Product','Product',(#11673));
#11666=PRODUCT_RELATED_PRODUCT_CATEGORY('PG-TFLGA-13-1_LOGO',
'PG-TFLGA-13-1_LOGO',(#11674));
#11667=PRODUCT_RELATED_PRODUCT_CATEGORY('PG-TFLGA-13-1_EXPOSED_LEAD_1',
'PG-TFLGA-13-1_EXPOSED_LEAD_1',(#11675));
#11668=PRODUCT_RELATED_PRODUCT_CATEGORY('PG-TFLGA-13-1_EXPOSED_LEAD_4',
'PG-TFLGA-13-1_EXPOSED_LEAD_4',(#11676));
#11669=PRODUCT_RELATED_PRODUCT_CATEGORY(
'PG-TFLGA-13-1_BOTTOM_SUBSTRATE','PG-TFLGA-13-1_BOTTOM_SUBSTRATE',(#11677));
#11670=APPLICATION_PROTOCOL_DEFINITION('international standard',
'automotive_design',2009,#11671);
#11671=APPLICATION_CONTEXT(
'Core Data for Automotive Mechanical Design Process');
#11672=PRODUCT_CONTEXT('part definition',#11671,'mechanical');
#11673=PRODUCT('Product','Product',$,(#11672));
#11674=PRODUCT('PG-TFLGA-13-1_LOGO','PG-TFLGA-13-1_LOGO',$,(#11672));
#11675=PRODUCT('PG-TFLGA-13-1_EXPOSED_LEAD_1',
'PG-TFLGA-13-1_EXPOSED_LEAD_1',$,(#11672));
#11676=PRODUCT('PG-TFLGA-13-1_EXPOSED_LEAD_4',
'PG-TFLGA-13-1_EXPOSED_LEAD_4',$,(#11672));
#11677=PRODUCT('PG-TFLGA-13-1_BOTTOM_SUBSTRATE',
'PG-TFLGA-13-1_BOTTOM_SUBSTRATE',$,(#11672));
#11678=PRESENTATION_STYLE_ASSIGNMENT((#11685));
#11679=PRESENTATION_STYLE_ASSIGNMENT((#11686));
#11680=PRESENTATION_STYLE_ASSIGNMENT((#11687));
#11681=PRESENTATION_STYLE_ASSIGNMENT((#11688));
#11682=PRESENTATION_STYLE_ASSIGNMENT((#11689));
#11683=PRESENTATION_STYLE_ASSIGNMENT((#11690));
#11684=PRESENTATION_STYLE_ASSIGNMENT((#11691));
#11685=SURFACE_STYLE_USAGE(.BOTH.,#11692);
#11686=SURFACE_STYLE_USAGE(.BOTH.,#11693);
#11687=SURFACE_STYLE_USAGE(.BOTH.,#11694);
#11688=SURFACE_STYLE_USAGE(.BOTH.,#11695);
#11689=SURFACE_STYLE_USAGE(.BOTH.,#11696);
#11690=SURFACE_STYLE_USAGE(.BOTH.,#11697);
#11691=SURFACE_STYLE_USAGE(.BOTH.,#11698);
#11692=SURFACE_SIDE_STYLE('',(#11699));
#11693=SURFACE_SIDE_STYLE('',(#11700));
#11694=SURFACE_SIDE_STYLE('',(#11701));
#11695=SURFACE_SIDE_STYLE('',(#11702));
#11696=SURFACE_SIDE_STYLE('',(#11703));
#11697=SURFACE_SIDE_STYLE('',(#11704));
#11698=SURFACE_SIDE_STYLE('',(#11705));
#11699=SURFACE_STYLE_FILL_AREA(#11706);
#11700=SURFACE_STYLE_FILL_AREA(#11707);
#11701=SURFACE_STYLE_FILL_AREA(#11708);
#11702=SURFACE_STYLE_FILL_AREA(#11709);
#11703=SURFACE_STYLE_FILL_AREA(#11710);
#11704=SURFACE_STYLE_FILL_AREA(#11711);
#11705=SURFACE_STYLE_FILL_AREA(#11712);
#11706=FILL_AREA_STYLE('',(#11713));
#11707=FILL_AREA_STYLE('',(#11714));
#11708=FILL_AREA_STYLE('',(#11715));
#11709=FILL_AREA_STYLE('',(#11716));
#11710=FILL_AREA_STYLE('',(#11717));
#11711=FILL_AREA_STYLE('',(#11718));
#11712=FILL_AREA_STYLE('',(#11719));
#11713=FILL_AREA_STYLE_COLOUR('',#11720);
#11714=FILL_AREA_STYLE_COLOUR('',#11721);
#11715=FILL_AREA_STYLE_COLOUR('',#11722);
#11716=FILL_AREA_STYLE_COLOUR('',#11723);
#11717=FILL_AREA_STYLE_COLOUR('',#11724);
#11718=FILL_AREA_STYLE_COLOUR('',#11725);
#11719=FILL_AREA_STYLE_COLOUR('',#11726);
#11720=COLOUR_RGB('',1.,0.,0.);
#11721=COLOUR_RGB('',1.,1.,1.);
#11722=COLOUR_RGB('',0.831372549019608,0.831372549019608,0.831372549019608);
#11723=COLOUR_RGB('',0.0509803921568627,0.615686274509804,0.0509803921568627);
#11724=COLOUR_RGB('',0.329411764705882,0.329411764705882,0.329411764705882);
#11725=COLOUR_RGB('',1.,1.,1.);
#11726=COLOUR_RGB('',1.,0.501960784313725,0.);
ENDSEC;
END-ISO-10303-21;
